Date,HK,KL,NTE,NTW
2020/03/22,186,171.35,190.38,161.68
2020/03/15,184.57,173.21,187.54,160.55
2020/03/08,180.49,171.55,185.92,161.33
2020/03/01,179.11,174.58,185.7,163.11
2020/02/23,183.51,176.89,186.23,164.03
2020/02/16,184.25,176.82,187.05,166.17
2020/02/09,183.93,177.92,188.03,164.51
2020/02/02,185.93,176.07,187.2,163.92
2020/01/26,186.12,174.53,188.03,163.61
2020/01/19,184.5,173.47,190.13,163.45
2020/01/12,181.92,173.72,188.05,161.44
2020/01/05,185.49,172.16,189.01,162.4
2019/12/29,188.54,172.13,189.82,164.23
2019/12/22,187.81,174.17,188.53,161
2019/12/15,191.63,175.12,187.81,162.18
2019/12/08,189.69,176.92,186.34,161.18
2019/12/01,190.3,177.8,187.5,161.98
2019/11/24,190.38,179.7,189.95,163.54
2019/11/17,190.33,177.65,191.39,163.62
2019/11/10,190.83,178.75,191.68,166.23
2019/11/03,185,176.45,190.01,163.56
2019/10/27,184.53,175.82,191.5,161.33
2019/10/20,185.22,176.74,192.13,163.95
2019/10/13,183.18,177.06,192.53,167.09
2019/10/06,186.64,178.15,193.18,163.92
2019/09/29,188.16,179.74,191.37,167.05
2019/09/22,187.68,180.72,194.33,166.27
2019/09/15,189.15,181.18,195.06,166.14
2019/09/08,195.37,182.5,194.45,166.48
2019/09/01,195.09,181.59,198.46,167.49
2019/08/25,197.01,187.29,199.89,167.7
2019/08/18,197.41,188.04,199.98,168.19
2019/08/11,197.37,186.41,199.07,170.22
2019/08/04,196.16,188.63,197.31,171.73
2019/07/28,196.73,188.08,198.55,172.89
2019/07/21,198.27,187.56,202.27,169.67
2019/07/14,194.85,187.42,200.06,172.45
2019/07/07,198.84,186.73,199.59,172.11
2019/06/30,199.24,185.72,199.35,174.59
2019/06/23,188.53,187.5,199.95,171.39
2019/06/16,186.87,185.51,201,170.71
2019/06/09,188.26,183.79,200.87,170.67
2019/06/02,196.96,185.11,200.59,170.66
2019/05/26,197.46,188.21,198.95,172.46
2019/05/19,196.39,188.36,200.85,170.03
2019/05/12,197.57,184.34,200.51,169.1
2019/05/05,195.19,187.91,197.23,167.18
2019/04/28,191.86,184.34,197.81,166.54
2019/04/21,192.59,182.88,192.93,165.11
2019/04/14,190.72,180.68,187.21,165.49
2019/04/07,189.4,179.11,190.51,162.36
2019/03/31,188.2,176.36,191.15,163.69
2019/03/24,184.98,175.3,188.44,162.84
2019/03/17,178.86,173.27,186.82,161.86
2019/03/10,178.64,172.11,185.45,158.97
2019/03/03,179.22,170.25,182.71,156.49
2019/02/24,178.45,169.88,183.3,155.9
2019/02/17,178.15,168.98,182.64,154.2
2019/02/10,177.08,165.65,181.21,156.12
2019/02/03,177.6,166.74,177.54,154.46
2019/01/27,178.18,167.98,176.26,156.82
2019/01/20,178.92,166.65,180.25,154.02
2019/01/13,176.09,166.55,179.8,155.34
2019/01/06,176.29,168.63,183.86,158.03
2018/12/30,182.43,172.59,181.06,159.55
2018/12/23,182.36,172.87,181.04,158.56
2018/12/16,182.59,172.82,184.74,156.85
2018/12/09,182.9,172.81,188.37,158.31
2018/12/02,184.03,174.31,189.1,160.07
2018/11/25,182.1,176.19,189.92,162.68
2018/11/18,182.6,178.37,190.45,166.11
2018/11/11,184.97,180.07,191.79,166.26
2018/11/04,188.35,183.6,192.04,168.66
2018/10/28,187.75,186.05,193.65,169.94
 2018/10/21,190.69,186.12,194.31,171.27
 2018/10/14,191.59,185.06,196.46,171.85
 2018/10/07,191.41,184.39,203.23,169.44
 2018/09/30,191.47,185.16,203.69,168.8
 2018/09/23,191.72,185.34,205.14,168.73
 2018/09/16,191.7,184.5,206.8,168.79
 2018/09/09,192.3,184.64,207.29,169.36
 2018/09/02,192.52,188.71,207.53,170.16
 2018/08/26,193.43,187.43,208.82,171.48
 2018/08/19,193.13,184.26,206.22,172.34
 2018/08/12,193.89,185.84,206.36,173.58
 2018/08/05,192.96,184.88,204.81,174.72
 2018/07/29,194.29,185.36,205.03,176.99
 2018/07/22,193.25,183.79,205.13,176.43
 2018/07/15,197.99,182.45,203.36,172.4
 2018/07/08,195.36,184.53,204.83,173.22
 2018/07/01,195.47,182.65,203.95,171.73
 2018/06/24,195.75,181.66,201.96,170.32
 2018/06/17,190.12,181.45,201.96,169.11
 2018/06/10,189.95,180.05,199.34,166.74
 2018/06/03,190,179.46,198.17,164.63
 2018/05/27,192.54,175.6,197.86,164.06
 2018/05/20,188.74,175.94,195.81,165.01
 2018/05/13,187.79,181.92,192.07,165.17
 2018/05/06,189.52,181.71,191.86,163.71
 2018/04/29,189.55,180.67,189.12,161.94
 2018/04/22,184.99,177.28,189,161.8
 2018/04/15,187.16,174.14,191.72,162.01
 2018/04/08,181.04,174.25,187.41,160.72
 2018/04/01,184.07,174.84,186.22,159.53
 2018/03/25,182.01,169.84,181.48,157.08
 2018/03/18,184.55,167.53,181.3,161.23
 2018/03/11,179.71,165.94,182.39,155.79
 2018/03/04,180.42,168.35,180.28,157.71
 2018/02/25,180.1,167.14,180.42,154.94
 2018/02/18,178.62,169.19,182.04,155.7
 2018/02/11,176.05,165.61,180.4,154.43
 2018/02/04,175.38,165.71,178.95,153.11
 2018/01/28,178.02,162.2,178.54,155.14
 2018/01/21,176.49,163.73,177.52,153.5
 2018/01/14,177,165.49,177.59,150.34
 2018/01/07,173.08,163.25,174.08,151.52
 2017/12/31,172.75,162.9,172.73,151.31
 2017/12/24,176.92,164.18,171.43,150.93
 2017/12/17,171.83,164.66,173.4,153.17
 2017/12/10,172.7,161.67,174.33,151.85
 2017/12/03,174.92,159.72,172.71,150.26
 2017/11/26,172.96,161.5,171.71,150.09
 2017/11/19,174.01,160.56,170.63,146.49
 2017/11/12,169.5,161.26,174.79,149.05
 2017/11/05,173.3,158.85,172.03,147.36
 2017/10/29,164.17,157,167.37,148.72
 2017/10/22,169.3,156.73,171.31,147.19
 2017/10/15,167.83,160.21,170.33,146.59
 2017/10/08,167.9,158.27,169.48,146.62
 2017/10/01,169.14,158.27,169.96,146.77
 2017/09/24,169.84,158.07,170.47,146.47
 2017/09/17,168.92,156.97,170.41,144.65
 2017/09/10,169.79,157.06,171.24,146.47
 2017/09/03,169.01,155.83,169.49,150.48
 2017/08/27,175.12,156.99,167.73,146.52
 2017/08/20,169.54,159.89,167.69,146.66
 2017/08/13,170.3,157.9,166.56,145.73
 2017/08/06,169.98,157.08,166.68,145.53
 2017/07/30,168.33,156.32,171.59,147.34
 2017/07/23,171.38,154.41,170.09,146.1
 2017/07/16,171.42,151.7,171.73,145.49
 2017/07/09,172.07,152.58,171.91,145.24
 2017/07/02,172.67,155.19,171.24,142.94
 2017/06/25,173.8,155.2,170.3,143.91
 2017/06/18,170.73,156.64,168.12,142.8
 2017/06/11,171.61,157.08,169.03,144.71
 2017/06/04,169.79,156.62,168.32,144.03
 2017/05/28,170.1,157.46,167.56,143.35
 2017/05/21,171.86,156.84,167.3,140.16
 2017/05/14,168.89,153.77,165.89,141.86
 2017/05/07,163.95,156.75,163.56,144.5
 2017/04/30,166.39,153.43,166.36,139.51
 2017/04/23,165.45,152.89,162.97,139.22
 2017/04/16,163.06,148.57,165.18,138.15
 2017/04/09,164.97,148.01,164.66,136.44
 2017/04/02,163.93,148.67,163.18,137.49
 2017/03/26,164.23,148.09,157.19,136.98
 2017/03/19,163.2,147.81,157.95,137.05
 2017/03/12,164.34,145.52,156.73,133.71
 2017/03/05,161.51,146.03,154.98,133.36
 2017/02/26,157.36,148.35,156.05,131.64
 2017/02/19,159.82,147.78,152.17,130.15
 2017/02/12,157.9,147.04,152.34,129.55
 2017/02/05,158.18,146.8,151.27,130.44
 2017/01/29,157.28,144.76,150.89,131.14
 2017/01/22,157.67,145.26,155.56,131.67
 2017/01/15,152.39,143.77,153.54,130.1
 2017/01/08,151.32,143.11,153.92,129.61
 2017/01/01,154.65,140.63,152.21,131.85
 2016/12/25,158.59,142.43,151.46,132.6
 2016/12/18,156.33,141.52,153.81,129.95
 2016/12/11,156.25,143.96,150.69,127.77
 2016/12/04,155.98,142.51,151.33,128.3
 2016/11/27,156.72,141.22,151.32,129.33
 2016/11/20,154.97,142.04,150.72,129.15
 2016/11/13,155.25,143.94,149.49,127.59
 2016/11/06,153.62,141.57,153.27,127.86
 2016/10/30,152.48,142.56,152.13,126.11
 2016/10/23,154.88,141.07,153.17,128.12
 2016/10/16,153.72,138.19,149.18,125.63
 2016/10/09,153.63,137.1,149.97,126.59
 2016/10/02,151.44,139.04,147.63,123.96
 2016/09/25,149.21,135.29,145.39,120.86
 2016/09/18,149.26,136.9,147.18,121.72
 2016/09/11,145.47,133.97,146.33,121.38
 2016/09/04,147.35,135.07,146.15,121.87
 2016/08/28,149.57,133.33,144.53,120.26
 2016/08/21,141.32,130.44,143.54,119.7
 2016/08/14,142.18,130.34,144.05,118.92
 2016/08/07,139.47,128.41,140.52,117.83
 2016/07/31,142.09,128.06,139.19,116.42
 2016/07/24,139.8,127.93,136.66,117.31
 2016/07/17,139.82,129.1,136.63,115.53
 2016/07/10,138.75,127.9,136.31,115.85
 2016/07/03,138.02,126.41,135.12,115.27
 2016/06/26,138.02,128.03,137.34,114.66
 2016/06/19,136.02,128.36,136.93,115.32
 2016/06/12,137.75,127.62,135.49,114.29
 2016/06/05,137.15,125.84,134.84,115.3
 2016/05/29,135.02,126.84,135.18,114.48
 2016/05/22,133.46,128.73,135.16,113.95
 2016/05/15,135.41,127.21,134.25,114.64
 2016/05/08,135.61,125.72,134.52,116.28
 2016/05/01,135.38,127.1,134.5,115.1
 2016/04/24,137.73,125.28,135.58,116.98
 2016/04/17,138.71,122.97,134.18,113.92
 2016/04/10,137.92,123.33,133.03,116.75
 2016/04/03,135.47,125.43,134.02,113.56
 2016/03/27,133.76,124.02,134.74,113.47
 2016/03/20,137.17,124.91,133.05,113.94
 2016/03/13,137.22,124.25,132.99,111.26
 2016/03/06,137.24,126.89,134.39,115.92
 2016/02/28,141.56,128.4,135.05,115.59
 2016/02/21,140.23,127.69,134.92,114.85
 2016/02/14,140.5,126.35,135.62,115.44
 2016/02/07,140.77,126.66,136.92,115.96
 2016/01/31,142.17,126.78,137.5,118.2
 2016/01/24,144.88,128.54,139.37,118.45
 2016/01/17,147.75,132.15,140.47,119.31
 2016/01/10,143.99,133.06,137.85,120.96
 2016/01/03,144.87,133.6,140.81,120.48
 2015/12/27,144.28,132.12,141.69,122.91
 2015/12/20,145.22,133.6,142.95,123.58
 2015/12/13,147.59,134.55,145.27,123.66
 2015/12/06,151.65,134.85,144.7,123.54
 2015/11/29,152.81,136.24,146.68,125
 2015/11/22,149.93,137.77,146.12,127.13
 2015/11/15,153.11,138.62,147.28,125.67
 2015/11/08,154.84,138.66,145.57,128.2
 2015/11/01,155.42,136.59,145.95,127.68
 2015/10/25,154.91,138.38,150.32,127.51
 2015/10/18,155.47,141.45,151.6,127.8
 2015/10/11,155.3,143.22,150.19,128.53
 2015/10/04,159.76,143.52,151.37,131.16
 2015/09/27,159.84,144.28,151.33,127.63
 2015/09/20,160.47,143.68,153.49,129.65
 2015/09/13,159.87,144.57,154.31,129.45
 2015/09/06,157.86,143.83,154.88,130.88
 2015/08/30,159.73,142.18,153.95,131.77
 2015/08/23,157.31,142.54,152.28,129.07
 2015/08/16,155.34,143.94,152.06,130.32
 2015/08/09,154.77,142.46,151.04,130.27
 2015/08/02,159.8,142.85,152.35,130.25
 2015/07/26,159.56,143.43,151.16,128.43
 2015/07/19,155.01,141.08,148.68,128.17
 2015/07/12,153.1,139.35,149.31,130.69
 2015/07/05,155.34,141.06,150.12,126.99
 2015/06/28,154.79,144.59,149.25,125.06
 2015/06/21,152.43,140.1,147.9,127.05
 2015/06/14,151.99,139.51,149.56,129.47
 2015/06/07,153.19,141.09,151.52,126.8
 2015/05/31,154.58,138.49,149.75,125.5
 2015/05/24,148.26,139.44,148.91,124.88
 2015/05/17,149.57,140.73,148.3,124.23
 2015/05/10,150.35,141.09,147.59,124.69
 2015/05/03,150.97,142.33,146.75,125.15
 2015/04/26,151.59,139.91,147.57,124.23
 2015/04/19,151.28,139.65,143.36,122.58
 2015/04/12,151.49,142.11,144.67,125.49
 2015/04/05,153.64,142.64,146.11,124.73
 2015/03/29,147.96,139.15,143.8,125.24
 2015/03/22,151.43,138.16,144.86,125.75
 2015/03/15,147.42,138.11,144.79,125.66
 2015/03/08,146.98,138.84,145.22,123.94
 2015/03/01,146.51,134.93,144.37,123.27
 2015/02/22,145.02,135.43,139.5,121.69
 2015/02/15,146.43,135.4,143.95,122.38
 2015/02/08,146.67,135.05,140.19,120.61
 2015/02/01,145.36,137.82,138.99,120.97
 2015/01/25,141.11,132.39,140.01,120.55
 2015/01/18,144.38,132.82,139.38,118.61
 2015/01/11,140.93,133.79,139.29,116.4
 2015/01/04,142.4,133.92,135.23,117.53
 2014/12/28,140.78,132.92,136.71,116.08
 2014/12/21,141.95,134.47,135.93,114.16
 2014/12/14,140.91,133.54,136.74,116.71
 2014/12/07,143.2,129.77,135.47,115.29
 2014/11/30,139.74,130.09,133.95,114.58
 2014/11/23,138.55,130.3,135.35,114.82
 2014/11/16,138.58,130.08,134.08,113.81
 2014/11/09,137.81,129.37,133.72,114.2
 2014/11/02,135.53,128.37,136.02,114.93
 2014/10/26,140.31,126.39,132.5,114.45
 2014/10/19,140.12,126.58,133.08,114.32
 2014/10/12,141.76,128.16,133.02,111.82
 2014/10/05,139.01,126.16,132.53,109.63
 2014/09/28,137.25,126.7,133.93,109.66
 2014/09/21,137.32,126.35,130.45,110.99
 2014/09/14,136.44,126.04,131.75,109.42
 2014/09/07,134.39,125.48,131.92,108.61
 2014/08/31,138.21,125.61,130.96,107.9
 2014/08/24,136.05,126.25,127.71,108.42
 2014/08/17,136.08,124.36,127.62,106.92
 2014/08/10,135.79,125,126.35,107.26
 2014/08/03,134.14,122.71,125.4,107.12
 2014/07/27,131.19,124.28,127.91,106.66
 2014/07/20,131.29,122.49,127.24,107.28
 2014/07/13,133.52,122.91,125.83,105.87
 2014/07/06,134.22,122.73,125.94,104.69
 2014/06/29,130.21,119.85,126.6,103.46
 2014/06/22,130.83,118.92,125.5,103.44
 2014/06/15,130.09,119.15,122.59,100.41
 2014/06/08,129.14,118.05,120.4,101.44
 2014/06/01,126.84,115.66,124.03,100.88
 2014/05/25,125.97,119.2,121.78,100.86
 2014/05/18,126.51,116.58,120.53,100.91
 2014/05/11,125.87,117.97,120.31,100.53
 2014/05/04,126.68,115.47,119.75,100.54
 2014/04/27,129.8,115.09,119.6,98.93
 2014/04/20,128.73,115.5,119.49,99.03
 2014/04/13,129.78,115.89,119.62,99.35
 2014/04/06,128.82,115.98,120.22,100.17
 2014/03/30,125.83,114.68,121.4,98.3
 2014/03/23,127.38,117.4,120.07,98.98
 2014/03/16,126.66,118.44,120.02,97.93
 2014/03/09,126.72,114.5,118.7,98.65
 2014/03/02,128.12,115.7,119.38,98.36
 2014/02/23,126.65,116.86,117.43,98.78
 2014/02/16,124.02,116.45,118.84,100.54
 2014/02/09,124.98,117.25,119.73,100.59
 2014/02/02,125.6,116.7,119.91,100.43
 2014/01/26,124.03,116.13,119.28,99.97
 2014/01/19,126.58,115.6,118.85,100.88
 2014/01/12,126.01,116.15,118.26,98.95
 2014/01/05,126.31,119.77,119.12,99.1
 2013/12/29,124.22,121.06,119.55,99.93
 2013/12/22,124.83,118.45,120.3,100.92
 2013/12/15,123.89,117.65,119.7,101.93
 2013/12/08,125.69,119.4,120.11,99.99
 2013/12/01,125.71,121.04,119.66,99.63
 2013/11/24,129.52,119.73,120.61,100.75
 2013/11/17,129.68,119.73,119.46,100.27
 2013/11/10,128.6,120.38,119.09,99.93
 2013/11/03,131.38,119.06,122.26,100.09
 2013/10/27,127.99,117.71,121.73,100.7
 2013/10/20,128.78,118.58,120.44,102.33
 2013/10/13,129.37,117.72,121.14,101.18
 2013/10/06,129.28,118.64,119.18,100.63
 2013/09/29,129.56,118.55,121,100.97
 2013/09/22,133.85,117.3,120.84,102.78
 2013/09/15,134.03,116.49,120.68,102.88
 2013/09/08,134.33,118.5,121.59,103.05
 2013/09/01,131.47,118.61,121.02,102.98
 2013/08/25,130.04,117.52,120.09,101.52
 2013/08/18,128.61,118.83,120.14,102.91
 2013/08/11,129.31,117.46,118.41,101.51
 2013/08/04,129.72,118.25,120.54,102.97
 2013/07/28,129.91,119.82,121.28,102.45
 2013/07/21,128.93,120.67,120.38,103.23
 2013/07/14,126.94,121.8,119.34,102.46
 2013/07/07,124.54,120.94,117.43,104.63
 2013/06/30,131.73,121.51,119.62,104.22
 2013/06/23,131.31,120.75,118.44,102.63
 2013/06/16,128.07,118.12,119.65,101.33
 2013/06/09,130.23,118.71,118.41,102.31
 2013/06/02,127.78,119.63,117.37,101.49
 2013/05/26,128.72,117.43,117.82,101.06
 2013/05/19,128.8,116.67,118.94,99.46
 2013/05/12,128.94,116.99,117.24,98.9
 2013/05/05,127.83,117.05,117.39,99.97
 2013/04/28,127.85,117.94,117.69,100.54
 2013/04/21,128.91,116.95,116.41,99.84
 2013/04/14,129.86,117.41,119.47,102.97
 2013/04/07,130.26,122.18,119.22,104.07
 2013/03/31,131.15,123.49,121.14,103.9
 2013/03/24,131.77,123.55,121.85,104.71
 2013/03/17,132.29,123.93,121.64,104.75
 2013/03/10,129.27,123.24,121.55,102.93
 2013/03/03,129.77,122.39,119.48,104.13
 2013/02/24,130.82,122.13,118.18,102.82
 2013/02/17,130.55,120.51,119.01,102
 2013/02/10,131.65,120.18,118.84,101.8
 2013/02/03,129.7,121.06,117.19,99.81
 2013/01/27,128.4,117.76,116.78,98.72
 2013/01/20,125.88,118.21,115.71,97.68
 2013/01/13,123.71,114.33,112.73,97.79
 2013/01/06,123.38,114.33,111.62,97.37
 2012/12/30,125.7,113.07,114.3,96.08
 2012/12/23,124.91,112.63,113.21,95.66
 2012/12/16,124.04,114.42,112.83,94.07
 2012/12/09,121.88,113.62,113.16,96.22
 2012/12/02,119.86,114.48,111.72,95.53
 2012/11/25,123.3,113.73,110.23,95.8
 2012/11/18,125.34,113.55,113.75,96.48
 2012/11/11,124.36,115.22,112.99,95.32
 2012/11/04,122.85,114.77,112.88,96.19
 2012/10/28,123.67,111.82,109.93,94.93
 2012/10/21,120.35,109.84,108.93,94.14
 2012/10/14,119.16,108.84,108.44,93.26
 2012/10/07,118.73,109.87,106.39,92.78
 2012/09/30,121.11,106.9,105.34,91.96
 2012/09/23,118.58,108.76,106.52,89.03
 2012/09/16,113.26,107.89,106.17,89.17
 2012/09/09,117.21,108.56,104.29,88.7
 2012/09/02,117.11,106.75,103.25,87.14
 2012/08/26,116.5,105.8,102.29,86.94
 2012/08/19,117.33,106.25,101.59,86.01
 2012/08/12,116.03,105.9,101.68,86.44
 2012/08/05,114.22,104.59,100.62,84.79
 2012/07/29,116.93,103.97,100.94,83.8
 2012/07/22,114.54,103.29,99.36,81.5
 2012/07/15,112.98,102.8,98.24,82.26
 2012/07/08,114.77,102.26,99.87,83.7
 2012/07/01,116.71,102.7,99.77,84.13
 2012/06/24,115.46,101.99,98.34,84.14
 2012/06/17,114.45,101.4,97.97,85.01
 2012/06/10,112.55,102.4,96.87,83.88
 2012/06/03,115.2,101.74,96.68,83.8
 2012/05/27,114.16,102.4,96.68,83.62
 2012/05/20,114.18,103.11,98.19,82.45
 2012/05/13,111.67,103.52,98.04,83.14
 2012/05/06,112.1,103.65,97.36,82.62
 2012/04/29,109.57,99.74,96.45,81.26
 2012/04/22,112.99,99.86,96.59,81.69
 2012/04/15,113.8,100.8,96.71,82.1
 2012/04/08,112.24,100.35,95.97,81.1
 2012/04/01,112.3,99.77,95.55,79.61
 2012/03/25,110.78,98.1,94.69,79.33
 2012/03/18,107.99,98.25,93.52,78.17
 2012/03/11,106.9,96.39,93.15,77.99
 2012/03/04,105.64,93.92,92.29,77.45
 2012/02/26,104.4,92.83,90.84,76.61
 2012/02/19,103.35,92.7,89.7,74.11
 2012/02/12,102.97,93.92,89.74,75.59
 2012/02/05,103.19,93.95,89.19,75.42
 2012/01/29,103.34,92.05,88.46,75.3
 2012/01/22,103.17,91.16,90.2,76.75
 2012/01/15,102.95,91.2,89.86,75.06
 2012/01/08,101.15,91.27,89.16,75.84
 2012/01/01,100.58,94.95,90.47,75.48
 2011/12/25,104.07,95.52,90.94,76.35
 2011/12/18,104.36,96.02,88.41,77.39
 2011/12/11,106.45,95.14,90.79,76.13
 2011/12/04,107.24,97.35,91.21,75.91
 2011/11/27,105.5,95.3,91.93,76.06
 2011/11/20,103.29,97.21,92.07,76.68
 2011/11/13,105.73,95.34,92.37,76.36
 2011/11/06,105.89,93.76,91.79,76.97
 2011/10/30,106.67,94.69,92.23,77.63
 2011/10/23,107.48,93.27,92.51,77.37
 2011/10/16,108.23,93.33,92.37,78.18
 2011/10/09,109,93.77,93.71,78.64
 2011/10/02,110.65,95.34,95.03,77.85
 2011/09/25,109.93,94.94,92.27,77.44
 2011/09/18,106.67,95.17,91.63,76.98
 2011/09/11,108.38,94.41,91.5,76.91
 2011/09/04,108.26,95.11,91.54,75.61
 2011/08/28,107.32,97.09,91.27,76.49
 2011/08/21,105.94,95.9,91.19,78.61
 2011/08/14,106.16,97.14,91.31,77.85
 2011/08/07,109.85,95.93,90.88,77.41
 2011/07/31,109.53,95.4,90.81,77.18
 2011/07/24,111.55,94.68,91.28,78.02
 2011/07/17,110.63,95.07,91.35,78.7
 2011/07/10,107.54,95.56,92.27,77.28
 2011/07/03,109.93,95.88,94.41,78.91
 2011/06/26,107.59,96.53,94,78.77
 2011/06/19,106.13,97.09,92.17,78.32
 2011/06/12,107.33,98.42,92.45,78.56
 2011/06/05,111.88,97.69,92.22,78.84
 2011/05/29,111.11,97.55,91.81,77.09
 2011/05/22,108.61,95.55,91.86,76.49
 2011/05/15,105.6,94.85,91.58,77.17
 2011/05/08,107.02,94.52,91.56,76.12
 2011/05/01,106.66,96.43,90.5,76.25
 2011/04/24,106.6,95.93,89.64,76.98
 2011/04/17,105.86,94.62,90.06,77.02
 2011/04/10,104.05,94.27,89,76.63
 2011/04/03,106.93,92.78,91.07,76.59
 2011/03/27,109.56,92.54,91,75.99
 2011/03/20,108.61,96.57,89.99,76.19
 2011/03/13,106.6,94.19,89.89,74.94
 2011/03/06,105.47,94.66,90.75,74.54
 2011/02/27,103.78,93.8,89,72.74
 2011/02/20,103.25,91.44,88.87,73.14
 2011/02/13,103.19,90.29,88.11,72.69
 2011/02/06,101.56,88.22,86.4,71.26
 2011/01/30,99.57,87.37,85.61,71.42
 2011/01/23,100.24,89.22,84.32,70.35
 2011/01/16,98.49,87.38,84.12,70.29
 2011/01/09,98.16,88.24,83.14,69.62
 2011/01/02,98.16,84.2,82.63,68.07
 2010/12/26,96.26,85.97,82.25,68.2
 2010/12/19,94.75,84.67,81.64,68.29
 2010/12/12,96.73,85.41,81.29,68.08
 2010/12/05,98.91,87.29,83.11,69
 2010/11/28,97.99,86.58,82.86,68.63
 2010/11/21,97.24,85.58,82.31,69.25
 2010/11/14,97.37,83.6,81.62,68.47
 2010/11/07,95.13,85.89,82.26,67.16
 2010/10/31,95.72,84.34,80.49,67.12
 2010/10/24,94.25,82.68,80.62,66.51
 2010/10/17,92.73,83.01,80.46,65.75
 2010/10/10,93.22,82.85,80.17,65.06
 2010/10/03,93.69,81.84,79.49,64.6
 2010/09/26,94.89,81.48,80.69,64.97
 2010/09/19,93.25,79.96,79.56,64.7
 2010/09/12,93.9,80.2,79.35,64.57
 2010/09/05,92.44,82.29,79.21,65.52
 2010/08/29,90.53,81.48,79.83,64.77
 2010/08/22,92.12,81.28,78.25,64.78
 2010/08/15,91.63,81.53,78.2,64.3
 2010/08/08,92.31,82.14,77.73,64.6
 2010/08/01,91.42,79.41,76.61,63.8
 2010/07/25,90.54,80.26,75.51,62.71
 2010/07/18,89.49,79.28,75.56,62.43
 2010/07/11,89.42,79.51,76.06,61.72
 2010/07/04,89.32,76.73,74.05,61.68
 2010/06/27,88.83,77.28,74.81,61.42
 2010/06/20,87.85,75.81,73.5,60.53
 2010/06/13,87.6,78.6,73.38,60.38
 2010/06/06,87.52,78.64,72.51,60.14
 2010/05/30,88.31,76.79,72.72,59.97
 2010/05/23,91.34,76.48,74.79,60.45
 2010/05/16,87.83,78.49,74.56,61.58
 2010/05/09,89.46,76.23,74.65,62.25
 2010/05/02,91.31,77.47,74.94,61.23
 2010/04/25,88.06,75.17,74.82,61.33
 2010/04/18,89.29,76.69,74.5,60.72
 2010/04/11,87.3,75.48,73.59,61.05
 2010/04/04,86.97,76.81,73.15,60.44
 2010/03/28,88.03,75.48,74.98,59.84
 2010/03/21,87.99,76.48,75.22,59.04
 2010/03/14,86.35,74.19,73.71,58.46
 2010/03/07,86.06,74.48,72.2,58.96
 2010/02/28,87,75.87,74.16,58.49
 2010/02/21,86.7,73.59,73.86,58.47
 2010/02/14,85.61,74.64,74.29,57.26
 2010/02/07,85.05,74.64,73.15,57.33
 2010/01/31,85.62,72.49,72.31,57.31
 2010/01/24,84.87,75.57,71.48,56.58
 2010/01/17,84.11,72.35,72.15,56.54
 2010/01/10,84.42,72.91,70.7,55.48
 2010/01/03,83.31,71.17,70.35,55.69
 2009/12/27,83.07,69.32,70.62,55.01
 2009/12/20,82.39,69.72,70.58,54.61
 2009/12/13,81.82,69.97,70.42,54.27
 2009/12/06,81.55,70.12,69.51,54.98
 2009/11/29,80.79,69.36,69,54.78
 2009/11/22,82.87,70.71,68.93,54.73
 2009/11/15,83.99,70.73,69.78,54.31
 2009/11/08,83.11,70.69,69.49,54.72
 2009/11/01,83.42,70.81,69.69,54.46
 2009/10/25,83.08,71.03,68.95,54.44
 2009/10/18,83.04,71.55,69.27,54.49
 2009/10/11,85.68,70.07,69,54.32
 2009/10/04,82.03,71.06,68.97,54.21
 2009/09/27,82.15,71.2,67.9,55.14
 2009/09/20,80.81,70,68.16,54.54
 2009/09/13,82.24,68.89,67.84,54.65
 2009/09/06,82.54,69.63,68.22,54.31
 2009/08/30,79.22,67.33,67.81,53.18
 2009/08/23,78.89,68.88,67.04,52.61
 2009/08/16,78.94,67.03,65.86,52.21
 2009/08/09,77.6,67.12,66.49,52.11
 2009/08/02,77.28,67.29,65.6,51.86
 2009/07/26,76.37,67.57,65.85,51.52
 2009/07/19,76.72,66.8,65.63,51.67
 2009/07/12,75.79,67.41,64.82,51.54
 2009/07/05,76.93,65.16,63.72,50.09
 2009/06/28,77.12,67.85,63.68,51.01
 2009/06/21,75.96,65.33,64.01,50.46
 2009/06/14,73.89,63.77,63.13,49.77
 2009/06/07,73.29,62.62,61.73,49.3
 2009/05/31,73.34,63.32,62.15,49.85
 2009/05/24,72.42,62.65,61.79,48.29
 2009/05/17,70.67,63.35,62.41,48.4
 2009/05/10,72.67,61.63,61.99,48.32
 2009/05/03,70.26,60.9,62.24,47.72
 2009/04/26,70.17,61.33,61.06,47.35
 2009/04/19,69.71,59.65,58.53,46.72
 2009/04/12,67.54,58.96,58.6,46.71
 2009/04/05,65.24,59.58,58.2,45.84
 2009/03/29,66.26,58.64,58.79,46.53
 2009/03/22,65.06,58.3,57.75,45.7
 2009/03/15,66.05,58.41,57.02,46.27
 2009/03/08,66.89,57.07,57.18,45.46
 2009/03/01,66.72,56.83,57.33,45.53
 2009/02/22,65.1,56.4,57.45,44.86
 2009/02/15,64.96,57.83,57.3,44.12
 2009/02/08,64.24,57.2,56.95,43.89
 2009/02/01,65.21,56.93,57.22,44.04
 2009/01/25,64.69,56.49,57.22,44.71
 2009/01/18,64.22,55.72,56.58,44.91
 2009/01/11,62.45,56.28,56.2,44.52
 2009/01/04,63.18,55.56,56.21,43.81
 2008/12/28,62.35,54.28,54.85,43.93
 2008/12/21,62.49,54.37,55.25,43.76
 2008/12/14,60.65,55.53,54.63,43.83
 2008/12/07,61.29,55.89,55.46,43.77
 2008/11/30,61.93,55.01,55.58,43.32
 2008/11/23,62.53,53.99,55.65,44.18
 2008/11/16,61.48,54.88,57.44,44.68
 2008/11/09,64.72,57.96,58.85,46.1
 2008/11/02,65.21,59.54,60.06,47.4
 2008/10/26,68.55,61.22,61.01,48.37
 2008/10/19,69.55,62.23,62.94,48.71
 2008/10/12,73.96,62.08,64.72,49.97
 2008/10/05,74.43,63.47,65.32,50.48
 2008/09/28,73.81,63.18,65.11,51.19
 2008/09/21,75.03,64.53,65.27,51.01
 2008/09/14,74.95,65.28,65.05,50.93
 2008/09/07,75.94,65.28,65.59,51.46
 2008/08/31,77.97,65.99,65.65,51.81
 2008/08/24,78.37,65.69,65.76,51.96
 2008/08/17,79.4,66.24,65.26,51.85
 2008/08/10,79.26,66.19,65.21,51.84
 2008/08/03,80.53,65.68,64.97,52.66
 2008/07/27,81.59,67.13,65.91,52.37
 2008/07/20,81.72,67.93,66.23,52.14
 2008/07/13,82.23,68.25,66.22,53.78
 2008/07/06,82.71,68.75,65.98,53.87
 2008/06/29,83.89,68.97,67.56,53.49
 2008/06/22,82.18,68.37,66.93,53.11
 2008/06/15,83.05,69.73,66.7,52.81
 2008/06/08,84.24,68.57,66.39,54.35
 2008/06/01,82.57,68.1,66.98,52.42
 2008/05/25,81.74,70.91,67.11,51.89
 2008/05/18,78.09,71.21,67.14,52.74
 2008/05/11,79.16,68.77,67.72,52.38
 2008/05/04,79.6,68.92,65.9,52.87
 2008/04/27,78.79,69.31,66.72,52.64
 2008/04/20,79.47,70.78,68.34,53.73
 2008/04/13,79.27,69.27,68.22,53.03
 2008/04/06,84.13,70.19,69.6,52.83
 2008/03/30,81.46,70.32,68.99,52.75
 2008/03/23,82.09,68.96,69.55,52.1
 2008/03/16,82.68,68.57,70,52.73
 2008/03/09,84.29,70.39,69.97,51.91
 2008/03/02,86.1,69.57,69.01,52.32
 2008/02/24,84.53,69.5,67.31,52.29
 2008/02/17,86.88,70,67.19,51.93
 2008/02/10,81.91,68.59,67.23,51.81
 2008/02/03,79.42,68.29,67.41,50.61
 2008/01/27,81.17,66.97,65.84,50.82
 2008/01/20,79.64,66.16,64.6,49.74
 2008/01/13,79.66,64.36,63.46,49.11
 2008/01/06,78.36,63.35,63.74,48.26
 2007/12/30,76.66,63.74,62.45,47.81
 2007/12/23,74.79,63.87,62.18,47.25
 2007/12/16,76.85,62.61,61.5,47.49
 2007/12/09,74.58,62.14,61.27,46.73
 2007/12/02,72.68,60.72,59.63,46.34
 2007/11/25,70.8,60.88,59.42,45.82
 2007/11/18,70.48,59.43,57.7,45.28
 2007/11/11,68.87,58.76,57.88,44.51
 2007/11/04,67.62,58.16,56.58,44.41
 2007/10/28,66.28,56.94,56.01,44.33
 2007/10/21,66.02,57.22,56.07,43.22
 2007/10/14,65.75,57.17,55.93,43.23
 2007/10/07,65.27,56.59,55.94,43.56
 2007/09/30,65.07,56.23,55.04,43.5
 2007/09/23,63.98,56.13,55.61,42.46
 2007/09/16,65.23,56.64,55.12,43.25
 2007/09/09,63.42,56.2,54.08,43.52
 2007/09/02,63.61,55.17,55.7,43.95
 2007/08/26,64.3,55.36,55.02,43.13
 2007/08/19,64.81,56.34,53.86,42.96
 2007/08/12,64.17,55.75,54.16,42.41
 2007/08/05,62.84,55.87,54.57,42.8
 2007/07/29,63.21,55.25,55.4,42.82
 2007/07/22,62.17,55.34,53.45,43.29
 2007/07/15,63.04,54.2,54.67,42.38
 2007/07/08,62.68,54.21,54.25,41.84
 2007/07/01,61.46,54.69,54.5,42.6
 2007/06/24,61.51,56.24,54.68,42.82
 2007/06/17,61.7,55.13,53.96,43.18
 2007/06/10,60.72,54.77,55.23,42.2
 2007/06/03,61.03,53.38,53.82,42.2
 2007/05/27,61.44,53.93,52.89,41.37
 2007/05/20,59.97,53.51,54.35,41.61
 2007/05/13,60.74,54.93,52.87,41.53
 2007/05/06,61.85,53.93,53.86,41.18
 2007/04/29,61.83,54.25,54.09,40.86
 2007/04/22,62.26,55.19,53.38,41.48
 2007/04/15,61.6,53.03,52.83,42.23
 2007/04/08,59.61,53.87,53.03,40.65
 2007/04/01,60.31,54.47,52.95,41.27
 2007/03/25,60.05,55.62,52.67,40.88
 2007/03/18,59.21,55.52,51.29,40.98
 2007/03/11,60,54.3,51.31,40.53
 2007/03/04,59.91,53.97,52.15,39.88
 2007/02/25,60.04,52.61,52.22,40.29
 2007/02/18,59,53.5,52.51,40.66
 2007/02/11,58.28,52.77,51.26,39.69
 2007/02/04,58.67,53.3,52,40.12
 2007/01/28,57.98,52.25,52.06,39.71
 2007/01/21,58.78,52.35,51.44,39.61
 2007/01/14,59.14,52.37,51.98,40.36
 2007/01/07,58.9,52.94,52.31,39.66
 2006/12/31,58.52,53.89,52.44,40.89
 2006/12/24,57.71,54.97,53.16,40.08
 2006/12/17,57.67,52.45,51.7,40.38
 2006/12/10,58.38,52.77,51.61,40.07
 2006/12/03,56.54,51.23,51.38,40.73
 2006/11/26,58.36,51.78,52.22,40.55
 2006/11/19,58.98,51.16,51.45,41.41
 2006/11/12,61.17,54.07,52.22,41.5
 2006/11/05,61.82,54.19,53.18,41.63
 2006/10/29,58.91,52.38,52.61,42.29
 2006/10/22,56.77,50.65,53.88,42.11
 2006/10/15,56.4,51.24,52.97,41.42
 2006/10/08,56.47,52.1,52.1,41.78
 2006/10/01,56.55,51.8,52.54,41.83
 2006/09/24,55.21,51.91,52.95,40.73
 2006/09/17,54.54,51.58,52.18,40.88
 2006/09/10,55.1,51.74,52.15,40.8
 2006/09/03,56.93,52.13,53.64,41.75
 2006/08/27,56.91,52.39,53.66,41.65
 2006/08/20,57.79,53.34,52.96,41.41
 2006/08/13,56.48,53.35,52.38,41.02
 2006/08/06,57.11,53.35,52.09,41.39
 2006/07/30,57.74,53.09,53.12,42.36
 2006/07/23,58.51,51.87,53.41,42.14
 2006/07/16,58.18,52.59,54.07,41.91
 2006/07/09,56.46,51.91,53.41,42.61
 2006/07/02,56.43,51.99,53.63,42.14
 2006/06/25,57.68,51.68,54.26,42.33
 2006/06/18,58.72,52.92,53.78,42.7
 2006/06/11,57.16,53.6,52.27,42.79
 2006/06/04,58.56,55.33,53.18,41.9
 2006/05/28,56.83,53.99,54.03,42.43
 2006/05/21,56.88,55.13,52.91,42.74
 2006/05/14,58.97,53.38,51.84,42.49
 2006/05/07,56.62,53.43,53.52,42.41
 2006/04/30,57.66,54.29,53.04,42.79
 2006/04/23,57.49,55.03,54.08,42.32
 2006/04/16,58.49,55,53.78,42.45
 2006/04/09,57.53,54.9,53.55,42.64
 2006/04/02,58.1,53.52,53.95,42.89
 2006/03/26,57.32,54.26,52.93,42.85
 2006/03/19,57.82,53.74,54.92,42.78
 2006/03/12,57.32,53.3,54.65,42.91
 2006/03/05,58.01,53.17,54.04,42.66
 2006/02/26,57.89,52.09,53.12,43.25
 2006/02/19,58.23,52.85,53.18,42.59
 2006/02/12,56.01,53.6,53.84,42.43
 2006/02/05,56.78,53.97,53.26,42.46
 2006/01/29,57.12,53.97,53.78,42.03
 2006/01/22,56.1,53.96,54.72,42.23
 2006/01/15,54.96,52.64,53.27,42.93
 2006/01/08,56.55,53.14,53.23,42.58
 2006/01/01,55.38,51.67,53.6,42.78
 2005/12/25,55.2,53.05,52.8,43.37
 2005/12/18,55.16,52.85,53.37,42.74
 2005/12/11,56.25,51.6,52.62,42.93
 2005/12/04,56.36,50.33,52.09,42.14
 2005/11/27,57.8,51.42,52.74,43.3
 2005/11/20,58.07,52.02,53.77,43.9
 2005/11/13,58.09,53.16,54.42,43.94
 2005/11/06,58.16,53.99,55.54,43.74
 2005/10/30,57.89,53.61,55.62,44.24
 2005/10/23,57.62,54.7,55.85,45.57
 2005/10/16,58.9,54.23,55.56,45.11
 2005/10/09,58.79,53.39,55.58,44.71
 2005/10/02,60.31,54.58,55.61,44.87
 2005/09/25,60.93,54.44,55.82,45.39
 2005/09/18,59.14,55.17,55.6,44.31
 2005/09/11,59.76,55.64,56.26,44.73
 2005/09/04,59.34,55.52,55.2,45.1
 2005/08/28,58.09,55.3,55.55,44.7
 2005/08/21,57.81,56.6,54.81,44.47
 2005/08/14,59.53,55.35,54.96,44.74
 2005/08/07,59.66,55.96,54.88,44.81
 2005/07/31,58.52,56.13,56.4,44.56
 2005/07/24,58.29,57.75,55.87,44.83
 2005/07/17,59.21,56.02,55.93,44.42
 2005/07/10,57.14,54.5,56.89,45.69
 2005/07/03,58.99,53.31,55.45,46.21
 2005/06/26,60.39,55.15,56.95,45.41
 2005/06/19,59.42,55.9,57.19,44.52
 2005/06/12,59.28,55.28,57.54,44.56
 2005/06/05,59.64,54.41,56.36,45.08
 2005/05/29,59.48,54.82,57.19,44.71
 2005/05/22,59.27,54.94,57.22,45.29
 2005/05/15,59.65,54.45,58.62,44.47
 2005/05/08,58.96,53.8,56.76,44.32
 2005/05/01,57.38,55.31,56.54,45.4
 2005/04/24,58.64,54.83,55.73,45.24
 2005/04/17,59.49,54.1,55.55,45.04
 2005/04/10,57.78,53.71,54.64,44.05
 2005/04/03,57.78,53.27,55.34,43.55
 2005/03/27,58.28,53.16,55.09,42.99
 2005/03/20,55.78,51.6,54.13,42.25
 2005/03/13,54.67,50.99,53.66,41.43
 2005/03/06,55.47,49.76,52.67,40.77
 2005/02/27,54.71,50.27,51.6,40.32
 2005/02/20,53.85,49.53,52.7,40.12
 2005/02/13,53.2,49.51,52.76,40.55
 2005/01/30,52.51,49.14,52.31,39.24
 2005/01/23,53.56,47.09,51.67,39.1
 2005/01/16,53.27,47.95,51.59,39.64
 2005/01/09,52.83,47.07,51.79,38.95
 2005/01/02,53.05,47.12,51.71,39.47
 2004/12/26,53.46,47.48,51.84,40.49
 2004/12/19,52.04,48.31,51.17,39.97
 2004/12/12,52.51,47.39,50.28,39.84
 2004/12/05,53.17,48.38,51.17,40.23
 2004/11/28,52.58,47.84,50.63,41.08
 2004/11/21,50.62,47.73,51.62,39.61
 2004/11/14,51.82,46.46,51.3,40.15
 2004/11/07,52.93,46.07,50.67,39.33
 2004/10/31,52.22,45.7,50.08,39.05
 2004/10/24,50.84,43.95,50.13,38.73
 2004/10/17,51.16,44.04,49.54,38.74
 2004/10/10,51.26,43.79,49.63,38.74
 2004/10/03,51.3,43.83,48.88,38.05
 2004/09/26,50.68,44.4,47.91,37.5
 2004/09/19,50.27,45.46,47.44,37.62
 2004/09/12,49.65,43.89,47.97,37.39
 2004/09/05,50.68,43.71,46.98,37.43
 2004/08/29,49.77,42.93,48.15,36.68
 2004/08/22,48.6,42.99,49.15,35.22
 2004/08/15,48.18,44.27,46.84,35.62
 2004/08/08,47.84,45.04,47.23,35.9
 2004/08/01,48.69,44.09,47.76,36.81
 2004/07/25,50.29,44.93,47.26,37.75
 2004/07/18,49.57,45.06,48.34,37.4
 2004/07/11,50.01,44.85,47.95,37.7
 2004/07/04,51.46,44.82,47.53,37.85
 2004/06/27,51.09,44.94,47.85,37.48
 2004/06/20,52.18,45.05,49.2,37.23
 2004/06/13,51.92,45.37,49.43,37.24
 2004/06/06,50.32,44.45,48.62,38.21
 2004/05/30,49.88,44.21,50.09,37.76
 2004/05/23,49.27,44.45,49.97,37.99
 2004/05/16,48.62,44.57,51.55,38.01
 2004/05/09,50.63,46.12,49.41,38
 2004/05/02,51.09,45.85,49.12,37.49
 2004/04/25,49.57,45.86,49.59,37.49
 2004/04/18,48.34,46.69,47.98,36.97
 2004/04/11,50.85,45.01,47.54,37.46
 2004/04/04,50.77,43.75,47.99,36.72
 2004/03/28,50.3,43.46,47.63,35.99
 2004/03/21,50.1,42.43,46.92,35.88
 2004/03/14,48.32,41.55,46.79,35.64
 2004/03/07,47.78,42.34,44.72,34.31
 2004/02/29,47.33,42.41,43.77,34.95
 2004/02/22,44.78,40.3,43.11,34.01
 2004/02/15,43.83,38.65,43.2,33.83
 2004/02/08,42.33,38.09,42.44,31.97
 2004/02/01,41.44,37.58,43.02,32.55
 2004/01/25,41.33,36.71,40.85,32.15
 2004/01/18,40.15,36.36,41.47,32.04
 2004/01/11,40.97,36.6,41.87,32.3
 2004/01/04,39.59,36.63,41.91,30.83
 2003/12/28,39.4,35.71,40.59,30.95
 2003/12/21,39.29,35.98,40.24,31.64
 2003/12/14,38.32,36.12,40.07,31.15
 2003/12/07,39.57,36.24,40.44,31.05
 2003/11/30,39.12,34.97,40.42,29.6
 2003/11/23,37.63,34.01,39.66,30.01
 2003/11/16,37.51,34.49,38.79,29.5
 2003/11/09,38.19,35.19,39.64,29.41
 2003/11/02,37.81,35.46,38.83,29.63
 2003/10/26,37.13,34.13,37.65,29.74
 2003/10/19,36.83,34.08,37.39,29.96
 2003/10/12,36.8,33.19,37.15,29.43
 2003/10/05,36.51,33.04,36.81,28.57
 2003/09/28,35.26,32.28,35.62,27.86
 2003/09/21,35.47,32.47,35.58,28.46
 2003/09/14,34.31,32.11,35.32,27.48
 2003/09/07,33.35,31.88,34.71,27.6
 2003/08/31,33.33,32.03,33.85,28.18
 2003/08/24,32.58,31.35,33.15,27.75
 2003/08/17,32.21,32.13,32.87,27.73
 2003/08/10,32.32,31.23,33.72,28.25
 2003/08/03,32.72,31.22,33.45,28.16
 2003/07/27,33.59,30.58,33.69,28.66
 2003/07/20,33.21,31,33.61,28.44
 2003/07/13,33.78,31.78,33.35,28.85
 2003/07/06,33.9,31.41,33.95,28.73
 2003/06/29,33.55,31.48,33.98,29.58
 2003/06/22,33.13,31.11,34.28,28.96
 2003/06/15,32.83,30.89,34.09,28.99
 2003/06/08,33.22,30.96,34.33,29
 2003/06/01,33.16,31.21,34.02,29.31
 2003/05/25,32.91,32.11,34.14,28.69
 2003/05/18,32.93,32.39,34.31,28.61
 2003/05/11,33.02,32.38,34.68,28.26
 2003/05/04,33.53,32.57,34.15,28.53
 2003/04/27,33.48,33.59,34.37,29.2
 2003/04/20,33.87,33.67,34.72,29.15
 2003/04/13,33.86,33.65,34.64,29.05
 2003/04/06,33.35,33.8,34.71,29.62
 2003/03/30,33.64,34.28,34.75,29.29
 2003/03/23,34.08,34.65,35.06,29.85
 2003/03/16,34.76,35.5,35.62,30.51
 2003/03/09,35.53,35.71,36.43,30.64
 2003/03/02,35.6,35.75,36.38,31.01
 2003/02/23,35.45,35.86,37.27,31.49
 2003/02/16,35.03,34.98,37.1,31.48
 2003/02/09,35.49,34.98,37.2,31.89
 2003/02/02,35.8,35.61,37.34,31.71
 2003/01/26,35.8,35.61,37.34,31.71
 2003/01/19,36.36,36.32,36.99,32.27
 2003/01/12,36.28,35.7,35.45,31.97
 2003/01/05,36.01,35.65,35.55,32.88
 2002/12/29,36.47,34.87,36.28,32.92
 2002/12/22,36.56,35.3,36.39,33.68
 2002/12/15,36.44,34.56,36.52,33.03
 2002/12/08,36.7,35.61,36.68,32.88
 2002/12/01,36.71,34.51,37.23,32.73
 2002/11/24,36.59,34.28,37.06,33.27
 2002/11/17,36.8,34.25,36.27,33.57
 2002/11/10,36.91,34.25,36.67,33.23
 2002/11/03,36.92,34.24,37.16,33.95
 2002/10/27,35.77,35.44,37.16,34.07
 2002/10/20,36.85,35.57,37.77,34.48
 2002/10/13,37.21,34.98,38.16,35.17
 2002/10/06,37.83,35.62,38.07,34.46
 2002/09/29,37.71,35.1,37.67,34.38
 2002/09/22,38.23,35.23,39.77,34.67
 2002/09/15,37.87,35.16,39.7,34.6
 2002/09/08,38.68,35.63,40.4,34.8
 2002/09/01,38.75,35.65,40.42,34.9
 2002/08/25,38.59,35.8,39.66,34.82
 2002/08/18,39.24,35.98,40.17,35.07
 2002/08/11,40.01,36.29,40.53,35.24
 2002/08/04,39.26,36.8,40.53,35.19
 2002/07/28,39.54,37.29,41.9,35.7
 2002/07/21,39.82,38.19,41.72,36.51
 2002/07/14,40.03,37.19,41.54,36.51
 2002/07/07,40.21,37.27,41.62,37.02
 2002/06/30,39.89,37.8,41.77,37.32
 2002/06/23,40.97,37.49,41.44,36.69
 2002/06/16,40.31,37.58,42.41,36.47
 2002/06/09,40.49,38.07,42.96,36.68
 2002/06/02,40.51,38.05,42.75,36.96
 2002/05/26,40.9,37.85,42.6,37.3
 2002/05/19,41.19,38.47,42.52,37.52
 2002/05/12,40.47,38.29,41.96,37.38
 2002/05/05,40.3,37.97,41.87,37.77
 2002/04/28,41.92,39.53,42.27,37.49
 2002/04/21,40.45,39.8,41.53,37.33
 2002/04/14,41.22,39.94,41.6,37.37
 2002/04/07,41.52,40.46,42.97,37.41
 2002/03/31,42.1,40.64,43.18,37.32
 2002/03/24,42.92,40.86,43.74,37.47
 2002/03/17,42.34,41.05,43.72,37.17
 2002/03/10,41.44,39.52,43.36,36.66
 2002/03/03,41.1,39.9,43.35,36.68
 2002/02/24,42.17,39.01,43.47,36.22
 2002/02/17,42.19,39.31,43.03,36.52
 2002/02/10,42.12,39.73,42.21,36.45
 2002/02/03,42.12,39.73,42.21,36.45
 2002/01/27,41.12,39.61,42.05,36.71
 2002/01/20,40.83,39.06,42.77,37.45
 2002/01/13,40.95,39.08,43.28,37.23
 2002/01/06,41.28,39.06,42.65,36.59
 2001/12/30,41.45,40.03,42.35,37.24
 2001/12/23,41.22,39.36,42.54,37.21
 2001/12/16,41.24,39.37,42.55,37.26
 2001/12/09,40.71,39.01,43.2,37.4
 2001/12/02,40.56,39.27,42.19,36.39
 2001/11/25,40.39,39.67,42.21,36.06
 2001/11/18,41.47,40.11,42.29,37.25
 2001/11/11,40.93,40.17,42.21,37.2
 2001/11/04,41.21,40.6,42.45,36.65
 2001/10/28,40.67,40.07,43.03,36.74
 2001/10/21,41.3,39.68,42.24,36.39
 2001/10/14,40.5,38.85,43.14,36.68
 2001/10/07,40.85,38.71,43.17,36.84
 2001/09/30,41.45,39.39,43.92,37.24
 2001/09/23,42.16,38.88,43.92,37.8
 2001/09/16,43.1,39.3,44.19,37.93
 2001/09/09,42.51,39.89,43.93,38.18
 2001/09/02,42.55,41.62,44.7,39.21
 2001/08/26,43.09,41.02,44.75,37.89
 2001/08/19,43.78,41.64,45.49,39.2
 2001/08/12,43.52,41.41,46.34,39.34
 2001/08/05,43.58,40.92,45.14,39.5
 2001/07/29,43.58,41.74,45.52,39.33
 2001/07/22,43.82,41.69,45.77,40.19
 2001/07/15,43.23,41.55,45.28,39.95
 2001/07/08,44.76,42.06,46.13,40.34
 2001/07/01,44.86,42.61,46.22,40.3
 2001/06/24,44.31,41.8,45.65,39.14
 2001/06/17,44.77,41.89,45.72,40.9
 2001/06/10,45.12,41.9,46.34,40.12
 2001/06/03,44.72,41.56,45.63,40.46
 2001/05/27,45.35,41.42,46.63,40.7
 2001/05/20,45.61,41.75,46.72,40.62
 2001/05/13,45.59,42.03,46.95,40.21
 2001/05/06,45.78,41.8,47.97,40.82
 2001/04/29,45.69,41.58,47.39,40.29
 2001/04/22,46.2,42.66,47.53,40.92
 2001/04/15,46.22,41.78,47.58,41.28
 2001/04/08,46,41.34,47.53,41.5
 2001/04/01,46.4,41.48,47.24,42.77
 2001/03/25,45.83,42.08,46.71,41.36
 2001/03/18,47.96,42.68,47.66,42.13
 2001/03/11,47.41,43.5,48.05,42.03
 2001/03/04,47.64,42.7,47.49,42.09
 2001/02/25,47.13,44.74,47.77,41.81
 2001/02/18,45.87,43.32,46.6,41.67
 2001/02/11,45.74,43.16,44.71,41.19
 2001/02/04,45.05,43,45.58,40.66
 2001/01/28,44.42,43.17,45.47,40.5
 2001/01/21,44.72,43.18,46.79,40.66
 2001/01/14,44.72,43.18,46.79,40.66
 2001/01/07,45.18,43.98,46.96,40.66
 2000/12/31,44.97,43.81,46.12,40.57
 2000/12/24,45.45,44.65,46.74,41.33
 2000/12/17,45.04,42.9,46.76,41.09
 2000/12/10,45.72,43.8,47.12,41.29
 2000/12/03,46.62,44.28,48.03,41.74
 2000/11/26,47.46,43.97,47.63,42.06
 2000/11/19,47.96,43.56,48.7,42.31
 2000/11/12,48.75,46.26,49.88,42.55
 2000/11/05,47.9,46.16,49.78,42.68
 2000/10/29,48.02,47.19,50.79,43.74
 2000/10/22,48.19,48.3,50.62,43.72
 2000/10/15,47.59,48.48,50.91,44.15
 2000/10/08,47.64,47.65,50.21,43.77
 2000/10/01,47.84,47.92,50.33,45.05
 2000/09/24,48.99,47.14,49.48,44.73
 2000/09/17,48.88,47.04,49.22,43.95
 2000/09/10,49.53,44.67,49.04,44.03
 2000/09/03,49.55,44.97,49.06,43.75
 2000/08/27,50.16,47.22,49.73,44.11
 2000/08/20,48.36,48.74,50.29,43.03
 2000/08/13,48.59,48.93,50.2,42.92
 2000/08/06,48.52,48.46,50.1,43.56
 2000/07/30,47.84,48.3,50.25,43.84
 2000/07/23,48.2,48.17,49.96,43.29
 2000/07/16,49.25,45.09,49.26,42.49
 2000/07/09,49.32,45.33,48.13,42.33
 2000/07/02,48.8,46.02,46.98,42.29
 2000/06/25,48.5,45.77,46.51,42.59
 2000/06/18,49.13,46.7,46.58,42.5
 2000/06/11,48.43,46.63,46.48,42.81
 2000/06/04,49.48,46.78,47,42.76
 2000/05/28,50.99,47.72,49.2,45.08
 2000/05/21,51,47.65,51.03,45.21
 2000/05/14,51.49,47.88,52.14,46.28
 2000/05/07,52.06,48.82,52.42,46.6
 2000/04/30,53.71,49.34,53.07,46.57
 2000/04/23,52.56,50.6,54,46.88
 2000/04/16,53.26,50.68,53.6,48.5
 2000/04/09,52.8,51.29,53.46,48.49
 2000/04/02,54.2,52.07,54.69,48.96
 2000/03/26,55.26,52.08,54.39,49.72
 2000/03/19,54.91,53.5,54.72,49.46
 2000/03/12,54.23,52.55,54.44,48.94
 2000/03/05,54.82,53.3,54.82,49.38
 2000/02/27,55.71,53.94,55.14,50.21
 2000/02/20,53.56,52.76,54.37,50.82
 2000/02/13,53.08,51.89,52.83,48.91
 2000/02/06,53.93,52.35,53.2,49.96
 2000/01/30,54.09,52.89,53.13,49.17
 2000/01/23,55.05,53.15,55.54,50.68
 2000/01/16,53.98,51.17,55.03,50.13
 2000/01/09,54.1,52.73,55.46,49.81
 2000/01/02,54.14,53.64,55.25,51.07
 1999/12/26,56.36,52.65,54.69,49.83
 1999/12/19,55.3,52.79,53.41,50.46
 1999/12/12,55.62,51.31,53.62,50.28
 1999/12/05,53.14,50.22,52.4,50.32
 1999/11/28,53.7,49.84,52.44,49.75
 1999/11/21,53.85,50.17,52.21,50.25
 1999/11/14,52.76,49.89,52.23,49.28
 1999/11/07,52.34,49.6,51.93,48.4
 1999/10/31,53.22,49.77,52.73,48.1
 1999/10/24,54.44,49.23,53.25,48.59
 1999/10/17,52.6,53.24,54.77,49.52
 1999/10/10,54.43,53.37,53.88,53.31
 1999/10/03,54.19,51.45,53.88,49.99
 1999/09/26,54.83,50.35,54.9,49.94
 1999/09/19,54.05,49.85,54.9,49.94
 1999/09/12,53.69,50.76,55.18,51.07
 1999/09/05,55.02,50.83,54.47,52.04
 1999/08/29,55.31,53.38,55.16,51.21
 1999/08/22,57.13,54.9,54.58,52.61
 1999/08/15,56.75,55.13,54.18,53.72
 1999/08/08,57.98,60.41,55.47,54.58
 1999/08/01,55.53,54.28,59.67,55.61
 1999/07/25,56.83,53.88,60.01,53.64
 1999/07/18,56.47,56.52,59.26,55.64
 1999/07/11,57.9,55.92,59.75,53.39
 1999/07/04,56.09,57.71,56.74,54.76
 1999/06/27,59.2,56.69,58.71,54.17
 1999/06/20,57.99,57.87,59.67,55.35
 1999/06/13,58.95,57.98,58.49,55.58
 1999/06/06,56.78,54.42,58.44,55.65
 1999/05/30,59.89,55.23,57.44,55.61
 1999/05/23,58.26,55.27,57.56,55.61
 1999/05/16,59.51,54.78,59.77,54.33
 1999/05/09,60.2,57.1,59.15,54.74
 1999/05/02,60.14,55.58,56.32,54.7
 1999/04/25,60.59,57.02,58.24,55.26
 1999/04/18,60.29,55.77,57.66,54.64
 1999/04/11,57.46,55.62,58.39,54.94
 1999/04/04,58.23,55.74,57.31,54.18
 1999/03/28,58.03,55.9,56.6,53.96
 1999/03/21,57.38,54.15,56.18,53.82
 1999/03/14,55.31,56.19,58.82,53.7
 1999/03/07,55.67,55.64,57.72,54.63
 1999/02/28,56.51,53.6,58.94,54.86
 1999/02/21,59.13,56.14,59.68,51.38
 1999/02/14,55.87,56.14,58.82,53.33
 1999/02/07,58.11,57.98,59.19,53.82
 1999/01/31,57.35,57.82,58.02,53.76
 1999/01/24,55.87,53.38,56.82,55.7
 1999/01/17,58.01,54.17,58.69,54.97
 1999/01/10,57.06,58.23,59.04,54.78
 1999/01/03,57.17,55.41,60.08,54.83
 1998/12/27,55.62,53.51,60.98,55.19
 1998/12/20,57.06,52.87,61.46,55.39
 1998/12/13,56.84,56.39,61.25,55.26
 1998/12/06,56.53,54.1,57.24,53.85
 1998/11/29,56.35,54.31,56.27,54.16
 1998/11/22,55.16,55.87,57.36,52.84
 1998/11/15,54.05,52.29,55.97,52.75
 1998/11/08,53.56,52.57,54.76,51.63
 1998/11/01,53.07,51.01,52.44,50.89
 1998/10/25,52.06,50.67,50.86,50.03
 1998/10/18,49.77,49.34,49.34,47.78
 1998/10/11,47.97,44.96,48.73,45.2
 1998/10/04,47.14,48.55,48.72,44.51
 1998/09/27,48.57,48.81,51.3,46.07
 1998/09/20,48.27,48.15,51.04,48.17
 1998/09/13,50.24,48.15,51.98,49.65
 1998/09/06,49.99,49.94,51.34,50.41
 1998/08/30,51.2,52.67,53.87,50.74
 1998/08/23,52.47,50.07,56.15,50.48
 1998/08/16,52.82,53.23,52.49,52.52
 1998/08/09,55.82,56.38,54.63,52.2
 1998/08/02,55.4,53.92,55.23,52.65
 1998/07/26,54.17,53.42,56.02,54.25
 1998/07/19,55.81,51.53,57.89,54.53
 1998/07/12,57.19,55.34,53.8,55.01
 1998/07/05,57.11,54.86,55.65,55.78
 1998/06/28,56.58,54.08,55.94,54.13
 1998/06/21,55.75,54.72,48.89,52.21
 1998/06/14,60.5,53.51,48.89,53.07
 1998/06/07,60.49,60.65,58.42,56.71
 1998/05/31,62.6,61.36,59.28,54.82
 1998/05/24,63.71,68.79,67.18,57.02
 1998/05/17,65.46,64.43,66.89,62.54
 1998/05/10,74.17,67.45,69.22,64.53
 1998/05/03,75.63,68.53,69.43,65.21
 1998/04/26,72.15,69.4,70.17,65.15
 1998/04/19,73.43,69.58,70.46,67.03
 1998/04/12,72.37,73.46,73.17,68.14
 1998/04/05,75.44,72.91,76.59,68.23
 1998/03/29,72.66,74.2,76.32,67.09
 1998/03/22,73.29,73.31,76.42,67.13
 1998/03/15,76.55,75.97,76.18,71.18
 1998/03/08,76.94,77.2,76.18,72.45
 1998/03/01,78.03,75.29,78.57,73.08
 1998/02/22,78.34,74.49,77.72,73.17
 1998/02/15,74.78,74.22,76.51,70.37
 1998/02/08,75.27,66.78,73.41,65.81
 1998/02/01,70.41,76.55,73.96,65.72
 1998/01/25,75.25,67.98,70.61,64.42
 1998/01/18,70.46,69.59,73.04,71.03
 1998/01/11,83.56,76.52,79.9,72.56
 1998/01/04,83.92,79.84,82.77,76.38
 1997/12/28,94.81,83.02,83.32,79.51
 1997/12/21,84.64,86.22,81.56,81.95
 1997/12/14,89.05,86.3,84.31,83.45
 1997/12/07,92.34,86.12,85.71,81.46
 1997/11/30,87.61,87.7,89.54,86.1
 1997/11/23,88.16,91.15,87.42,86.73
 1997/11/16,87.41,83.91,96.23,84.4
 1997/11/09,90.61,88.5,93.42,86.87
 1997/11/02,92.41,105.3,97.46,89.72
 1997/10/26,104.44,107,99.77,93.8
 1997/10/19,102.79,110.26,105,97.12
 1997/10/12,103.31,97.69,103.53,98.79
 1997/10/05,99.47,100.74,99.44,97.05
 1997/09/28,101.31,99.22,100.45,96.07
 1997/09/21,98.56,98.54,103.02,95.09
 1997/09/14,95.7,99.19,99.02,92.66
 1997/09/07,95.69,100.01,102.04,93.02
 1997/08/31,99.22,100.14,100.61,94.53
 1997/08/24,101.48,97.56,100.64,96.06
 1997/08/17,100.32,94.36,100.01,92.23
 1997/08/10,97.85,102.12,96.8,93.67
 1997/08/03,97.57,102.36,98.98,91.66
 1997/07/27,97.71,95.4,99.7,92.3
 1997/07/20,98.27,95.47,99.52,93.57
 1997/07/13,97.37,98.12,102.65,97.38
 1997/07/06,100,100,100,100
 1997/06/29,104.61,108.91,100.89,97.58
 1997/06/22,94.56,99.21,103.28,96.79
 1997/06/15,101.72,99.48,110.46,100.11
 1997/06/08,103.65,102.31,104.87,98.77
 1997/06/01,100.3,101.13,104.27,98.88
 1997/05/25,98.08,97.39,100.06,96.76
 1997/05/18,96.75,97.82,99.25,93.2
 1997/05/11,94.77,94.81,96.04,91.39
 1997/05/04,92.48,93.63,95.05,91.13
 1997/04/27,86.21,90.63,95.19,88.57
 1997/04/20,86.72,89.15,90.87,89.6
 1997/04/13,87.87,90.34,93.63,90.7
 1997/04/06,90.04,93.22,92.87,94.69
 1997/03/30,97.12,97.42,94.84,95.4
 1997/03/23,93.59,95.31,95.93,94.63
 1997/03/16,94.32,95.88,96.33,95.96
 1997/03/09,95.79,93.12,95.76,93.06
 1997/03/02,92.05,91.8,87.63,88.81
 1997/02/23,88.91,88.48,85.2,84.43
 1997/02/16,85.34,85.47,87.73,82.2
 1997/02/09,86.73,86.54,83.98,77.09
 1997/02/02,85.68,86.26,83.61,77.42
 1997/01/26,85.43,85.24,86.15,77.02
 1997/01/19,84.73,83.1,83.41,76.61
 1997/01/12,84.87,82.89,81.94,75.66
 1997/01/05,82.29,82.29,84,73.87
 1996/12/29,81.84,79.52,79.75,73.83
 1996/12/22,79.78,80.24,79.93,71.13
 1996/12/15,78.98,79.36,81.58,70.62
 1996/12/08,77.46,78.98,79.06,70.02
 1996/12/01,78.99,75.72,75.91,68.78
 1996/11/24,78.52,76.64,77.09,67.23
 1996/11/17,74.9,75.48,73.83,66.03
 1996/11/10,75.87,76.11,74.42,65.5
 1996/11/03,73.06,74.72,72.26,65.07
 1996/10/27,71.58,74.2,71.29,65.16
 1996/10/20,71.01,72.54,73.1,63.66
 1996/10/13,70.38,72.97,71.14,63.22
 1996/10/06,70.57,70.12,69.92,62.31
 1996/09/29,69.33,70.54,68.26,62.94
 1996/09/22,69.43,69.79,68.3,62.01
 1996/09/15,67.4,69.23,66.37,61.57
 1996/09/08,65.47,72.62,67.22,62.42
 1996/09/01,66.05,69.84,68.77,62.42
 1996/08/25,64.91,67.15,69.49,60.94
 1996/08/18,69.36,68.51,64.11,61.47
 1996/08/11,69.54,68.71,67.45,60.52
 1996/08/04,67.94,66.58,61.71,61.12
 1996/07/28,63.92,68.9,70.4,59.25
 1996/07/21,68.54,68.48,68,61.67
 1996/07/14,67.46,67.95,65.19,60.38
 1996/07/07,65.61,68.49,66.14,62.81
 1996/06/30,70.47,70.83,64.98,60.21
 1996/06/23,67.63,68.29,61.85,61
 1996/06/16,66.48,71.38,69.96,60.29
 1996/06/09,65.56,68.92,67.02,58.79
 1996/06/02,67.52,68.28,61.49,61.81
 1996/05/26,66.16,66.92,63.15,59.74
 1996/05/19,66.5,67.89,65.36,59.99
 1996/05/12,65.06,69.73,65.46,59.57
 1996/05/05,68.37,70.85,63.37,59.69
 1996/04/28,64.52,66.46,68.69,59.54
 1996/04/21,71.74,66.21,62.95,59.13
 1996/04/14,65.07,68.33,63.15,58.4
 1996/04/07,65.41,65.67,66.34,56.91
 1996/03/31,61.86,63.94,66.09,56.64
 1996/03/24,64.29,64.45,64.54,56.85
 1996/03/17,61.69,63.73,61.89,55.96
 1996/03/10,65.03,65.63,61.94,57.78
 1996/03/03,60.97,64.8,59.79,55.48
 1996/02/25,61.77,61.9,64.89,55.44
 1996/02/18,61.16,65.15,61.53,55.65
 1996/02/11,60.95,64.07,60.68,54.76
 1996/02/04,59.81,62.08,58.9,54.72
 1996/01/28,63.17,60.81,59.06,54.44
 1996/01/21,58.2,60.81,59.7,53.33
 1996/01/14,55.82,59.26,60.36,51.78
 1996/01/07,57.12,60.42,60.83,51.51
 1995/12/31,56.4,62.59,57.9,52.2
 1995/12/24,56.21,58.33,57.68,51.57
 1995/12/17,55.66,61.11,57.4,52.16
 1995/12/10,56.38,60.3,56.91,50.84
 1995/12/03,56.6,59.91,57.39,51.45
 1995/11/26,56.96,59.66,55.49,51.28
 1995/11/19,56.15,59.33,56.03,52.17
 1995/11/12,56.16,58.72,58.05,49.74
 1995/11/05,56.67,58.49,56,49.78
 1995/10/29,55.71,53.55,52.36,50.47
 1995/10/22,55.6,56.08,53.98,50.36
 1995/10/15,53.36,55.69,53.02,49.13
 1995/10/08,55.11,57.76,54.41,47.88
 1995/10/01,56.84,60.61,52.81,49.61
 1995/09/24,56.33,58.68,57.43,51.1
 1995/09/17,57.28,55.86,51.85,49.56
 1995/09/10,54.43,59.78,51.94,49.83
 1995/09/03,56.87,58.29,56.26,49.82
 1995/08/27,55.99,57.22,56.7,49.28
 1995/08/20,52.42,57.87,53.38,50.13
 1995/08/13,55.26,57.11,55.04,51.16
 1995/08/06,58.72,65.17,57.76,52.15
 1995/07/30,58.74,58.07,58.74,51.61
 1995/07/23,59,57.98,59.14,50.73
 1995/07/16,58.1,58.31,60.9,54.32
 1995/07/09,55.13,63.25,60.89,53.89
 1995/07/02,57.29,60.74,60.15,53.59
 1995/06/25,57.35,61.65,61.93,52.59
 1995/06/18,60.15,63.6,56.87,54.31
 1995/06/11,60.78,62.63,58.69,54.36
 1995/06/04,61.71,61.33,59.33,55.45
 1995/05/28,63.91,61.05,59.76,56.42
 1995/05/21,66.1,59.64,64.3,54.78
 1995/05/14,66.36,66.13,60.42,55.51
 1995/05/07,63.34,65.26,63.35,55.59
 1995/04/30,63.93,64.83,65.01,55.43
 1995/04/23,71.61,66.09,63.8,56.41
 1995/04/16,66.09,69.14,64.22,56.2
 1995/04/09,65.31,70.54,65.78,59.06
 1995/04/02,67.51,69.96,65.56,57.74
 1995/03/26,63.03,65.9,67.06,57.94
 1995/03/19,63.44,65.6,63.54,57.42
 1995/03/12,63.41,67.77,64.34,58.01
 1995/03/05,63.24,69.32,64.24,58.67
 1995/02/26,61.96,65.74,64.44,56.87
 1995/02/19,61.93,63.23,60.31,56.71
 1995/02/12,59.28,60.25,59.52,54.09
 1995/02/05,58.45,59.35,58.45,54.71
 1995/01/29,61.99,59.46,57.68,55.31
 1995/01/22,62.37,61.24,60.03,54.13
 1995/01/15,63.95,64.28,61.02,54.14
 1995/01/08,63.77,59.54,61.02,54.49
 1995/01/01,64.75,61.68,60.94,57.39
 1994/12/25,65.43,63.3,66.13,55.16
 1994/12/18,65.73,66.21,66.13,56.56
 1994/12/11,73.43,70.01,68.2,58.45
 1994/12/04,73.32,67.92,67.77,57.58
 1994/11/27,70.43,71.92,67.77,57.51
 1994/11/20,69.76,71.92,67.1,61.14
 1994/11/13,69.96,72.38,66.6,64.36
 1994/11/06,69.08,69.82,67.83,62.21
 1994/10/30,67.35,70.63,65.94,61.66
 1994/10/23,69.55,70.54,64.49,65.43
 1994/10/16,67.66,72.02,68.15,61.41
 1994/10/09,69.74,70.51,66.29,62.16
 1994/10/02,68.26,69.44,70.21,60.76
 1994/09/25,67.4,73.16,64.15,61.47
 1994/09/18,69.1,71.4,68.13,62.91
 1994/09/11,70.93,72.6,65.05,62.45
 1994/09/04,67.62,73,66.34,61.82
 1994/08/28,69.74,72.52,66.63,61.72
 1994/08/21,69.56,71.62,64.11,62.95
 1994/08/14,64.33,71.56,68.73,62.41
 1994/08/07,65.55,73.91,65.79,70.29
 1994/07/31,65.88,72.29,66.72,64.38
 1994/07/24,66.13,72.18,64.46,64.35
 1994/07/17,65.17,70.64,65.36,62.66
 1994/07/10,66.73,69.58,62.91,62.22
 1994/07/03,71.91,70.91,66.23,64.34
 1994/06/26,71.35,76.03,64.53,67.36
 1994/06/19,70.98,76.03,65.75,68.26
 1994/06/12,74.39,78.16,65.75,65.01
 1994/06/05,71.68,78.59,65.75,64.78
 1994/05/29,74.71,77.78,65.02,64.59
 1994/05/22,70.31,78.08,66.79,64.07
 1994/05/15,70.69,80.36,61.23,62.77
 1994/05/08,72.03,82.14,66.65,66.29
 1994/05/01,73.41,79.52,66.65,61.61
 1994/04/24,78.53,75.41,66.65,66.75
 1994/04/17,76.81,78.26,66.65,69.14
 1994/04/10,72.05,81.55,67.87,70.51
 1994/04/03,75.75,82.89,67.87,72.58
 1994/03/27,77.43,82.18,68.34,68.8
 1994/03/20,75.87,83.03,68.34,66.38
 1994/03/13,75.99,82.72,68.34,63.9
 1994/03/06,75.45,76.39,64.54,60.97
 1994/02/27,72.44,78.87,64.32,60.59
 1994/02/20,74.95,76,64.32,59.94
 1994/02/13,77.93,77.47,64.32,58
 1994/02/06,76.4,75.62,64.32,57.01