Date,Market,BAC,BBT,C,FITB,JPM,NTRS,PNC,RF,STI,USB,WB,WFC,WM,ABCW,AF,AMFI,ASBC,BOH,BOKF,BPFH,BPOP,BRKL,BXS,CATY,CBSH,CFR,CMA,CNB,CORS,CPF,CRBC,CVBF,CYN,DCOM,DSL,EWBC,FBP,FCF,FHN,FMBI,FMER,FNB,FNFG,FTBK,FULT,GFG,HBAN,HBHC,HCBK,IBOC,KEY,MI,MTB,NAL,NCC,NPBC,NYB,ONB,PACW,PBCT,PBKS,PCBC,PFS,PRK,PRSP,SBIB,SBNY,SIVB,SNV,SOV,STSA,SUSQ,TCB,TRMK,TRST,TSFG,UB,UBSI,UCBH,UCBI,UMPQ,VLY,WABC,WBS,WFSL,WL,WTFC,WTNY,ZION,ACF,AXP,COF,DFS,MA,SLM,V,FNF,FNM,FRE,CIT,EFX,MCO,AOC,MMC,WSH,ABK,MBI,AIG,GNW,HIG,AFL,AIZ,ANAT,CNO,DFG,LNC,MET,NFS,PFG,PL,PNX,PRU,SFG,TMK,UNM,MTG,PMI,RDN,ACE,ACGL,AFG,AGO,AJG,ALL,AWH,BRO,CB,CINF,ERIE,FAF,HCC,HMN,HRH,L,MCY,MKL,ORI,PGR,PHLY,PRA,RLI,SAF,SIGI,THG,TRV,UTR,WRB,WTM,XL,Y,ZNT,AHL,AXS,ENH,IPCR,MRH,MXGL,PRE,PTP,RE,RGA,RNR,TRH,AMG,BEN,BK,BLK,EV,FII,GLG,IVZ,JNS,NFP,SEIC,STT,TROW,WDR,AMP,AMTD,CME,ETFC,GS,ICE,ITG,JEF,LAZ,LEHMQ,LM,MER,MF,MS,NDAQ,NITE,NYX,OXPS,PJC,RJF,SCHW,SWS,CLP,CUZ,EPR,LXP,VNO,WRE,BPO,FCE-A,FOR,JOE,BEE,DRH,FCH,HPT,HST,LHO,SHO,AMB,ARE,BDN,BMR,BXP,CLI,DCT,DEI,DLR,DRE,FR,FSP,HIW,HRP,KRC,LRY,MPG,OFC,PLD,SLG,CSE,NCT,NLY,RAS,RWT,SFI,AIV,AVB
8/19/2008,-0.029436,-0.042665554,-0.057704912,-0.024706801,-0.043172172,-0.032049559,-0.016337649,-0.018169209,-0.019277705,-0.057562583,-0.041440998,-0.045275222,-0.035699143,-0.026475674,-0.048385388,-0.040937262,-0.034630326,-0.025811585,-0.037051723,-0.008839322,-0.067252227,-0.057158414,-0.017561427,-0.034730179,-0.026543323,-0.014107174,-0.023591695,-0.045989212,-0.049469128,-0.019560526,-0.040023955,-0.063878673,-0.026353183,-0.037132979,-0.018657258,-0.029705154,-0.043433593,-0.002136753,-0.030853042,-0.050715093,-0.033654836,-0.012883456,-0.017744445,-0.019405092,-0.044103179,-0.049381248,-0.091505767,-0.02960047,-0.014178631,-0.012168292,-0.020511477,-0.044783603,-0.041423964,-0.025556391,-0.018175709,-0.016032408,0.003456623,-0.02106685,-0.017371601,-0.027544626,-0.01463298,-0.050800215,-0.05932774,-0.020282017,-0.035136572,-0.011718884,-0.020000667,-0.015287336,-0.01911756,-0.041080026,-0.042339829,-0.034612789,-0.029338839,-0.051474175,-0.020845516,0,-0.107358518,0.002336931,-0.031143038,0.058543456,-0.036123205,-0.031581572,-0.015185205,-0.038510287,-0.041314764,-0.031361455,-0.004284497,-0.039793049,-0.025073638,-0.025802839,-0.022325287,-0.033901552,-0.035065682,-0.047059484,0.002770317,-0.173953307,-0.016142401,-0.050261835,-0.023027333,-0.051413191,-0.036447988,-0.031500862,-0.029884268,-0.003421,-0.003184716,-0.015282055,-0.057059556,-0.05651221,-0.06074156,-0.013912116,-0.018053994,-0.009890191,-0.01136674,0.00170249,0,-0.015845742,-0.014922557,-0.035004052,0.001571092,-0.034576749,-0.01722201,-0.015589495,-0.03344227,0.007039367,-0.005009079,-0.009132484,-0.122070944,-0.133175204,-0.170921813,-0.033230906,0.001595938,-0.01386196,-0.018941289,-0.000391313,-0.010904748,0.011995782,0.012001188,-0.019459611,-0.010279092,-0.011839745,-0.009204536,-0.018318581,-0.0142811,-0.006612725,-0.015293416,-0.011954715,-0.007684285,-0.040379686,-0.009911975,-0.000842673,-0.008683657,-0.004449594,0.002083024,-0.011238412,0.005466287,-0.011950933,-0.012606122,-0.015910893,-0.001146132,-0.013590859,0.003210276,-0.002137895,-0.011198325,-0.011466631,-0.012687777,-0.019060099,0.001242236,-0.00233554,-0.003734563,-0.005233451,-0.008869238,0,0.002766253,-0.00331181,-0.018903309,-0.027880897,-0.024937535,-0.010024786,0.001383317,0.041420384,0,-0.034289073,-0.045480515,-0.058186692,-0.027803702,-0.037637219,-0.026760937,-0.017558841,-0.024555322,0.008982096,-0.000268324,-0.026757449,-0.012828751,0.005557583,-0.038255122,-0.02500825,0.00190295,-0.139728676,-0.045950655,-0.037895803,-0.076024437,-0.038887351,-0.017967386,-0.005449605,-0.040145883,-0.028370697,-0.043933556,-0.018795109,-0.01705705,-0.037242918,-0.033655778,-0.018149319,-0.019439453,-0.027339832,-0.021358944,-0.012549413,-0.012503289,-0.00292826,-0.006498398,-0.041443563,-0.065305098,-0.038121208,-0.044004585,-0.027034662,-0.030032287,-0.041289331,0.001456664,-0.019638423,-0.020171657,-0.013087635,-0.022944814,-0.015171998,-0.023757807,-0.024424552,-0.019184171,-0.005566084,-0.030733826,-0.033105894,-0.008458336,-0.018171661,-0.016260521,-0.012396419,-0.020625034,-0.037563102,-0.011058565,-0.013850941,-0.012984875,-0.062732429,-0.076322268,0.002283975,-0.037071126,0.011709083,-0.02029734,-0.015242085,-0.010379827
8/20/2008,0.020547,0.042317425,0.023411838,0.01730147,0.017493157,0.039155356,0.034468164,0.015307158,0.031140241,0.031212562,0.03348867,0.041242959,0.039857154,0,0.005649733,-0.015977101,-0.014688147,-0.014043531,-0.008659729,-0.001168907,-0.00623055,0.017937701,-0.025923685,-0.030567164,-0.015949301,0.000229121,-0.003766483,-0.039819214,-0.007955491,-0.037740328,-0.023055776,-0.024033199,-0.012042758,-0.001682794,-0.006929162,-0.030614636,0.000806777,-0.015086493,-0.04485878,-0.027345454,-0.013973213,-0.008333382,-0.022414732,-0.010186845,-0.071644537,-0.014430265,0.104868994,0.001429593,0.001703578,-0.002786293,0.004055156,0.023574878,-0.033530838,-0.009736326,-0.015527114,-0.014242357,-0.012500163,-0.007122076,-0.006445964,-0.011332962,-0.019649337,-0.021353124,-0.039135429,-0.031556831,-0.020885891,0.00261609,-0.019378475,-0.007897376,0.011514337,-0.040598005,-0.076707909,0.012725516,-0.012373977,0.012940511,-0.006674107,0.007387896,0.053540767,-0.000137315,-0.015541257,-0.017804625,0.041882168,-0.020062401,-0.031080196,-0.027587957,-0.007611835,-0.014859114,-0.010358314,-0.020506529,-0.021718524,0.025802839,0.064289486,0.018975901,0.023028945,0.014558316,0.019714681,0.097405884,0.011192889,0.021185571,-0.311820208,-0.249261039,0.063201858,-0.001700681,-0.018802595,0.002139496,0.032017801,0.018436632,-0.073834262,-0.063704045,0.023091176,-0.001335114,0.003801972,-0.001473568,0.00718482,0.003184378,-0.01355953,0.001167997,0.009766311,-0.003705514,0.003916965,-0.015935698,0.013229989,0.01831553,0.015519639,-0.00807876,0.00690253,0.007478223,-0.059761735,-0.086234678,-0.181817905,0.003413315,0.005349539,0.008907951,-0.002836881,0.004296043,0.004910724,0.019855764,0.010320009,-0.004761914,0.004785579,0.002020429,-0.015979035,0.004192878,-0.001370802,0.011826383,0.006582981,-0.000601504,0.018068594,0.009004563,-0.003325945,0.002357697,-0.008572546,0.000178364,0.002671814,0.009995918,-0.004808752,0.00376471,0.01390118,-0.008269906,-0.004597709,0.011428696,-0.011443432,0.002938429,0.001875118,0.007558615,0.003109455,0.00440668,-0.004354595,-0.005862827,0,-0.004983399,0.002348144,-0.011306653,-0.004746844,-0.011007449,0.023435957,0.006162569,0.01396233,0.011455538,-0.032881984,0.012407107,0.027467395,0.012353215,0.007725186,0.018883755,0.012259348,0.02051197,0.018323521,0.02443172,0.013510571,-0.000496894,0.016032052,0.016807118,0.001581028,0.030494147,0.012133617,-0.010181083,-0.003094136,0.049263692,0.009664368,0.02446732,0.035690367,-0.018018506,0.022953374,-0.006090153,0.013225015,0.000449539,-0.022868735,-0.015493964,0.008783544,0.023082387,-0.021288723,-0.00045798,-0.002595959,0.011602741,0.002269914,0.009063065,0.005520717,0.00584797,-0.033140938,0.00488156,0.004895971,-0.002288331,-0.015544354,-0.001348618,0.006079046,0.007898607,-0.010977059,-0.009743213,-0.004570881,-0.010836951,0.016774335,0.006999514,0.002111376,-0.015225208,0.000900495,-0.015751901,0.000831947,-0.016756568,0.022146762,-0.000295814,0.004089985,-0.007001195,0.004495652,-0.034066555,-0.003447822,-0.010907175,0.004784698,0.023347364,0.084277759,0.022557347,0.00817666,-0.026967926,-0.040230687,-0.003356647,0.004329457
8/21/2008,-0.018524,-0.008742843,0.004617305,-0.001144165,0.010779838,-0.020358337,-0.012656762,0.006570514,-0.048318577,-0.003785493,-0.008686991,-0.016978337,-0.016736792,-0.050010421,-0.002820876,-0.013264749,-0.006184312,-0.012451984,-0.008930364,-0.007513536,-0.021479032,-0.020958851,-0.022472856,-0.009945832,-0.030470257,-0.006896579,-0.00037743,-0.045833264,-0.025891414,0.020305266,-0.023599915,-0.041385216,-0.013133397,0.000210504,-0.018501325,0.070028604,-0.031956837,-0.052379661,0.003738322,-0.024049255,-0.017506953,-0.004718226,-0.023821153,-0.017906815,-0.02286436,0,-0.004434597,-0.020202707,-0.017600798,-0.007843177,-0.022509647,-0.036057037,0,-0.013673667,-0.022608348,0.004089985,-0.006309169,-0.011107595,-0.015403148,0.007897376,0.008979408,-0.018882188,0.013216051,-0.013045156,0.001171842,-0.013149433,-0.020812406,-0.017664182,-0.009127482,0.003353832,-0.059841899,-0.024534564,-0.018519048,-0.012217184,-0.003913899,-0.015898586,-0.014320054,0.000137315,-0.013341617,0.013875346,0.008983319,0.00853711,-0.007666789,-0.035383927,-0.017827502,-0.036589447,-0.006528859,-0.013441686,0.017804625,-0.020273599,0.023385681,-0.011342277,-0.001696764,0.04112477,-0.008502259,-0.019732846,-0.002551193,-0.000776699,0.097374164,-0.028082969,0.018829008,-0.007117468,0.011591989,-0.00192534,-0.011808714,0.019648223,-0.057158414,-0.085539197,-0.050296884,-0.016841085,-0.022694116,0.004414206,-0.00297281,-0.005419492,-0.025346979,0,-0.007055435,-0.000781861,0.000976849,-0.00544466,-0.013809195,-0.021092024,0.001411831,-0.012136579,-0.011067033,-0.002901556,-0.026747508,-0.094378937,-0.095008111,0.017681994,-0.004190455,-0.025508838,0.006371703,0.00077912,-0.006030169,0,0.006141268,0.000433839,-0.008112139,-0.00539691,0.00178811,-0.002513617,-0.014508026,-0.004077939,-0.005604986,-0.01739878,-0.007493572,-0.000996512,-0.008923651,0.000336361,-0.007703185,-0.019267725,-0.000296516,-0.034573427,-0.003292003,-0.003293346,-0.00345722,-0.003941323,0.025029748,-0.023543381,-0.001459973,-0.026214175,-0.016242095,-0.015174798,-0.012810674,-0.017744445,-0.015075662,-0.009452611,-0.000143916,-0.007521974,0.001480203,0.002733678,-0.000396589,-0.014357142,-0.007639964,0.001409018,-0.031913014,0.004042716,-0.025171299,0.00184786,-0.003701423,-0.019192912,-0.004465199,-0.015078369,-0.018445846,-0.012655502,0.003107737,-0.012141248,-0.006499559,0.001986098,0.000352061,-0.020202707,-0.011631364,-0.016733834,-0.006048406,-0.023002739,-0.028286668,-0.000728597,0.015071875,-0.002871797,0.012121361,-0.009132484,-0.037692506,-0.016631119,-0.028445223,-0.018598858,-0.005328331,-0.019795983,0.006537395,-0.021915525,-0.005934736,-0.013373499,-0.015530296,0.015737092,-0.010359566,-0.034042062,-0.00150263,0.00363769,-0.026262013,0.009975856,-0.037317763,-0.008050647,-0.019776518,0,-0.002275314,-0.00456527,0.001470589,-0.034868826,-0.001658456,-0.007290433,0.003861009,-0.001950819,-0.011934898,-0.031163995,-0.009495889,-0.0234063,-0.014659948,-0.043388833,-0.005301035,-0.006530151,-0.015079107,-0.004480963,-0.010427035,-0.025063969,-0.008002177,-0.039256524,-0.012488155,-0.026853064,-0.012759344,0.003710579,-0.038178911,-0.00628394,-0.07853864,-0.00590138,0.001233553
8/22/2008,0.037197,0.039598908,0.018258934,0.037634321,0.035805861,0.038172574,0.027434101,0.02419246,0.040029601,0.057481441,0.041412424,-0.020062935,0.031836599,-0.01811175,0.020965128,0.02152725,0.038934358,0.025914289,0.020269008,0.029034672,0.03882767,0.065861398,0.042473523,0.015776753,0.032611586,0.024608214,0.024425564,0.045833264,0.054239769,0.010000083,0.066402455,0.035965149,0.016854332,0.015662845,0.043471412,-0.029413885,0.04158773,0.059951357,0.039328342,0.02701515,0.047994303,0.040170179,0.043675064,0.02809366,0.039940549,0.024881666,0.004434597,0.074420293,0.026286373,0.012852929,0.042542368,0.086044726,0.058310867,0.028314793,0.015128882,0.016194686,0.011884097,0.034230013,0.032308243,0.073897246,0.016548841,0.105653728,0.033707028,0.047901231,0.034369904,0.032554958,0.036142292,0.026871745,0.022305758,0.002229655,0.026254491,0.043324261,0.034124046,0.037606418,0.045449925,0.042871176,0.048484867,0.002742357,0.041456714,0.015625318,0.035932009,0.048274833,0.015780424,-0.007479777,0.015436872,0.012959145,0.009561133,0.029427411,0.038937868,0.004323056,0.082846186,0.046952,0.027044846,0.025433389,0.001573825,0.042500301,-0.003906518,0.010819271,0.030459207,-0.117387544,0.00516797,0,0.047372458,0.025788789,0.011499738,0.030715506,0.074252847,0.057504494,0.004585995,0.046458255,0.027138934,0.014393981,0.019596569,0.032291305,0.016204058,0.022697647,0.032373243,0.030996802,0.000195255,0.024492855,0.023476601,0.068931084,0.016927032,0.018770103,0.01672597,0.016876301,0.048503261,0,0.104030728,0.017181211,0.013090887,0.01767404,0.058255593,0.0062112,0.023905521,0.022590927,0,0.033062625,0.029907408,0.017434505,0.026444908,0.017464061,0.014508026,0.015542604,0.026526754,0.019802627,0.010656608,0.024619658,0.019418086,0.003860037,-0.003779294,0.012108217,0.00133363,0.019121041,0.031164608,0.03609832,0.049408402,0,0.017817843,0.067477412,0.035874712,0.027014068,0.030379235,0.014873548,0.02392533,0.018999938,0.026851441,0.018816706,0.00788478,0.013609431,0.012128786,0.005027241,0.010849303,0.020376221,0.029352671,0.023359742,0.004663372,0.008695707,0.030016684,0.020707195,0.022005778,0.043450753,0.018940723,0.047678522,0.021053409,0.022905818,0.012505516,0.0257469,0.033435677,0.01281437,0.043115569,0.020202707,0.021440912,0.045871612,0.011727392,0.051584119,0.035412589,0.049067788,0.04747149,0.035516243,0.057074742,0.048198927,0.028637019,0.023328252,0.059293441,0.028437935,0.063024963,0.028396764,0.030376667,0.05997272,0.019823848,0.065582544,0.02053077,0.023150806,0.042507546,0.044464854,0.015419355,0.022618089,0.016363522,0.01575722,0.05306612,0.018307147,0.044278066,0.026632733,0.046727076,0.035951584,0.028252513,0.020299477,0.041220275,0.034754846,0.013777485,0.035934427,0.040523124,0.036727292,0.023350859,0.02928601,0.036864808,0.016603478,0.038724124,0.058976626,0.043249984,0.038801134,0.044057548,0.054334351,0.031372021,0.031392199,0.028821812,0.013083484,0.066743152,0.044902547,0.010101096,0.057890397,0.019349768,0.01981368,0.02905798
8/25/2008,-0.035683,-0.042412838,-0.032894212,-0.029652522,-0.032238251,-0.041792235,-0.033561491,-0.041279529,-0.036323606,-0.061789062,-0.039066185,-0.031230359,-0.023781924,-0.061930958,-0.01252626,-0.024003112,-0.06660908,-0.035506688,-0.025156125,-0.041604505,-0.049097337,-0.037522439,-0.031173967,-0.032268194,-0.040933409,-0.024838921,-0.010927046,-0.040679636,-0.042829702,-0.022642477,-0.048650509,-0.070352491,-0.031119909,-0.027519855,-0.015533086,-0.035446749,-0.042420716,-0.050839677,-0.047759306,-0.037208918,-0.039439117,-0.021429391,-0.035671464,-0.037168766,-0.038839833,-0.035597794,0.043296806,-0.07005665,-0.031061724,-0.024165267,-0.044614049,-0.052787505,-0.037041272,-0.035893401,-0.015891367,-0.040989345,-0.033206866,-0.027681201,-0.046740244,-0.072914445,-0.005878912,-0.099805758,-0.062565856,-0.024001152,-0.026371195,-0.038862033,-0.050973072,-0.056215372,-0.030962226,-0.025946182,-0.017825784,-0.048738459,-0.026807751,-0.024675203,-0.024933541,-0.045010214,-0.051695143,-0.002330524,-0.042678461,-0.00583092,-0.065637164,-0.059934507,-0.024541109,0.009341012,-0.023735675,-0.01856489,-0.037008629,-0.033635974,-0.055246606,-0.025016194,0.017758513,-0.025457352,-0.016186976,-0.029404275,-0.031273564,-0.029770284,-0.010447147,-0.010819271,0.037295785,0.157703081,-0.039963257,-0.019037206,-0.028258523,-0.0140803,-0.017142386,-0.013872358,-0.022858138,0.059932341,-0.056470831,-0.027615167,-0.022760348,-0.020468551,-0.009663578,-0.034958685,-0.016204058,-0.019201819,-0.029046837,-0.02787302,-0.004108389,-0.048668085,-0.019429183,-0.046025822,-0.030563607,-0.030416608,-0.013947708,-0.015217238,-0.042497237,0.030254408,0.041061487,-0.01462442,-0.016717496,-0.023513473,-0.01678455,-0.021119283,-0.016985078,-0.014125268,-0.016461277,-0.021419544,-0.020327379,-0.019239967,-0.018437748,-0.02462048,-0.01242252,-0.005154073,-0.017525356,-0.019598566,-0.036637207,-0.030619676,-0.019978467,0.004679153,-0.012573989,-0.012471919,-0.003560306,-0.01740651,-0.011142177,-0.011658607,-0.031815157,-0.015031229,-0.003649034,-0.003112036,-0.014672504,-0.014226518,-0.022791945,-0.016097538,-0.013601446,-0.021240298,-0.00804211,-0.01921251,-0.008172674,-0.009980676,-0.007701279,-0.025607155,-0.00353774,-0.018506585,-0.035260943,-0.020146565,-0.016713481,-0.031839775,-0.045072319,-0.012128711,-0.020770447,-0.03861788,-0.011240584,-0.049307629,-0.016189371,-0.031226359,-0.0335846,-0.027068341,-0.029948518,-0.033867779,-0.047436881,-0.020202707,-0.025990307,-0.036409685,0.006970983,-0.027445016,-0.041561913,-0.068943304,-0.053222225,-0.041284697,-0.057074742,-0.017378209,-0.028637019,-0.006086446,-0.04304969,-0.00938974,0.010274566,-0.033492749,-0.020004923,-0.035777992,-0.044475877,-0.025986928,-0.029623463,-0.025993736,-0.037936109,-0.028335472,-0.029553866,-0.024799115,-0.016363522,-0.017744445,-0.031748698,-0.0102565,-0.042947394,-0.043416978,-0.046727076,-0.021087562,-0.041566319,-0.040549209,-0.030151126,-0.0286758,-0.013392203,-0.025505951,-0.032286064,-0.039609138,-0.022442594,-0.026272214,-0.035599786,-0.027065252,-0.057889141,-0.030499728,-0.02139119,-0.029647265,-0.037563102,-0.029270382,-0.023369844,-0.053753964,-0.036341556,-0.042484265,-0.068349578,-0.019306999,-0.032343245,-0.032429333,-0.055520076,-0.037442797,-0.038865522
8/26/2008,0.0080402,0.00211119,0.014280857,0.012976205,0.007097262,0.013300279,0.007815593,0.005200069,0.021952101,-0.025721583,0.00767054,0.008614554,0.00069735,-0.002781643,0.049190244,0.018177853,0.063022705,0.007202912,0.007419011,0.016098833,0.014093763,0.027557944,0.008138397,0.016491441,0.00666299,0.009187019,0.005941347,0.01335448,-0.021294826,0.012642393,0.018402456,0.00291121,-0.029156584,0.005946078,0.016765373,0.0102565,0.00249688,0.012394525,0.002818226,0.006128722,0.005192365,0.003603608,0.013198608,0.006291527,0.106350125,-0.005893927,0.029229638,0.012977832,0.014258181,0.007932053,0.018899494,0.020352229,-0.000725953,0.009944423,0.017391743,-0.019007964,-0.032119549,0.010389704,0.006038666,0.016561509,0.006464906,-0.023599915,-0.000751033,-0.004056801,0.001658375,0.008620743,-0.002136753,0.001729805,-0.002593074,-0.012651118,0.031861102,-0.012015437,0.009234894,0.020488177,-0.000548998,0.027456846,-0.022765211,0.000274461,0.007308193,0.034486176,0.011657085,-0.0110064,0.011322818,0.010277583,0.013632149,0.016723834,-0.006303488,0.013035566,0.00596127,-0.001207001,0.045168968,0.006359322,0.00383234,0.022944304,0.010829281,0.068571138,0.00027274,0.015420506,0.079597967,0.18787853,0.009610325,0.011868717,0.008379206,0.015123162,-0.003779532,0.019546555,0.005763705,0.008275909,0.044708997,0.005982072,-0.007759823,-0.010393561,0.000693361,0.009357788,0.025346979,0.003869974,0.005175459,0.009120079,0.002936285,0.00465009,-0.000865926,0.024162249,0.007125582,0.018569852,0.004843462,0.008254277,0.017804625,-0.082805904,-0.071458964,-0.013048821,-0.007146534,0.024228269,0.004728141,0.012178504,-0.006248626,-0.014862269,0.023072031,0.002355209,0.02104577,0.011900893,0.034831558,0.001688477,0.003466208,0.012281052,0.012993446,0.006710752,0.02514759,0.006000018,0.011702558,0.001332889,0.013330992,0.001090711,0.002671417,0.010649728,0.006871403,-0.012727234,0.013099701,0.027242458,0.016719969,-0.022059718,0.013105106,-0.00027038,-0.002270149,-0.005834501,-0.019167908,-0.011926008,-0.009360443,-0.015962031,-0.014209315,-0.010362787,0.001103821,-0.009476702,-0.012082944,0.002882579,0.015641785,0.001002004,0.000295639,0.00523257,0.003266521,-0.004892976,0.007380107,0.008003244,0.017607498,0.014031531,0.014016874,0.013981944,0.00140746,0.01019578,0.003475041,-0.002028398,-0.054890812,0.003395589,0.001283615,-0.002475103,0.008235922,-0.00227402,-0.003212656,0.042218788,0.033533714,-0.004140793,0.001504891,0.009375069,0.00771708,0.014545711,-0.029589493,-0.003149609,0.013345136,-0.006149661,0.009839652,0.022510799,0.011579947,0.025986928,0.005692615,0.021824168,0.000414551,0.00354925,0.012127486,0.016600886,0.018455573,0.016906573,0.051975444,0.011389645,0.021053409,0.024848805,0.018059182,0.034638985,0.01771264,0.025306052,0.013904429,0.003629768,0.017185834,0.009615945,0.016012942,0.004319661,0.015315615,0.002773927,0.01131376,0.01091416,0.006172859,0.018354401,0.001350439,0.006337157,0.008966157,0.053024468,0.005299429,0.016057016,0.000243457,0.012578782,0.020684906,-0.002168414,-0.038805574,0.008344972,0.018248682,0.01537178,0.011449916
8/27/2008,0.01884,0.021558554,-0.005687893,0.015573173,0.056372312,0.014483106,0.018893949,0.011887,0.013181737,0.022160144,0.019411697,0.039248205,0.007638926,-0.016854332,0.009290047,0.004856736,0.013087635,0.013072082,0.002331456,0.009117538,0.045999408,0.056999444,0.005053068,0.007243128,0.033735517,0.01091416,0.005906256,0.010093253,0.01804807,-0.010101096,0.065917129,0.028655256,0.011764842,0.006121391,0.002460026,0.010152371,0.013212414,0.025429784,0.031396854,0.018163971,0.019581045,0.011749816,0.004361106,0.010398707,-0.00994044,0.005893927,-0.029229638,-0.005747142,0.012364259,0.010665271,0.012538081,0.013642776,0.034966102,0.003538261,0.005233657,0.051932749,0.005179442,0.012199188,0.016716807,0.007220248,0.01626997,0.08439602,0.048396541,0.004056801,0.021474475,0.020585599,0.01169604,0.013731764,0.021103637,0.004618946,0.012694919,0.010929071,0.003277617,0.024180798,0.016340233,0.014478019,0.051293294,0,-0.001619434,0.026023773,-0.015012792,0.044829763,0,0.01280115,0.015355388,0.006734032,0.024097552,0.026022925,0.005433454,0.020323473,0.059200958,0.019875131,0.018005698,0.004526358,0.000928819,0.046162042,0.015021596,0.044884123,0.142388846,0.179378523,0.048739558,0.015420066,0.030811166,-0.003340993,0.007857969,0.002973538,0.003824096,0.092642622,0.018349139,0.01577942,0.010109606,0.048079179,-0.008352232,0.000952129,0.02472036,0.017611481,0.019426028,0.016665456,0,0.014965169,0.035459679,0.033901552,0.019824902,0.00874277,0.022353972,0.007778954,0.033264094,0.038805574,-0.028170877,0.021654389,0.01640452,0.002854087,0.014715985,0.011646094,0.005803588,0.012488537,0,0.011904903,0.023071121,0.00778214,0.044358737,0.01838748,0.009641948,-0.002221729,0.026190007,0.005860378,0.011077614,0.018765983,0.011019395,-0.002000001,0.015579855,0.010842173,0.003403125,0.011375728,0.022220785,0.009041443,0.026513566,0.006050148,0.015501505,0.025689486,0.001097437,0.020078308,0.011299555,0.0107215,0.008844025,0.008716762,0.016169507,0.016357835,0.002916304,0.01091989,0.007206138,-0.00934891,0.000796813,0.001522714,0.018647288,0.01894804,0.002656828,0.024958944,0.022861488,0.023031321,0.009756175,0.022074211,0.01963928,0.022782442,-0.002177227,0.009415407,0.011884097,0.016550759,0.01855936,0.015613513,0.024684263,0.016807118,-0.002761812,0.037749069,-0.032002731,0.044525997,0.027586273,0.052077021,0.017784655,0.047406081,0.01492565,0.012108869,0.00861112,0.016706833,0.033673215,0.001800991,0.02700946,0.035682008,0.010586591,0.024190294,0.013072082,0.014674411,0.006788636,0.004169568,0.01194782,0.011156898,0.005010031,0.004285721,0.010395104,0.010285011,0.019825722,-0.004540303,0.010362787,-0.002680967,0.014069095,-0.001981376,0.010189317,0.001603482,0.006643912,-0.003023891,0.003402007,0.020341712,0.007006646,0.014265577,0.019478261,0.024174495,0.013656326,0.032921122,-0.001539646,0.016067999,0.014735699,0.014424835,0.013024987,0.023202897,0.008683123,-0.000702988,0.005825259,0.038533664,0.026419563,0.010795355,0.050843553,-0.036675479,-0.016408755,-0.00254561,0.007662873
8/28/2008,0.039957,0.058132598,0.040864774,0.051624365,0.016573134,0.045607055,0.03478394,0.024331416,0.051055171,0.05527364,0.033325737,0.094372533,0.051241408,0.091956636,0.058991461,0.044536019,0.012918559,0.029661959,0.026995034,0.013407506,0.068101425,-0.032970019,0.032724784,0.033269868,0.025879448,0.016373585,0.029912499,0.054859735,0.041407189,0.015113638,0.054209075,0.046905149,0.05591224,0.036164702,0.017052788,0.171318483,0.012230075,0.018388836,0.031322471,0.060153923,0.032700461,0.03640392,0.035061308,0.028553945,0.071321161,0.034652168,0.075469031,0.045078054,0.026963699,0.032411516,0.029699273,0.056204431,0.066465135,0.040239043,0.017738824,0.00806456,0.049668359,0.038803366,0.038901857,0.07215334,0.037889746,0.068901418,0.055008646,0.028601883,0.021975381,0.029634158,0.039383328,0.034185635,0.018708946,0.047252885,0.085672561,0.068267971,0.04228689,0.057689179,0.04231197,0.015283028,0.023167059,0.004107907,0.038550373,0.025363678,0.037927052,0.050839677,0.018758471,0.056709651,0.035550984,0.04474352,0.030825102,0.038024032,0.05463745,0.030305349,0.06336092,0.039599082,0.035746917,0.043553744,0.022985682,0.060182242,0.015989681,0.025994243,0.204451418,0.10578148,0.045507357,0.015185894,0.024229985,0.003549435,0.012754878,0.018532667,0.347857559,0.298681457,0.072555541,0.041526247,0.059865002,0.021286757,0.017837515,0.027533286,-0.001110494,0.028434389,0.04145363,0.032887867,0.000976849,0.036571658,0.016309968,0.026983087,0.036899513,0.01542447,0.007397478,0.032500353,0.125497787,0.082966298,0.179672549,0.017757656,0.015005641,0.027061922,0.05866974,0.012274799,0.014801993,0.009199697,0.021063968,0.014892777,0.021521136,0.018216239,0.02306394,0.029377878,0.037664169,0.003995566,0.018230573,0.018169612,0.01323619,0.044026249,0.013605652,-0.00150263,0.017173352,0.020986009,-0.000738825,0.028496663,-0.005666927,0.020784121,0.027023221,0.02299931,0.013573182,0.02756683,0.002816463,0.01864305,0.018553408,0.012114019,0.012500163,0.01878737,0.006150081,0.022305758,0.006964625,0.011352745,0.010532147,0.040035316,0.008328424,0.018591943,0.033674646,0.037798561,0.042424483,0.030541685,0.043102788,0.016931936,0.003634165,0.016625165,0.050806984,0.028912701,0.030058081,0.030515131,0.037341309,0.0238523,0.034582364,0.028573372,0.041484919,0.036010438,0.040029296,0.029007017,0.057591172,0.042105873,0.030122045,0.071155619,0.061884932,0.085295092,0.078331843,0.03892519,0.051975818,0.017595762,0.028623596,0.047010633,0.060145999,0.027398974,0.029877741,0.106066404,0.023001816,0.058656862,0.018250041,0.036763841,0.029358981,0.029629666,0.047337454,0.046309406,0.061658214,0.028624007,0.052850972,0.026937656,0.057587875,0.026055791,0.023974995,0.02506986,0.015091914,0.042788474,0.024390313,0.027480821,0.020172518,0.01819299,0.031562813,0.040255262,0.039119538,0.021180147,0.038698904,0.026345726,0.001539646,0.031652567,0.018445846,0.032066466,0.041790688,0.049226941,0.01637038,0.012578782,0.034256442,0.06001801,0.082399532,0.039991299,0.025317808,0.050977152,0.055420794,0.024616628,0.019852519
8/29/2008,0.0014148,-0.009129506,0.026343975,-0.004728141,0.027878629,-0.009898492,-0.014991299,-0.000277932,0.03882906,0.010076861,-0.007910182,-0.006273546,-0.005271841,0.045462374,-0.044564981,0.012433962,0.025346979,0.002861232,-0.001134001,0.000229595,0.014648149,0.119643501,0.002922554,-0.004810856,0.009341012,-0.004459316,-0.005552087,0.005469476,-0.014140063,-0.007528266,0.01268516,-0.010840215,-0.015792246,0.004455252,-0.008490045,-0.075090451,0.010479741,0.005344748,-0.006186498,0.026023773,-0.011233549,-0.008853968,-0.014388737,0.002677378,0.032039354,-0.002842257,-0.060747419,-0.006910878,0.006577619,-0.003248514,-0.003909309,0.025296458,0.010443959,0.008445996,0.004385972,0.011976191,0.002805051,0.012202714,-0.007430729,0.011976191,-0.005564845,-0.014184635,-0.003393285,0,-0.027830961,-0.000628141,0,-0.026036184,-0.0010699,0.005479466,0.01670185,0.027042209,0.002506267,0.014710851,-0.006233786,-0.022495836,0.037457563,-0.000273336,-0.006257353,0.038601284,-0.057444006,-0.008658063,-0.005035257,-0.023548666,-0.020427823,-0.006438418,0.003414429,0.008639363,-0.004206597,0.026809233,-0.015940328,-0.017575145,0,0.011667311,0.000288642,-0.026301576,0.003299244,-0.019432062,-0.150384197,-0.157628944,-0.002905571,-0.01405307,0.003449129,-0.010265095,-0.013068014,-0.00496714,-0.035669076,0.004324999,-0.00093985,0.004370909,-0.003955388,-0.013140794,0.002913705,-0.026265189,-0.003338901,-0.010381999,-0.013890471,-0.003683245,-0.001172333,0.00877391,-0.004947784,-0.009193546,-0.011063254,0.000204061,-0.001676446,0.003153333,0.053736981,0.133929403,0.015789802,0.006483623,-0.01055193,-0.010807147,0.017996142,-0.002290077,-0.010360503,0.010411338,0.008401334,-0.006475218,0.00445435,-0.004577665,0.003593536,0.007610692,-0.024049255,0.005963574,-0.006883919,-0.003170831,0.003112948,0.007462721,-0.001622938,-0.002007025,-0.013269638,-0.020087779,-0.000739372,-0.017248888,-0.005910931,-0.008854638,0.01579188,-0.010582109,0.000846203,0.002012073,0,-0.006524883,-0.003683245,0.000601866,0.005265615,-0.00094682,-0.01171768,0.006172859,-0.003621355,-0.004691605,-0.011019062,0.010646171,-0.002966481,-0.005825098,-0.005341725,-0.013431971,-0.022286637,-0.006880761,-0.008921163,-0.015136066,0.00241546,-0.017405197,-0.002961868,0.015652933,-0.000846382,-0.011946164,-0.010599914,0.004077158,-0.014356956,-0.007801112,-0.026806033,0.028528084,0.013137083,-0.028666166,0.023076731,0.002606204,-0.009625617,0.013767426,-0.009448889,0.029714017,0.009543358,0.005649039,-0.014576632,0.002322881,-0.00322301,-0.013829088,0.003954137,-0.011650617,-0.019402053,-0.018738221,0,0.009650256,-0.014498395,-0.026415352,-0.011197877,-0.009970172,-0.013435903,-0.021668948,-0.02013326,0.001611171,-0.018795468,-0.006666691,-0.025879448,-0.011398633,0.011420538,0.001159869,-0.014368063,-0.016584128,-0.01282188,-0.002950725,-0.022439236,-0.014252486,-0.006283796,-0.006825965,-0.010169579,0.004841559,-0.010333955,-0.019367939,-0.020987945,-0.017491564,-0.010498784,-0.006048406,-0.019464686,-0.011418657,-0.001805753,-0.003246003,-0.005746131,0.013660317,-0.062657053,-0.010369951,-0.011735256,-0.006025765,-0.028220568,-0.020941712,-0.011339241
9/2/2008,0.013574,0.046713547,0.026966448,0.006299233,0.029608462,0.012745653,-0.000249688,0.020497313,0.176136345,0.039092163,0.015758284,0.046720236,0.030581433,0.045846388,0.052009184,0.011376687,-0.092923951,0.033158418,0.004340039,0.016845379,0.013333531,0.107959366,0,0.00698998,0.061110649,0.007790802,0.010007231,0.037470931,0.102190941,0.022416879,0.03387354,0.016216572,0.005602256,0.019212118,0.005466154,0.022676709,0.042392533,0.028378152,0.007067167,0.039573509,0.021458132,0.013739176,0.027744529,0.009314771,0.00449439,0.017866014,0.012448294,0.070932736,0.020682002,0.003248514,0.008191971,0.047957178,0.031322471,0.023002261,0.014482512,0.003960401,0.004889985,-0.00975023,0.015936592,0.15415068,-0.011787956,0.0319516,0.038671485,-0.000655953,-0.004578164,0.013728765,0.022111454,-0.013962427,0.002138657,0.080799042,-0.015649772,0.036861593,0.028987537,0.041659739,0.029270382,0.014373964,0.028987537,-0.000957265,0.043752181,0.064968721,0.039484339,0.050858417,0.011543416,0.010298352,0.039996138,0.026652794,0.021080039,0.011120731,0.023606743,0.092800598,0.061402702,0.023530497,0.017516729,0.039502443,-0.013907853,0.03569683,-0.012061913,0.064720191,0.082738127,0.138507903,0.005802724,0.011538048,0.010763313,0.000421053,0.007488335,0.000585652,-0.012649501,-0.004944386,0.021856252,0.007448824,0.019933172,0.014010737,-0.011706107,0.00987818,0.003338901,0.01148799,0.014667321,0.018100869,0.006819315,0.006747223,0.021535519,-0.005894754,0.049364968,0.013175421,0.0113448,0.011737224,0.022340729,-0.033997609,0.068122171,-0.005527509,0.007284186,0.011846828,0.059683582,0.015921489,0.001549873,-0.013555995,0.016109697,-0.000628865,0.019635025,0.010864948,0.013460219,0.021709951,0.012096922,-0.0015427,-0.009485323,0.005542374,-0.002435396,-0.014981554,0.001082251,0.002341138,0.00684111,0.02325067,0.002511636,0.008661634,-0.003181002,0.008402457,0.015546368,-0.019334652,0.004430854,-0.031651443,0.027979887,-0.003409839,-0.014121379,0.00090212,0.001851852,0.024022369,0.028136413,0.00192123,0.002753425,0.002210556,0.006795318,-0.011906146,0.007301463,0,-0.004209646,0.006881419,0.006336427,0.011214215,0.017488301,0.030626658,-0.006049625,0.004282662,0.002222223,-0.008553511,0.014709238,0.012385885,-0.001184734,-0.001566171,0.002444174,0.019869808,0.008046294,0.015504187,0.008199505,0.043784771,0.065612163,0.014470537,-0.0480827,0.002482931,0.025221736,-0.02139119,0.024129857,0.011445395,0.015781815,0,-0.004729318,0.018539009,0.031847352,0.012293911,0.007888768,0.036652038,0.005274274,0.00119976,0.003551074,0.016338008,0.014770728,-0.002866974,0.022451385,0.01996624,0.00297177,-0.001073826,0.017699577,0.019868203,0.014870162,-0.001765226,0.007072165,0.004626068,0.022183378,0.023141529,0.010973792,0.00471699,0.01799149,0.018218634,0.006283796,0.021681066,-0.007266542,-0.001098298,0.009147011,-0.02463829,0.012490404,0.002753306,0.002635048,-0.001214084,-0.006754044,0.011418657,0.010274943,0.021595142,0.028634658,0.000797766,-0.007547206,-0.002086957,0.003367007,0.016889533,0.026479923,0.000846143,-0.000807673
9/3/2008,0.015683,0.029871351,0.011292264,0.025827882,0.009267907,0.018438422,0.017942695,0.009216655,-0.004572482,0.032523192,0.017666661,0.0313357,-0.006428823,0.037041272,0.078424969,0.017937701,0.034359208,0.039029344,0.014394117,0.014788529,0.044259787,-0.049012658,0.037235805,0.030019407,0.048373584,-0.007567363,0.009732006,0.018737536,0.043333125,0.078146253,0.013715423,0.08477474,0.028455339,0.054015058,0.001815432,-0.050585497,0.08187394,0.009283202,0.038001118,0.004399479,0.058827863,0.035897609,0.049342803,0.023561299,0.01070483,0.04376268,0.103709669,0.028027312,0.000601866,0.007539077,0.019619787,0.008692271,0.021171401,0.00913622,0.024148901,0.003944778,0.032227678,0.00122399,0.036044933,0.014259153,0.020123653,0.094738261,0.063966088,0.04176643,0.001146507,0.025395276,0.03994686,0.027398974,0.044567863,-0.013191465,0.024923408,0.097040284,0.046326573,0.019898154,0.031384892,0.02913315,0.083553023,0.000957265,0.035777373,0.047252885,0.056838026,0.051672011,0.001495887,0.000772947,0.035852479,0.006837633,0.038867645,0.05543189,0.017233987,0.041242959,0.046883586,0.00690338,0.016339511,-0.006476325,-0.040830704,0.011621281,-0.026210633,0.013532006,-0.014915531,0.037883318,0.034126534,-0.003363232,0.003642991,0.002942415,0.004342439,-0.017422558,0.201698841,0.016590242,0.037910677,0.011070224,0.001707942,0.007795622,0.01119254,0.002610831,0.004434597,0.01026402,0.00735013,0.000362319,-0.001165728,0.009499208,0.000539229,0.01342302,0.026253579,0.002413517,0.005624498,0.001554606,0.130620182,0.207459233,0.190418767,0.00057323,0.004543526,0.025646815,0.050829688,0.013076966,0.007493974,0.012001188,0.024869766,0.008560445,0.020242934,0.008607757,0.028684137,0.013188709,0.028319311,-0.002871344,-0.007934697,0.013333531,-0.005297126,0.037041272,0.000540687,0.00050096,0.015541039,0.014110503,0.002799678,0.027942697,0.000424719,0.000904159,0.004617169,0.003464707,0.003152919,0.017481165,-0.01278344,0.008633147,0.028409954,-0.002106214,0.00645461,0.005839881,0.004813487,0.011070928,-0.002028104,0.01561034,0.00554753,0.006701596,-0.011071683,0.007814488,0.017977073,0.00522492,0.021304598,0.008385318,-0.00192811,0.016396168,-0.012210164,-0.002333723,-0.016036145,0.021989892,-0.010062978,0.009625275,0.00977426,-0.108150891,0.01585238,0.024177523,0.028413247,0.079805993,0.013756862,0.008876438,-0.004987542,0.004607124,-0.052075257,0.048996797,0.03657229,0.020685474,0.013158085,0.020846568,0.004506542,0.014968616,0.033369141,0.001280683,0.019682694,0.004171352,0.001239926,-0.00432797,0.02801013,0.004784698,0.027963559,0.0325502,0.017869891,0.037474451,0.02334373,0.042048236,0.013264749,-0.019528692,0.022765211,0.045923713,0.05387299,0.010981881,-0.002822867,0.013371737,0.01892801,0.039095014,0.012774148,0.020955365,0.026756223,-0.005421117,0.024992022,0.030365369,0.031668257,0.0236736,0.023088484,0.018972552,0.012336317,0.042261706,0.015666117,0.001214084,0.028328992,0.013877066,0.020989518,0.022028313,0.018905867,-0.000797766,0.099433897,0.008321823,0.00836825,0.05466416,0.032565003,0.021752113,0.019800647
9/4/2008,-0.05021,-0.074294696,-0.037259212,-0.06913858,-0.077330113,-0.046483767,-0.055471745,-0.018656495,-0.046912917,-0.032523192,-0.040118197,-0.100972279,-0.044173299,-0.085359849,-0.057629113,-0.037125133,-0.060926235,-0.049029427,-0.041108165,-0.026824554,-0.101028717,-0.055236128,-0.030449546,-0.040522786,-0.010237409,-0.04524418,-0.032027069,-0.086105509,-0.078220384,-0.002280503,-0.111791406,-0.014888612,-0.036870536,-0.043172172,-0.043874816,0.094452179,-0.084182521,-0.046226717,-0.056660034,-0.064362944,-0.044338038,-0.02813058,-0.049342803,-0.029539398,-0.081300523,-0.055009284,-0.071252459,-0.067558151,-0.051018879,-0.042746234,-0.002670229,-0.064171424,-0.037669237,-0.014630739,-0.029193957,-0.05878085,-0.077122998,-0.019765931,-0.023699098,-0.047691662,-0.009452392,-0.082238098,-0.050325084,-0.043079628,0.004083972,-0.039124041,-0.054969677,-0.049240716,-0.037648648,-0.031122844,-0.058063801,-0.088505382,-0.07531411,-0.032769923,-0.039515018,-0.039379142,-0.033403239,-0.000683667,-0.084642643,-0.055350095,-0.043744549,-0.069740605,-0.033953097,-0.049292512,-0.034051488,-0.04352297,-0.043886477,-0.063975299,-0.0347702,-0.005227062,-0.058506426,-0.054271992,-0.052377405,-0.052755488,-0.061052031,-0.058280462,-0.035531428,-0.029323615,-0.13119221,-0.083300798,-0.039929259,-0.029631798,-0.035532976,-0.024645394,-0.009328426,-0.026257733,0,-0.029686781,-0.062120426,-0.05274292,-0.042950901,-0.026225279,-0.024615561,-0.027598897,-0.032605474,-0.017660503,-0.047557546,-0.030901852,-0.005653588,-0.042578299,-0.026770241,-0.011735256,-0.032471215,-0.038289046,-0.026748502,-0.021590633,-0.048076133,0.016260521,-0.047480538,-0.015205759,-0.017578159,-0.022188997,-0.008849615,-0.018734156,-0.021081442,-0.033222143,-0.018594099,-0.026331168,-0.028659076,-0.022536165,0.002671248,-0.006572612,-0.016366977,-0.006880507,-0.023229298,-0.021459629,-0.020778181,-0.001819837,-0.019651287,-0.003344485,-0.014620143,-0.013058425,-0.0050155,-0.022618089,-0.009385734,-0.043168849,-0.006160974,-0.01086731,-0.032787724,-0.062569682,-0.008965897,0.001041396,-0.01724497,-0.013646914,-0.025129289,-0.020434148,-0.021845529,-0.021489699,-0.006838877,-0.009282076,-0.02805062,-0.01705125,-0.005382252,-0.019905316,-0.047734165,-0.040608828,-0.025908923,-0.049216795,-0.035642892,-0.012055255,-0.003692312,-0.032452393,-0.018975901,-0.041378254,-0.032986499,-0.037712417,-0.0479185,-0.017974052,-0.035801489,-0.046007155,-0.05979913,-0.092190052,-0.040856798,-0.024989025,-0.017804625,-0.02901758,-0.032868053,-0.110357896,-0.106163596,-0.077780297,-0.009192448,-0.044365535,-0.052303523,-0.014388737,-0.061967826,-0.036051678,-0.084697034,-0.049895482,-0.027215412,-0.106700101,-0.034872126,-0.026603746,-0.029644074,-0.041366805,-0.022835638,-0.01645095,-0.043382569,-0.049231438,-0.046450298,-0.030874376,-0.052817556,-0.03505404,-0.058805182,-0.046499212,-0.021429391,-0.034752532,-0.02389432,-0.022030122,-0.0229067,-0.026855087,-0.021938723,-0.027256078,-0.034053247,-0.037090344,-0.025253867,-0.042307679,-0.018349139,-0.000437158,-0.043059489,-0.041986791,-0.018301164,-0.030386243,-0.032947938,-0.064940554,-0.02791351,-0.030702186,-0.023717424,-0.036574576,-0.127085428,-0.034425598,-0.006688988,-0.029589493,-0.04307298,-0.027406637,-0.032608303
9/5/2008,0.035456,0.051897687,0.057898141,0.04121536,0.061835536,0.043688695,0.040770139,0.020947447,0.05512839,0.041813239,0.033954849,0.075624621,0.050281661,0.055369135,0.053047203,0.011009286,0.037740328,0.029705154,0.037575578,0.053164971,0.049012658,0.064538521,0.034191365,0.040945172,0.020371075,0.033558654,0.03624426,0.100779036,0.050479354,0.089481687,0.089919331,0.067658648,0.035965149,0.039032158,0.023721462,0.285533844,0.065597282,0.034868826,0.060044132,0.053771495,0.044338038,0.034223872,0.047763024,0.017173474,0.055231631,0.048745282,0,0.09969936,0.037083483,0.028699541,0.018918461,0.084421337,0.088716044,0.017883215,0.042439183,0.006243517,0.020202707,0.040347771,0.046849526,0.045827033,0.029179059,0.077650934,0.058877366,0.039928034,-0.00375664,0.036704197,0.030802236,0.015649772,0.015612983,0.035200322,0.048790164,0.022409901,0.028379449,0.061603929,0.039024462,0.030428311,0.073331273,0.001230265,0.044726036,0.028848154,0.05611903,0.031748698,0.040409538,0.06215134,0.02794593,0.027495151,0.031774903,0.063572804,0.048169239,0.07688825,0.080319371,0.016720647,0.031351954,0.017896189,0.024734386,0.044904281,0.017714508,0.032678197,0.092190052,0.029852963,0.039929259,0.008638119,-0.01544139,0.007713773,0.013035566,-0.000917852,-0.01514298,0.0418008,0.05143466,0.036091287,0.002426204,0.021555202,0.024786779,0.00779627,-0.00918491,-0.010072833,0.024357363,0.028362859,0.005070214,0.002239643,0.008820344,0.010067199,0.022865479,0.015533086,0.014299175,0.010657294,-0.014016402,-0.006936444,0.012605209,0.014250193,0.005176888,0.013712933,0.019802627,0.003775014,0.010929071,-0.017034345,0.045622772,0.007654726,0.019086466,0.009379499,0.029292368,0.01118623,-0.007287213,0.001557806,0.014049523,0.002782196,0.045925745,0.00725956,0.01151013,0.001673641,0.008797711,-0.027179931,0.003690313,0.005702663,0.002354705,0.013822406,0.031929736,0.013889112,0.032766738,0.02465291,0.036559507,0.009066245,0.013965681,0.019353492,0.018674679,-0.023098638,0,0.00193761,-0.002777983,0.010639849,-0.017467693,0.020593289,-0.021619187,0.004214792,0.013489656,-0.008821109,0.047044303,0.003029875,0.015873349,-0.079922395,-0.013656326,0.02855071,-0.029551139,0.013814494,0.008241209,0.018664222,0.022269535,0.000355556,0.00451774,0.024704574,0.003912703,0.042689409,0.014438457,0.077267931,-0.028239314,-0.023405324,0.021328454,0.065691449,0.044143504,0.019645513,-0.026739561,0.024970698,0.017533323,0.014388737,0.023094542,-0.005766261,0.011357613,-0.003709328,0.022246458,0.03218426,0.001058761,-0.023977999,-0.008633687,-0.009582551,-0.004090393,-0.000843763,0.024281126,0.023746028,-0.027469983,0.013746885,0.003384098,0.012889545,0.017157284,-0.008272106,0.018598533,0.015594858,0.02389432,-0.002358745,-0.014682617,0.006487784,-0.0171518,0.000498629,-0.002785164,-0.013587166,-0.004699859,0.003353082,-0.007117468,0.041119283,0.015873349,-0.016630095,-0.002642009,0.006234434,-0.004914015,0.014598799,-0.006713167,0.008446575,0.001032999,0.006600684,-0.001558847,0.052222098,0.024856292,0.055341989,0.015720848,0.005090509,0.013817146
9/8/2008,0.042289,0.074706171,0.074175313,0.063489203,0.045184731,0.047941628,0.045971129,0.032967836,0.098610513,0.114499604,0.03582654,0.125514267,0.072916787,-0.035760664,0.070904552,0.082706198,0.094187215,0.037238345,0.03549586,0.04965634,0.058331869,0.022884294,0.044735894,0.045406066,0.077571915,0.043133967,0.021681536,0.101083088,0.117939298,0.062710128,0.092999419,0.050124387,0.068267971,0.08630398,0.032172729,-0.365934269,0.062913825,0.021572485,0.047824447,0.071061125,0.062634082,0.094460201,0.059833795,0.034752532,0.05751253,0.057557297,0.069391993,0.057901582,0.054998036,0.015654841,0.025167872,0.057672288,0.064062705,0.027885203,0.01648389,0.066222787,0.037158148,0.043383122,0.031432656,0.11948206,0.030985385,0.058052012,0.072150897,0.05107231,0.088278778,0.031597263,0.055199549,0.03692206,0.046258885,0.074471225,-0.068549314,0.080681753,0.086200018,0.085560209,0.08958412,0.028559302,0.121144383,0.001638002,0.09592702,0.094879238,0.014498537,0.100730247,0.033109159,0.042925045,0.075388242,0.058279795,0.02368162,0.065820911,0.080929626,0.106088185,0.067387157,0.02792283,0.086097667,0.054742995,-0.009209547,-0.001757985,-0.023404424,0.060427605,-2.266318915,-1.757073911,0.071908778,0.051135598,0.057498492,0.01923746,0.01984495,-0.005217136,0.034605529,-0.024993681,0.018625816,0.065587411,0.068217126,-0.000520246,0.004611845,0,0.023932766,0.042934497,0.053755743,0.053388429,0.003882746,0.086936803,0.01145988,0.003333336,0.075558351,0.035332231,0.034152063,0.025965419,-0.045538129,-0.006984895,-0.133829677,0.026789001,0.022549349,0.013863282,0.086557389,0.013844936,0.030583423,0.03220026,-0.01342302,0.042100567,0.041577928,0.01572461,0.10828001,0.029480593,0.035274722,-0.001335114,0.025678348,0.03125865,0,0.118385627,-0.018147322,0.001002841,0.024514566,0.029455643,0.00117803,0.017713829,0.031775424,0.03923861,0.030578916,0.017941532,0.010459495,0.054596462,0.016892946,0.02193406,0.024158377,0.021627269,0.035144483,0.038617261,0.035556623,0.044670561,0.030283497,0.014012625,0.022402928,0.042351606,0.05174254,0.027053347,0.040543255,0.04048346,0.09044521,0.055933893,0.049914391,0.035641253,-0.003757049,0.018206972,0.034519619,0.047628049,0.045183958,0.073145971,0.058801172,0.009200348,0.051822791,0.027838552,0.067987627,0.026511126,0.038987429,0.018243133,-0.044073863,0.028126025,0.025779321,-0.135296618,0.061595012,0.031666858,-0.006798123,0.045145324,0.035968522,0.00796817,0.036699107,0.034109122,0.052126505,0.047502334,0.045840514,0.032186686,0.055569851,0.059688915,0.031542504,0.023786375,0.046965237,0.043497085,0.025082597,0.042978568,0.061644163,0.053700537,0.083156358,0.058047382,0.058979355,0.033578472,0.057827534,0.03160362,0.038819992,0.05857671,0.028968574,0.040892539,0.028181324,0.027921594,0.038791537,0.051977055,0.032444388,0.021852762,0.04803402,0.03261383,0.03405902,0.045884619,0.038915416,0.03760988,0.047303408,0.009017194,0.02456623,0.065546765,0.045085007,0.062171413,0.073662141,0.096912448,0.022654691,0.046746583,0.0846979,0.037374592,0.043437882
9/9/2008,-0.065786,-0.065748582,-0.068846982,-0.073502462,-0.05902143,-0.051254999,-0.020777785,-0.052541657,-0.058516056,-0.068039636,-0.0570707,-0.15643519,-0.073878788,-0.221930695,-0.125163143,-0.060598373,-0.031966192,-0.017914072,-0.02714934,-0.016838564,-0.023355626,-0.113690742,0.016821999,-0.024511031,-0.040680642,-0.017471508,-0.031726559,-0.044771916,-0.073915683,-0.103184236,-0.010502722,0.028479471,-0.018787914,-0.006072718,0.013646014,-0.155702271,-0.083322697,-0.082586591,-0.009708814,-0.080869496,-0.016986385,-0.069539668,-0.018032044,-0.010171734,-0.091791014,-0.032733327,-0.065407924,-0.042210252,-0.045887739,-0.030453686,-0.033447934,-0.043889528,-0.020527767,-0.01912917,-0.026226486,-0.078749046,-0.027207817,-0.055438723,-0.002581979,0.013162414,-0.010576513,0.015070253,-0.045146556,-0.022445589,-0.061795719,-0.020753784,-0.003710579,0.078634743,-0.032258138,-0.061333088,-0.036121308,-0.034665516,-0.024288119,-0.065461915,-0.028209332,-0.022583189,-0.08396538,-0.001774623,-0.043051268,-0.056144729,-0.113813651,-0.046520016,-0.043059489,-0.009913795,-0.052040878,-0.024243612,-0.031019607,0.011617144,-0.061596862,-0.088649379,-0.150408016,-0.057698493,-0.068582531,-0.055354803,-0.059673659,-0.112226653,-0.037943355,-0.075272682,0.304660409,0,-0.117674629,-0.006833428,-0.048356732,-0.039069971,-0.02882751,-0.048544041,-0.231111721,-0.139545916,-0.21428571,-0.08632331,-0.05505693,-0.027432703,-0.048355698,-0.021506205,-0.033202821,-0.02878683,-0.071465887,-0.035749382,-0.006219651,-0.059791806,-0.039285827,-0.028693952,-0.062186132,-0.034715898,-0.027991025,-0.034244591,-0.170572664,-0.266109587,-0.275819537,-0.034852012,-0.041809955,-0.036591533,-0.027856955,-0.031712737,-0.028146289,-0.053979205,-0.021192222,-0.025922044,-0.06472944,-0.032362472,-0.084508549,-0.025652104,-0.027987508,-0.012547778,-0.048640371,-0.002503612,-0.04273285,-0.060423839,-0.014533515,-0.002508992,-0.027621577,-0.012846635,-0.011098893,-0.040722239,-0.02071854,-0.027672439,-0.038089278,-0.01364045,-0.02737013,-0.0588405,-0.016563649,-0.029700084,-0.029280964,-0.018338284,-0.018327086,-0.026526754,-0.025788536,-0.028922204,0.003827892,-0.024378239,-0.018884895,-0.022989518,-0.001552795,-0.029411441,-0.066056227,-0.069573483,-0.047358309,-0.059485453,-0.063219612,-0.04223158,-0.026702159,-0.092856379,-0.145861329,-0.068162651,-0.067902278,-0.050042151,-0.063457557,-0.10227343,-0.088549434,-0.095635966,-0.072880903,-0.078590275,-0.048651719,-0.119441536,-0.05388843,-0.080042708,-0.0841643,-0.596873764,-0.079157329,-0.10822394,-0.121712985,-0.068629769,-0.074568695,-0.060766355,-0.119295666,-0.055692694,-0.081873547,-0.049531418,-0.071062532,-0.033225648,-0.045567135,-0.051355533,-0.044634428,-0.03346164,-0.040190279,-0.042091208,-0.017584905,-0.034632667,-0.088269804,-0.038217783,0.001035733,-0.045321865,-0.040917455,-0.024848805,-0.019588603,-0.009414492,-0.015483312,-0.063526683,-0.021223919,-0.030948029,-0.015104358,-0.034122234,-0.028198752,-0.056089467,-0.048417099,-0.039412871,-0.043283418,-0.038506103,-0.061195561,-0.046723428,-0.034955015,-0.03347508,-0.048124763,-0.052522435,-0.048158412,-0.068050465,-0.025883144,-0.102445312,-0.108586325,-0.0395656,-0.085122253,0.020716372,-0.086432506,-0.025875377,-0.049713206
9/10/2008,-0.01244,-0.003696862,-0.017660503,-0.010649728,-0.070169715,-0.001788681,0.015653541,-0.027696433,-0.027447496,-0.050209835,-0.006335149,-0.074107972,0.016860587,-0.352355283,-0.024541109,-0.030813494,0.019529627,-0.01230291,0.011204085,-0.013295542,0.002145924,-0.002538072,-0.022193543,0,-0.01333946,0.012262032,-0.001595321,-0.009652585,0.00134499,0.075349437,-0.022112986,-0.035168459,0.004301082,-0.031827297,0.007631384,-0.127339422,-0.023846137,0.055808472,-0.015567705,-0.030939684,-0.028284714,0.009526042,0.029139155,0.003189795,0.046048651,-0.004387896,-0.022111454,-0.035347982,0.005426604,0.002757101,0.025374496,-0.045904598,-0.049996048,0.002545042,0.009742596,0.006282743,-0.006385265,-0.018360369,0.02300127,-0.011176974,-0.018782414,0.007450806,0.00531445,-0.00677134,0.039527133,0.009244139,0,-0.001230391,-0.015394233,-0.025420789,-0.033901552,0.015748357,0.008539762,-0.009137699,0.009187019,0.018692133,0.0299603,0.000273224,0.003213715,0.02402518,0.011814483,-0.007103679,-0.051819749,0.014288574,-0.065792869,0.012746086,0.036951995,0.009640416,-0.031832927,-0.02933826,-0.003613373,-0.00210471,0.001756698,0.024184976,0.031524919,0.009794398,0.022706608,0.039978675,-0.291054757,-0.287682072,0.031687721,-0.004673548,-0.013744172,0.004561754,0.00527542,0.0258264,0.028170877,0.007776639,-0.048518018,-0.011494379,-0.011062237,0.016093724,0.022985453,0.003255564,0,0.026269296,0.014351452,0.016807118,-0.000390016,0.004344999,0.022598256,0.015293416,-0.000250658,0.017710387,0.007277571,0.016879694,-0.129304681,-0.027822506,0.124052649,-0.005411687,0.008445012,0.009705449,-0.057067781,0.013714501,0.007056259,0.009155287,0.000475851,0.019402053,-0.013326696,0.008572423,0.046602149,0.000763942,0.012463264,0.008978736,0.005308893,0.009213117,0.035161095,0.015241616,0.008410479,0.000334896,0.010379771,0.010746162,0.009478744,0.028274778,0.024233482,0.016423727,0.02457309,0.014063731,0.016406825,0.011628038,0.005700572,0.013679398,0.028568206,0.02097256,-0.008220476,0.016311529,0.034630326,0.022608348,0.014051095,0.007648221,0.003630677,0.032118377,0.019048195,0.023334392,0.022184468,-0.009887814,0.014652277,0.02621873,0.061881103,-0.00473411,0,0.017122991,0.03510653,0.051059865,0.002207019,0.002021661,0.001036628,0.035266207,-0.007745608,0.010188575,0.018317923,-0.048318577,-0.025560497,0.025365906,-0.010585723,-0.012550079,0.050971654,-0.071839391,-0.023043031,-0.060776087,0.071352694,-0.037321528,-0.006147892,0.008995563,0.033229209,-0.014652277,0.032968522,0.013116045,0.012690526,0.008796952,-0.004725659,-0.016736792,0.030285396,0.01789449,0.006334773,0.017546753,-0.007027436,0,0.022412891,0.02973192,0.033590944,0.009438979,0.032866808,0.014532499,0.00544219,0.013902159,0.021477336,0.007308717,0.017994985,0.007538453,-0.002601748,0.021732436,-0.00175769,-0.002751033,0.009958948,0.003174606,0.007475935,0.020472827,0.054322682,-0.00336229,0.010485024,0.011079309,0.014952025,-0.013333531,0.015267472,-0.025621713,-0.009384432,-0.040180077,0.058055516,-0.00900907,0.027493141,-0.016443875,-0.003478264,-0.01999785,0.007586139
9/11/2008,0.022847,0.02016567,0.044188894,-0.003754362,0.011482733,0.055466162,0.040965353,0.030027277,-0.010830431,0.015351179,0.054719259,-0.054509406,0.065622318,0.198709526,0.020898118,-0.020456315,0.020270964,0.040606686,0.016664033,0.031781893,-0.002145924,0.002538072,0.008046534,0.038536506,0.009799633,0.01661849,0.01006098,0.021114028,0.019960743,0,-0.02577261,0.008908745,-0.009486919,0.002691309,0.006412147,-0.050643733,-0.029852963,-0.027514963,-0.014975321,0.008283526,-0.004518389,-0.001807502,0.043234399,0.014543412,0.061947408,0.032874933,0.020121403,0.029341958,0.017091036,0.044691152,0.013904359,0.01892801,0.017523813,0.004804493,-0.001386002,0,0.020430439,0.003083567,0.014049403,0.01476647,-0.010345859,-0.07255929,0.014035318,-0.003093105,0.013994752,0.000890076,0.020239881,0.030911552,-0.006996705,0.001029336,0.064464202,0.034133006,0.014072847,0.022689572,0.026620115,0.010664182,0.021028812,-0.000136603,0.026039473,-0.014947961,0.012505373,0.03564986,0.02803922,0.029569397,0.018091855,0.010408201,0.010980502,0.011374182,0.011612457,0.031422525,-0.002718624,0.015419095,0.016536495,0.016000341,0.055970134,-0.048595251,0.027289357,-0.009186416,0.052643733,-0.112117298,0.017799065,0.018023426,0.005112486,0.009491012,0.020827705,0.017782406,-0.001389854,-0.036576325,0.002853069,-0.03596334,0.00048352,0.019286498,0.004012216,-0.006303684,-0.011709736,0.022080669,0.00808125,0.027683429,0.000779879,0.019534806,-0.005532518,0.010067199,0.030612116,-0.022239007,0.00378321,0.001555815,0.025739498,-0.031849826,0.105360516,0.002516212,-0.009615459,-0.006922838,-0.001088139,0.003022292,0.005915232,-0.010828927,-0.001428232,0.003061539,0.007539446,0.005891997,0.009270453,-0.003825559,0.003903713,0.010005642,-0.0065194,0.000763942,-0.02473744,-0.010135222,-0.032920112,0.001839927,0.007939414,0.003149058,-0.000442315,-0.012195273,0.004941332,0.00923326,0.013516188,-0.032253925,-0.024099088,-0.021243497,-0.00614964,-0.006171272,-0.002141328,-0.065532877,-0.0163357,-0.005303397,-0.028573372,-0.049255995,-0.012778381,-0.01756839,-0.012449076,0.007086644,-0.008228924,-0.030102607,0.002256004,-0.009882017,0.033459896,0.020128767,0.003476404,0.024684897,0.0051414,0.018462063,0.013116329,-0.017400389,0.005277057,0.040845076,0.002931289,0.007130824,0.029943052,0.0392597,0.029101916,0.051458297,-0.003559854,0.019558121,0.017693554,0.006865016,-0.003994147,-0.541166341,-0.026241964,-0.181635097,-0.077535094,-0.005410293,0.015459245,0.026511126,0.014132661,0.001843318,-0.037688786,0.042517849,0.029407793,0.015337724,-0.006335818,0.015075662,-0.000185305,-0.006158076,0.014983388,-0.000276129,-0.002824861,0.031738309,-0.031629546,0.016114468,-0.004012041,0.009350717,0.002306806,-0.005424968,0.013477293,0.004096077,-0.031020694,0.007680857,0.006722869,0.01034492,0.014043098,0.005384515,0.013727908,-0.011080446,0.010713623,0.027906711,-0.018595986,0.004538898,-0.001533743,0.002242782,0.010376228,0.007116021,0.01153601,-0.014486009,0.005730675,0.013700435,-0.014762527,0,-0.037271395,-0.009090972,0.011794576,-0.040111683,-0.055520076,0.001705515,-0.006977125
9/12/2008,-0.014218,0.020359985,0.035878288,-0.035552008,0.018629947,-0.011681807,-0.001262264,-0.000684978,0.050430854,0.029167841,0.005400553,-0.000700525,0.012914767,-0.035975102,0.052144514,-0.015144634,0.08747578,0.067924256,0.01160831,0.028005077,0.022305758,-0.005082603,0.006213957,0.029408118,0.057700032,0.022225489,0.016719303,0.028091735,0.046340337,0.017982503,0.08925043,0.056049151,0.042415179,0.037109683,0.004637689,-0.046520016,0.063955601,0.039963257,0.041860851,0.061325298,0.049397715,0.038594278,0.008427016,-0.008194184,-0.011059236,0.034298636,-0.003992021,0.035506688,0.017191281,0.011518452,0.00072648,0.04356822,0.050250481,0.039932237,0,0.006243517,0.020704673,0.062650965,0.010409016,-0.023065273,0.035487595,0.075735577,0.009823829,0.033509075,0.011862892,0.008857454,0,0.025340189,0.007867861,0.088553397,0.090535446,0.068881008,0.045350574,0.020539162,0.025061765,0.001926783,0.016055391,-0.000136621,0.046819949,0.035506688,0.020500923,0.051199481,0.002046037,-0.01083011,0.037391644,0.012456159,0.036005421,0.024149669,0.044722017,0.108686329,0,0.004915286,-0.008669322,0.031252544,-0.007921362,-0.010974047,0.009817751,-0.003963017,-0.052643733,-0.248896047,0.0638419,-0.0037961,-0.015416544,-0.002364321,-0.00090978,0.038221213,0.043544294,-0.052485809,-0.368548164,0.00597413,-0.027443735,0.00839693,0.009702086,0.018043815,-0.01184848,-0.010979391,0.018670321,-0.036494058,-0.003905492,0.008467451,-0.000277431,-0.010910725,-0.02051039,0.008423265,0.002623382,-0.000777605,0.017778246,0.003231021,0.133218844,0.007510868,0.00190128,-0.000694927,0,0.008638551,-0.012086731,0.010276441,0.003329373,0.004067526,-0.003077452,-0.001960144,0.033935727,-0.002686626,-0.009788006,-0.000663937,0.013713676,0.01327537,-0.006550362,0.012653058,-0.001154735,-0.002342313,0.001795655,-0.008243491,-0.001180463,-0.001637332,-0.006800644,0.009814935,-0.006552626,-0.007017573,0.019911856,-0.046698955,0.015598623,0,-0.047183738,-0.006890099,-0.019771553,-0.025341869,-0.030035969,-0.021761492,-0.000848296,-0.013662557,-0.006856299,-0.024422935,-0.010430846,-0.029287192,0.004496796,-0.00125523,0.003510535,-0.084051335,0.003198297,-0.011173301,-0.002567396,0.01011131,-0.003368424,0.045584957,0.0104713,-0.011000598,-0.011080446,-0.000748223,0.021939136,-0.006355436,0.023835071,0.033901552,-0.01812156,-0.016583404,0.014065872,-0.017831936,0.009294981,-0.14510796,-0.030182637,-0.13066806,-0.018779895,-0.038983077,-0.001279181,-0.044583907,0.029700084,0.002758622,-0.014013682,-0.005780363,-0.021870069,-0.010711656,0.005282632,0.020161144,0.025975486,0.012278463,0.009287992,0.010712917,0.003294896,0.017241806,-0.000544811,-0.001836066,-0.007060039,0.001033592,0.014865911,0.005424968,0.018568173,0.009983444,0.006145461,-0.003833054,0.018821304,0.017569168,0.016378892,-0.000292954,0.015496559,0.011080446,0.008489015,0.0163777,0.008747571,0.023195343,0.005357839,0.005306534,0.030497916,0.015678713,0.025024353,-0.013712262,0.013159782,0.007581886,0.003797254,0.063033378,-0.017558312,0.000652103,0.005012542,-0.008417975,0.005509656,0.014100628,0.007077886
9/15/2008,-0.10245,-0.239654329,-0.048129589,-0.164223513,-0.081692057,-0.106585256,-0.035054413,-0.035571084,-0.041397369,-0.030256573,-0.024228926,-0.286981547,-0.100866562,-0.311154429,-0.085542794,-0.057410907,-0.141295293,-0.029399472,-0.02426213,-0.048169984,-0.040734463,-0.003828977,-0.023277685,-0.022666074,-0.028433912,-0.032120171,-0.041433868,-0.064189757,-0.131556704,-0.130988659,-0.002173127,-0.108393295,-0.020982725,-0.019878597,-0.046767919,0.006779687,-0.083571765,-0.019782009,-0.052817556,-0.051293294,-0.020186714,-0.02645657,-0.037767225,-0.042669692,-0.111175317,-0.011579947,-0.068278841,-0.047628049,-0.009535929,-0.021574107,-0.032475179,-0.076123695,-0.046205402,-0.03039195,-0.031703959,-0.118820918,-0.055472276,-0.026965291,-0.016907414,-0.042559614,-0.037130981,-0.149054456,-0.070884086,-0.046605614,-0.127005911,-0.037435124,-0.035221435,-0.004958447,-0.036174157,-0.019972133,-0.087196545,-0.098683129,-0.023238009,-0.046677014,-0.034905244,0.000962001,-0.099185712,-0.014588753,-0.059051448,-0.123613956,-0.038052565,-0.010152371,-0.008209384,-0.011129176,-0.044589156,-0.028940049,-0.041088521,-0.044419388,-0.042947394,-0.016951839,-0.073410184,-0.093247792,-0.027362696,-0.108848707,-0.055341377,-0.156452177,-0.032194513,-0.019379156,-0.193191229,-0.16507975,-0.361164849,-0.03117924,-0.064711158,-0.023074598,-0.023949563,-0.065491356,-0.185255283,-0.126190101,-0.936258117,-0.086349783,-0.056028954,-0.032607814,-0.050023683,-0.036974603,-0.100208929,-0.035523851,-0.055459755,-0.050641434,-0.0273718,-0.095710766,-0.146136266,-0.065382759,-0.105236438,-0.061596862,-0.034483303,-0.036036368,-0.241295559,-0.187496213,-0.158536652,0.012394095,0.005100937,-0.03826184,-0.146918683,-0.016211477,-0.018971666,-0.011952887,-0.033312276,-0.021334142,-0.037332087,-0.019371066,0.023184712,-0.014711841,-0.055963371,-0.021934631,-0.064650037,-0.041544436,-0.054328043,-0.031505373,-0.037673672,-0.048564059,-0.023047931,-0.024965633,-0.025117182,-0.033322533,-0.02703717,-0.030424882,-0.048644083,-0.020005113,-0.02230227,-0.07229254,-0.036629733,-0.027456294,-0.018904155,-0.016157488,-0.017586385,-0.009347369,-0.003116238,-0.038740828,0.012649501,-0.022428193,-0.004725122,0,0.002327387,0.008703275,-0.075300206,-0.069673446,-0.088673926,-0.009901071,-0.063722817,-0.027849901,-0.104218637,-0.068274532,-0.089968085,-0.074071115,-0.014866911,-0.030854797,-0.062127317,-0.084700494,-0.066598808,-0.071658791,-0.039155623,-0.146603474,-0.12934367,-0.157548452,-0.001664171,0.001160093,-0.004238417,-2.855374916,-0.106911848,0.000586338,-0.19472038,-0.145459043,-0.083381609,-0.079688161,-0.088296488,-0.056672387,-0.083246631,-0.065204336,-0.054438124,-0.133091929,-0.083473243,-0.06044643,-0.07147234,-0.073117589,-0.157591364,-0.055327882,-0.201297458,-0.084166425,-0.126471901,-0.036357921,-0.11576079,-0.080645506,-0.173057001,-0.054192467,-0.06725794,-0.059108112,-0.06758377,-0.069800903,-0.083855588,-0.09975826,-0.051483318,-0.147596045,-0.102462866,-0.13550106,-0.091092544,-0.075324953,-0.061639586,-0.032293834,-0.152244102,-0.06531877,-0.083490447,-0.074077289,-0.098332432,-0.26493166,-0.076971295,-0.126461002,-0.223086128,-0.094724577,-0.261720349,-0.098574956,-0.060103924,-0.032856127,-0.497484007,-0.081350386,-0.091408481
9/16/2008,0.072407,0.107053996,0.105761052,0.032916815,0.090878473,0.096250518,-0.045620025,0.086466876,0.054256526,0.064742749,0.06612754,0.072038338,0.119358854,0.148420005,0.084387392,0.051192279,0.057158414,0.08572595,0.039066771,0.020782128,0.085916686,-0.012870191,0.0468905,0.013739176,0.118404644,0.049140092,0.053962995,0.070326628,0.046259123,0.048467636,0.107823036,0.016222836,0.060075651,0.055160411,0.044451763,0.096537927,0.108762014,0.051240717,0.06241763,0.046973633,0.068752939,0.044995579,0.066714801,0.060236016,0.104308337,0.079914708,0.058228505,0.094200917,0.043056493,0.02261469,0.05969749,0.019185241,0.081904163,0.065708218,0.069136025,-0.067658648,0.08574704,0.058280119,0.065509714,0.042559614,0.029707829,-0.064620324,0.113659318,0.059109498,0.089437809,0.057514367,0.075387477,0.047117923,0.040691975,0.035852897,-0.021337137,0.115764289,0.09883297,0.117207165,0.07532768,0.055179962,0.094624701,0.012674092,0.07679173,0.029175489,0.128777277,0.076805411,0.049746504,0.075589597,0.063832855,0.038581259,0.038451488,0.075967746,0.050140147,0.086513741,0.011650617,0.016575741,0.09266279,-0.022487295,0.014253136,0.044171218,-0.044654881,0.058956167,-0.239672853,-0.405465108,0.048790164,-0.005057611,0.027249642,0.029081911,0.02788598,0.008543004,-0.035892923,0.009561133,-0.238491828,-0.044255009,0.010974764,0.029360226,0.005603268,0.031606327,0.005256254,0.050370359,0.02949948,0.057520375,-0.008278694,0.03465129,-0.082293151,0.049219073,0.087585608,0.0097435,0.024940618,0.011227063,0.096159437,-0.019646997,0.066939483,0.081484795,0.055970521,0.033034437,-0.032684742,0.028846353,0.026899477,0.049109704,0.06876375,0.126248039,0.03011432,0.025023255,0.055561127,0.083038336,0.019911403,-0.013441369,0.019937569,0.049799642,0.087861356,0.013745921,0.00776819,0.023976131,0.053612981,0.061792338,-0.003336369,0.088704141,0.044460999,0.111610964,0.048644083,0.118032468,0.040563229,0.06947643,0.065111751,0.055182857,0.040394422,0.089164917,0.04077038,0.011270446,0.054658413,0.051854467,0.021006853,0.028864483,0.052246501,0,0.025061092,0.039087389,0.045262707,0.059257233,0.031765793,0.053658654,0.049519175,0.059188871,-0.023089049,0.042595518,0.072953637,0.059105834,-0.000440626,0.031554636,0.076816944,-0.006538642,0.005722476,0.023947006,0.021848523,-0.007042283,-0.018547327,-0.021873024,-0.005678986,0.115913334,0.048954485,0.356674944,0.081938928,0.26245444,0.081075689,-0.114758723,-0.009084619,0.040637646,0.046833101,0.035325869,0.095031279,0.045034491,0.115528906,0.073396362,0.061096177,0.092513306,0.07147234,0.058777979,0.069879363,0.032109592,0.053159368,0.036515213,-0.004338402,0.045504724,0.021361127,0.054479702,0.051293294,0.011358381,0.039274769,0.061313185,0.078416645,0.079778695,0.054515641,0.041343274,0.018825857,0.056340531,0.031410621,0.065622318,0.012879663,0.052098668,0.021658489,0.075205358,0.147653428,0.037927533,0.046520016,0.037517572,0.073041305,0.040307723,0.061210731,0.132849342,0.006581795,0.085476928,0,0.060031979,0.076633226,0.066111025,0.121791057,0.024900042,0.057906398
9/17/2008,-0.10138,-0.082866771,-0.017620369,-0.115642471,-0.077379156,-0.130039387,-0.127539211,-0.06483378,-0.076995113,-0.027745051,-0.056365412,-0.232746419,-0.043892358,-0.143432464,-0.104718461,-0.075215924,-0.048956845,-0.074845526,-0.043990644,-0.028159124,-0.034732807,0.035627178,-0.034289073,-0.002732775,-0.031859726,-0.053038732,-0.031534144,-0.041854954,0.012253387,0.082521024,-0.097004322,-0.073931153,-0.051629655,-0.1167211,-0.057260721,-0.056797598,-0.019376279,-0.073570193,-0.026625211,-0.053345981,-0.050134853,-0.062575477,-0.022673592,-0.03996726,-0.002587324,-0.062594687,-0.014242357,-0.101544892,-0.073027973,-0.031698375,-0.072532698,-0.049503007,-0.055721677,-0.043279321,-0.044391037,-0.119346758,-0.059382848,-0.049996048,-0.027138062,-0.062230077,-0.047407406,0.035993603,-0.057255648,-0.084539985,-0.015463018,-0.074440452,-0.083914293,-0.023709832,-0.058546339,-0.051342074,-0.185277112,-0.076776301,-0.049236029,-0.051481956,-0.067266732,-0.028612935,-0.037256928,-0.013783816,-0.049734928,-0.08498033,0.034247427,-0.067842101,-0.055429805,-0.034392222,-0.08620311,-0.022642477,-0.050678026,-0.032973875,-0.048368668,-0.110128237,-0.059659836,-0.087898317,-0.056630773,-0.088252622,-0.091639257,-0.123877961,-0.034655415,-0.046217141,-0.110000895,0.037740328,-0.161119349,-0.064876606,-0.086718165,-0.033274789,-0.02788598,-0.014279157,-0.042415179,-0.174394581,-0.603916047,-0.298296274,-0.114993272,-0.033954685,-0.088716966,-0.096559749,-0.550483304,-0.077677087,-0.169628089,-0.088338581,-0.046481396,-0.138698202,-0.107765389,-0.140662863,-0.068199335,-0.073296143,-0.079987604,-0.081372672,-0.079476937,-0.182321557,-0.119583216,-0.029964125,-0.003442344,-0.079606046,-0.163093918,-0.022783432,-0.061982749,0.015586103,0.022208028,-0.051370244,-0.074824656,-0.075626575,-0.064640307,-0.070249943,-0.070402041,-0.022029876,-0.056805711,-0.016009382,-0.01141335,-0.074370543,-0.038839833,-0.030149535,-0.02412726,-0.027012395,-0.030382474,-0.098065911,-0.054067221,-0.082074379,-0.046346112,-0.055376049,-0.05314747,-0.089013071,-0.04094139,-0.039140435,-0.080898401,-0.065805269,-0.037871361,-0.047877996,-0.040403445,-0.054352387,-0.005073021,-0.048580981,-0.022359654,0,-0.032254668,-0.053049221,-0.125699027,-0.058135654,-0.131187258,-0.120521599,-0.077706258,-0.080269594,-0.067950662,-0.06129578,-0.08502435,-0.073659106,-0.109334908,-0.102767608,-0.086309803,-0.070047724,-0.105994732,-0.089821157,-0.067839923,-0.050735518,-0.14984949,-0.130583449,-0.02751065,-0.003102381,-0.053477574,-0.836248024,-0.104651245,-0.1359819,-0.084921848,-0.277283365,0.009432384,-0.074107972,-0.008715227,-0.039220713,-0.060955918,-0.086802275,-0.112010873,-0.071055811,-0.067992756,-0.086043583,-0.067214543,-0.108115338,-0.077802438,-0.051057834,-0.084092678,-0.069775762,-0.1019158,-0.0335966,-0.120428356,-0.042236922,-0.098263254,-0.048696051,-0.102362013,-0.073882086,-0.121578107,-0.006144738,-0.044574039,-0.061406643,-0.044231381,-0.079008932,-0.087297296,-0.026947738,-0.053508775,-0.047206405,-0.059415012,0.007677581,-0.083114907,-0.065359547,-0.002600782,-0.061646555,-0.048376696,-0.130361818,-0.038221213,-0.033062773,-0.062828632,-0.075408193,-0.1341293,-0.133144321,-0.035032774,-0.043249984,-0.06329485,-0.095043549,-0.065441895
9/18/2008,0.075973,0.117129227,0.108459546,0.171212322,0.110147909,0.119096726,0.064741767,0.093337443,0.295014828,0.144779048,0.097956121,0.463678845,0.101464212,0.397138665,0.17394252,0.10126523,0.13615339,0.160105789,0.117173465,0.114981946,0.082757714,0.271933715,0.11877638,0.09822015,0.135995783,0.085436787,0.052129065,0.154287376,0.351247522,0.37531207,0.293761119,0.151317817,0.157628944,0.202133978,0.114161453,0.356674944,0.1560123,0.168789551,0.190735231,0.186877373,0.130435947,0.174025912,0.19566736,0.165459585,0.408339499,0.126557005,0.324397285,0.254585077,0.140383743,0.091741628,0.129867775,0.092887038,0.255425815,0.149997275,0.062922342,0.214656937,0.207551457,0.119287828,0.131840775,0.133930391,0.091141601,0.292405747,0.339135797,0.161391443,0.225124902,0.110653744,0.108969599,0.023709832,0.088098409,0.070617567,0.149455836,0.076006181,0.178237613,0.124052649,0.23995067,0.086074609,0.18666167,0.018699844,0.166105918,0.121062676,0.208131722,0.110818526,0.217115054,0.113675066,0.059592097,0.257655604,0.162280806,0.157101285,0.188203927,0.228298345,0.142964222,0.132580225,0.152978528,0.0362409,0.061968257,0.073234228,0.042910622,0.05002667,0.130620182,0.200670695,0.403131385,0.016987445,0.070457644,0.048979696,0.034212255,0.020247449,0.144947779,0.365901047,0.2717014,-0.072701832,0.107864666,0.129249301,0.007261341,0.122278489,0.591567388,0.101941709,0.197513292,0.190353728,0.084086543,0.110520923,0.084126962,0.090542483,0.127173338,0.137753859,0.055894084,0.076175778,0.557512738,0.201968554,0.301105093,0.061767407,0.05618476,-0.01678788,0.087330856,0.055120491,0.074191316,0.034774914,0.034797609,0.109583981,0.122645215,0.099615732,0.064945604,0.003843202,-0.011738946,0.053635216,0.056305836,0.079005234,0.188827469,0.319789737,0.038244418,0.044974719,0.099998573,0.040166042,0.062814518,0.066567244,0.059943036,0.121011667,0.057965705,0.084477592,0.077688578,0.112425512,0.057987258,0.067339187,0.011460311,0.012711379,0.032903949,0.013678278,0.019500923,0.08199674,0.007395268,0.016553304,0.028536625,0,-0.012171332,0.014828008,0.180947501,0.043432641,-0.04732598,0.100278475,0.048123164,-0.118520771,0.089612159,0.050502815,0.123733432,0.185805881,-0.039102726,-0.092878652,0.102813793,0.040505322,0.044463256,0.098017924,0.112546769,0.204381275,-0.058443596,0.121193709,0.049380309,0.10463524,0.059274691,-0.955511445,0.041661121,0.130556932,0.081375745,0.036121308,0.138430707,0.057536529,0.083911972,0.041563183,0.049735604,0.091719512,0.047995501,0.108453332,0.105533511,0.120930842,0.089358305,0.044951388,0.136991309,0.082168395,0.085182003,0.153489321,-0.002754823,0.039044791,0.122650579,0.070466711,0.124830281,0.032088315,0.22613309,0.156294062,0.098416308,0.05780763,0.09282961,0.056031891,0.056096555,0.108736007,0.055345696,0.099577514,0.126636899,0.109303464,0.097017986,0.145316361,0.091515109,0.073627591,0.076430422,0.0930073,0.090180066,0.046711789,0.11826392,-0.028372388,0.044986432,0.206614249,0.63147536,0.274436846,0.098546179,0.274918899,0.350976923,0.110333467,0.081872128
9/19/2008,0.12148,0.203461257,0.040680212,0.215305103,0.167783178,0.154900586,0.014473937,0.02759054,0.304660409,0.072679679,0.032496767,0.257045103,0.072949,0.351645596,-0.02291426,0.102551525,0.135057722,0.082811455,0.129458067,0.072193477,0.103540679,0.061856356,-0.063109836,0.059498378,0.007894326,0.022459573,0.047317146,0.138167975,-0.053802706,0.077212962,0.104022723,0.101096117,0.06937594,-0.022438079,0.091019398,0.306816027,0.090054891,0.086102699,-0.020478531,0.09393182,0.016060485,-0.006517179,0,0.036093333,0.060692155,0.02700946,-0.097980408,0.194156014,0.015291349,-0.037928698,0.084115407,0.120559063,0.249765991,0.037041272,0.048009219,0.242946179,0.028170877,0.069689979,0.055935632,0.089567833,0.102554749,0.163931692,0.038325114,0.066249386,0.036161156,0.080320524,0.177760545,0.031574346,0.10519218,0.031322471,0.185258416,0.091239713,-0.080187835,0.115876457,0.049291292,0.12955011,0.02718614,-0.005463748,0.042559614,0.08842281,0.092715458,0,0.000833681,-0.0520422,0.197145171,-0.064847601,0.187425469,0.142897633,0.088354561,0.155539744,0.106070743,0.068477595,0.037260103,0.086497898,0.076817167,0.245616407,0.039134473,0.051863474,0.342286206,0.510825624,0.042092215,0.049296622,-0.012647955,-0.025161242,0.008373255,-0.012289425,-0.544365353,-0.083381609,0.358531955,0.510825624,0.09703772,-0.010482768,0.063817201,0.140158738,-0.141650517,0.217373512,0.05426963,-0.044798143,0,0.180052718,0.278356323,0.231583935,0.026552312,0.087011377,0.044547476,0.041222716,0.072075834,0.25304229,0.21993842,0.110423818,0.047988845,0.208024054,0.315062053,0.008544018,0.029674501,-0.008644854,0.036553156,0.106222213,0.099754565,0.025904937,0.021142437,0.052309272,0.058756153,0.011049836,0.024204689,0.082468912,0.070780182,0.096644403,0.044270479,0.018933296,0.044942526,0.09288564,0.001763151,0.048790164,0.029852963,-0.000787712,0.06295785,-0.018385028,0.029852963,0.12613496,0.168136922,0.001949318,0.017527226,0.097939331,0.113728765,0.036438644,0.05002514,0.045419704,0.015031768,0.027834799,0.137207313,0,0.117629404,0.147822723,0.010362787,0.145480751,0.122943386,0.010387093,0.130886809,0.150453818,0.051507557,0.119451093,0.158093137,0.065624887,0.088969241,0.024206931,0.092606562,0.195049891,0.095195244,0.180619429,0.117783036,0.169614906,0.183863577,0.140466497,0.15849577,0.112795494,0.083381609,1.481604541,0.089207911,0.29062425,0.440944258,0.187849487,0.161004007,0.090272976,0.081917122,0.092882426,0.204637685,0.220130514,0.054947697,0.156021728,0.053548145,0.064538521,0.025459091,0.023888215,0.046655127,0.019329461,0.180323554,0.055528588,0.203362993,0.094721979,0.07172683,0.0102565,0.104236288,0.073321607,-0.060923174,-0.079845522,0.024507694,-0.070642031,0.00088347,0.04850498,0.028344921,-0.017708851,0.056797598,0.062561981,0.010984479,0.026317308,0.066768176,0.035729686,0.025526912,0.05657461,-0.035608427,0.035257221,0.028753557,0.089803895,0.014320054,0.017975319,0.05699709,0.054067221,-0.213331794,-0.08530161,0.122898136,0.025613453,0.048790164,0.056720617,0.053770494
9/22/2008,-0.085307,-0.093044871,-0.047539124,-0.031483171,-0.104707483,-0.142474979,-0.075264245,-0.071582109,-0.238411023,-0.09416219,-0.081865133,-0.121791057,-0.123389173,-0.243946679,-0.084005664,-0.12095261,-0.092201139,-0.062893784,-0.255076598,-0.097980408,-0.043197549,-0.115659062,-0.02831592,-0.080265326,-0.180477105,-0.076283305,-0.131825393,-0.113328685,-0.131953313,-0.280153806,-0.150542738,-0.116101757,-0.07297436,-0.112690391,-0.132960127,0.039349339,-0.236690996,-0.105360516,-0.18591421,-0.153231562,-0.0841188,-0.133531393,-0.142881088,-0.16532398,-0.10470043,-0.134132655,-0.088795499,-0.262128998,-0.131980604,-0.059734886,-0.120124732,-0.097328344,-0.256752919,-0.04271773,-0.071227509,-0.101209902,-0.115909791,-0.1485566,-0.1420245,-0.084924581,-0.169984183,-0.186811622,-0.248974311,-0.198450939,-0.088665637,-0.142805029,-0.242981894,-0.038572275,-0.171471541,-0.121645109,-0.25846182,-0.113047431,-0.085640105,-0.163667121,-0.161301548,-0.115898021,-0.18692986,0.00328183,-0.133848903,-0.138986503,-0.199434274,-0.141627366,-0.112329185,-0.079282953,-0.081830018,-0.081955507,-0.200670695,-0.127173088,-0.134874576,-0.112049927,-0.114991409,-0.080001239,-0.0289613,-0.045593771,-0.106752964,-0.050124387,-0.065180767,-0.080142993,0.135341348,0.435318071,-0.077283674,-0.046935345,-0.049053065,0.00688619,-0.036389703,-0.023741892,-0.09763847,-0.058346551,0.203735651,-0.221505549,-0.077341161,-0.050813285,-0.087161486,-0.199040571,-0.205189748,-0.159492376,-0.126220168,-0.037721174,-0.013763489,-0.16065236,-0.197462634,-0.231583935,-0.103622896,-0.07536232,-0.043024505,-0.055756682,-0.380318715,-0.03379738,-0.227970592,-0.098816319,-0.083695073,-0.107098136,-0.140736776,-0.02803922,-0.071264215,-0.034024838,-0.051381164,-0.10449956,-0.107015323,-0.04362719,-0.010817413,-0.062332486,-0.057281226,-0.016397443,-0.022955469,-0.175238462,-0.153758396,-0.292136423,-0.020726131,-0.008333382,-0.127272794,0.012893618,0.001320326,-0.042410557,-0.06208402,-0.087011377,-0.086333641,-0.023163975,-0.068992871,-0.170636812,-0.097455336,-0.006349228,-0.013997118,-0.095785153,-0.074663682,-0.020333119,-0.010386706,-0.111700653,-0.019270511,-0.008156423,-0.102324194,0,-0.112310766,-0.129804217,-0.120363682,-0.109741955,-0.100702845,-0.106684143,-0.124789229,0.000634719,-0.09531018,-0.102073742,-0.097250045,-0.031433523,-0.053313945,-0.041541957,-0.115651023,-0.232043357,-0.053109825,-0.200197591,-0.022472856,-0.14862463,-0.072024095,-0.133712846,-0.047546183,-0.123581062,-0.088168115,-0.146603474,-0.074088832,-0.050401631,-0.31275571,-0.004419897,-0.138847412,-0.066144821,-0.123247376,-0.069297517,-0.141245801,-0.216539846,-0.128283518,-0.088603247,-0.117291273,-0.101004936,-0.106738876,-0.079625532,-0.123556717,-0.06197158,-0.250211141,-0.077134366,-0.134738005,-0.107218887,-0.132351451,-0.115617016,-0.17403205,-0.089237062,-0.099315653,-0.141356035,-0.10185475,-0.105958709,-0.043035823,-0.139990149,-0.10055501,-0.088251947,-0.138216613,-0.098929625,-0.089152705,-0.110831805,-0.089646959,-0.089043957,-0.09560674,-0.104853832,-0.113728765,-0.091543333,-0.120895782,-0.071186336,-0.07808964,-0.070096296,-0.126114409,-0.128631138,0.007843177,-0.081378214,-0.010944022,-0.049162119,-0.156375375,-0.115614173,-0.087859374
9/23/2008,-0.002924,-0.025205189,0.024425235,-0.001,-0.035642553,-0.005945026,-0.028138684,-0.053244515,-0.128416292,-0.051605929,-0.028749413,-0.118159613,-0.029129673,-0.039821494,0.026067827,-0.029477853,0.009708814,-0.044097004,0.035853922,-0.03665435,-0.064178226,-0.028544242,0.050901573,0.065126264,0.017857617,-0.01184447,-0.001819837,-0.01423416,-0.043357699,0,0.022161572,0.012875714,-0.030749128,-0.007207555,-0.035458524,0.17640915,-0.02765824,0.105360516,0.029462033,-0.057063847,-0.002584458,-0.036253691,0.020874861,-0.018904155,-0.007224595,-0.011290443,-0.018018506,-0.080637516,0.005103053,-0.001621184,-0.034128202,-0.028551902,-0.076943513,-0.062880485,0.018617559,0.029156584,-0.013819315,-0.04633139,-0.054964094,-0.017445925,0.003807456,0.072522476,0.088805559,-0.017666075,-0.028208721,-0.002368968,-0.03711001,0.006997929,-0.009759702,0.039029344,-0.015306421,0.012519725,-0.007220248,-0.052292795,-0.000392542,0.034974422,-0.028104894,0.000955175,-0.04149704,-0.016340233,0.019231362,0.029618363,-0.00936775,0.02901776,0.007722046,0.025061553,0.039877959,-0.048565167,-0.001537279,-0.152740143,0.003577821,0.026334811,-0.013497478,0.013703314,-0.021880088,0.001334223,0.026046294,-0.000652103,0.505749471,0.440150666,-0.079558798,0.006171952,-0.002910363,0.000857449,-0.005574496,-0.002600782,-0.008583744,-0.00826451,0.057629113,0.017038952,-0.041392445,0.006926149,-0.010260627,-0.017512796,0.001777778,-0.002913095,-0.01646042,-0.037766849,0.011808836,-0.075325851,0.02439542,-0.031138047,-0.039879366,0.027960081,0.009591996,0.045706346,0.033806036,-0.012578782,0.006030169,-0.056597785,-0.011279592,0.015530942,-0.038512581,-0.014320054,0.011900893,0.01051258,-0.008383018,-0.090930799,-0.026856263,0.001076542,-0.066191447,0.052087245,-0.010370463,-0.002236637,0.003489535,0.029399936,0.001602253,0.026433257,-0.008177616,-0.020288101,-0.025722039,-0.048164889,0,-0.01723835,0.020035783,-0.019751049,0.01685639,0.04541748,-0.008544806,-0.016260521,-0.048396541,-0.03413811,0.022072532,-0.009265045,-0.007510926,0.016491886,-0.03002875,0.0207114,0.01455511,0.005351372,-0.039603249,0,0.006852694,-0.047719309,0.034289073,-0.009991757,-0.014667138,-0.019797329,-0.033434776,-0.029622256,-0.061557893,-0.034637304,-0.082537727,-0.029420156,0.082809171,-0.070651349,-0.038012671,0.076327868,-0.024541109,-0.02315893,-0.06615599,-0.027069322,0.034742948,0.0225755,-0.025851982,0.039293245,0.010550211,-0.30538165,0.069100047,-0.068229221,-0.076273777,0.033039854,-0.023065273,-0.101603467,-0.020026343,-0.033933072,0.090315418,0.047408273,0.017407268,0.049256909,-0.017857617,0.007086644,0.006492289,0.035011186,-0.007626655,0.014881645,-0.00409477,-0.017627148,-0.030731415,-0.001048493,-0.039692523,0.026004857,-0.025764137,0.011599937,-0.014825545,0.01257351,0.014782235,0.034116943,0.002761924,0.011093099,0.015723594,0.019893191,0.028358382,0.026705733,0.03342678,0.006102403,0.016908615,-0.010871578,0.075388904,0.029362062,0.023530497,0.038894369,0.02603304,0.007874056,0.015508128,0.05550099,-0.002180347,0.103763071,-0.030137094,0.015856933,0.017723709,-0.041473248,-0.090865728,0.020221277,-0.003824909
9/24/2008,-0.011288,-0.00693087,-0.042170333,-0.052900652,0.007352974,-0.001491795,0.058654228,0.01564154,-0.052367986,-0.016552102,-0.004773279,-0.066574491,0.00292227,-0.347785997,-0.009400774,-0.021815441,0.050858417,-0.048833102,0.025117681,-0.04327549,0.016198544,-0.032583019,0.042904192,-0.043296806,0.007613741,-0.030678578,0.013568729,-0.054187446,0.005970167,-0.068992871,0.023823541,-0.023733584,0.04435478,0.018182319,-0.004150614,0.267946828,0.106319465,-0.004175371,0.00402415,0.007630389,-0.01639992,0.025203854,0.035514195,-0.056260748,-0.007885998,0.047514876,-0.037041272,0.027249642,-0.017378004,0.021931877,-0.028314051,0.009859769,0.01269709,0.049508748,-0.044451763,-0.039067468,-0.032789823,0.017626778,-0.00929784,-0.021923038,-0.042134836,0.072633471,0.011668744,0.025142745,0.032306274,-0.014332882,0.019654353,-0.014894191,-0.008572784,0.037563102,-0.001286174,0.041132988,0.01693651,0.010991998,-0.019025544,-0.032435276,0.018824085,-0.000136398,0.061617178,0.145404613,-0.022472856,-0.016817213,0.0218766,-0.023391866,0.00192123,-0.049266241,0.03105036,-0.010766412,-0.015113638,-0.018924868,0.005342844,-0.020690393,-0.023162696,-0.018313134,-0.018606373,0.006644543,-0.018404502,-0.035860416,0.283857976,0.358945092,-0.122511177,0.01194131,0.001747234,-0.028911915,-0.006855745,-0.00685941,-0.141775462,0.024591403,-0.412489723,-0.156432713,-0.077460453,0.012250051,0.004841648,-0.003403293,-0.163668896,-0.086981909,-0.029852963,-0.035718083,-0.009830988,0.023366112,0.015306421,-0.065345048,-0.018096375,-0.032563311,-0.014337768,-0.001944391,0.082383881,-0.051959739,-0.028457205,-0.007818092,0.005723646,0.010221554,0.066453864,-0.015278851,-0.002906004,-0.032685253,-0.007560632,-0.055219838,-0.002043597,0.010489232,-0.014632028,-0.049378789,-0.037167721,-0.002466092,0.0116266,-0.034223872,-0.018978225,-0.070405501,0.003512884,0.024630125,-0.110063581,-0.03083591,0,-0.000809062,-0.026944635,-0.032074019,0.015146341,-0.04541748,0.01770441,0.009903955,0,-0.02385646,0.003441028,-0.018791659,-0.009697046,0.013380257,0.013064319,0.002408672,-0.025716094,-0.031386314,-0.020591486,0,-0.050010421,-0.020544965,-0.010504417,-0.008508902,0.022382035,0.062120713,-0.061875404,-0.006228507,0.003169575,0.016007081,-0.093203585,-0.275211474,0.043108207,-0.01743086,0.051562316,-0.000406091,0.012345836,0.017942434,-0.010523273,0.032986499,0.061635471,-0.031457378,-0.065301405,-0.007279377,0.055644136,0.496436886,0.009952807,0.009496748,-0.099196304,-0.121764164,-0.050974366,0.010362787,-0.015945966,-0.000472925,-0.048064738,-0.083908675,-0.006659292,-0.007024145,-0.017036187,-0.017013269,-0.022131183,0.01852591,-0.013898161,0.001670844,-0.03762761,-0.009893171,-0.001328904,0.002619174,-0.008626055,-0.035210906,-0.069679921,-0.039201492,-0.039903734,-0.042976194,-0.012550921,-0.07291649,-9.19E-05,-0.010437146,0.00233736,0.006094139,-0.044633338,-0.061491849,-0.014317918,-0.01041912,-0.010836951,-0.002117897,-0.036199563,0.00749499,-0.02914849,-0.024784416,0.001911785,-0.060624622,-0.020645566,-0.053719139,0.018536212,-0.086357569,-0.208754814,-0.01169604,-0.157760792,-0.0122902,-0.050010421,0.000606428,-0.013827328
9/25/2008,0.027266,0.038557564,0.018254781,0.0234569,0.00790518,0.070600602,0.017469467,-0.007029179,0.061798596,-0.011590857,0.042447467,-0.007272759,-0.004386613,-0.290636284,0.008230499,0.051293294,-0.043158668,0.011654099,-0.041798186,0.017453175,-0.029738402,-0.022691411,0.000792079,-0.034206755,0.026006194,-0.001097574,0.01356437,-0.00630194,0.053315059,-0.15415068,-0.04710619,0.023733584,-0.025208393,-0.020832263,0.025228677,-0.218002152,0.022310637,-0.004192878,0.00080289,0.01342302,-0.007923075,-0.025659747,0.00124533,-0.000673174,-0.001828711,-0.029829527,0.00938974,-0.007555352,0.030988948,-0.016000341,-0.002949855,0.055059777,0.018060227,-0.010347469,0.010959014,-0.005994024,-0.005242476,-0.020000667,-0.019861626,-0.050735518,0.019624964,-0.029625527,-0.022051093,-0.039245543,0.028478617,0.030798999,-0.003714025,-0.001700199,0.0174328,0.066840018,0.047747763,0.05092009,-0.004079557,-0.012045184,0.010746372,0.029977266,0.003490405,0,-0.00969515,-0.069298168,-0.033677663,-0.013414835,-0.013441686,0.011504397,0.00535989,-0.009040745,-0.045277233,0.028869278,-0.015742159,0.042570089,0.018478308,0.008805927,-0.052607691,-0.026079713,-0.020743641,-0.035044017,-0.016580054,0.007409936,0.10880286,-0.016000341,0.097032092,0.013801254,-0.013769076,0.04675057,0.02562264,0.036051539,0.03257617,0.083834947,-0.091691358,-0.004714766,-0.002894358,-0.019672766,0.031887047,0.01298353,0.046995369,0.037137705,0.042379223,0.043919234,-0.001581966,0.041279033,0.00913536,0.069985427,0.009359173,-0.029518683,0.051811339,-0.005855961,0.017699577,0.083114907,0.012295237,0.067922016,0.005555946,-0.016060485,0.015380537,0.015648605,0.015769344,-0.008681552,0.00445435,0.042891565,0.060203362,0.007636864,-0.002952274,-0.004259445,0.025182559,0.005595986,0.038122831,0.025777084,0.005645345,0.029254071,0.010465212,-0.004342024,0.007992051,0.04901538,0,0.023596376,-0.025748842,0.020388294,0.008907951,0.049271049,0.003366657,0.036988569,-0.033616611,0.005695071,-0.006509692,0.049347045,-0.009792,-0.000633112,-0.014260491,0.003202565,0.008004459,0.010093813,0.043023903,0,0.037839089,-0.009513427,-0.026695867,0.009345372,0.085678385,-0.028590301,0.011183432,0.040914065,-0.060327989,-0.002929485,0.077903669,-0.07143786,-0.03047266,0.122122256,-0.012169145,-0.007747235,0.012922281,-0.032423781,0.032431795,0.029071815,0.018622512,0.061955294,0.003208216,-0.025434897,0.002124898,0.361013346,0.024215443,-0.012937776,-0.083462577,0.089093382,0.026433257,0.0417288,0.032152108,0.0312016,0.044429692,0,0.048684103,0.007490672,0.015909426,0.005571045,0.011415428,0.049419293,0.010008787,0.016830305,0.009691172,0.012747145,0.037838826,0.030145269,0.022032715,0.018328119,0.014620143,0.016357242,0.005904076,0.012100407,0.011816977,0.017511855,0.022186762,0.020124016,0.018122725,0.026863642,0.017741447,0.054532879,0.022282562,0.036660341,0.013627465,0.011942537,0.039974577,0.033604743,0.013986242,0.002088992,0.007339981,0.01789449,0.009228468,0.018395378,0.055081641,0.054933719,0.126562723,0.042011598,0.087802203,0.023223696,0.027814688,0.010253407,0.031030011
9/26/2008,0.027009,0.065592664,0.030115199,0.037415891,-0.021427205,0.104270193,0.070110965,0.043308527,0.010772097,0.014566755,0.036858864,-0.31481074,0.089377665,-2.357309993,-0.066570248,0.030483017,0.005736153,0.041890942,-0.005804478,-0.026929923,-0.055041405,-0.013201512,0.04338403,0.004385972,-0.018846259,0.016122354,0.022610726,-0.014472033,0.012338911,-0.246860078,0.089532034,-0.004273511,0.011602741,0.003707959,-0.028203985,-0.65294076,-0.013063543,0.005029348,0.01907848,-0.062762322,0.032056416,-0.000912409,-0.006242218,0.026579638,-0.08263912,-0.032391496,-0.07973123,0.010775966,0.002700098,0.011227063,0.027678387,0.048790164,0.073419346,0.044814471,0.003400207,-0.296404033,0.029775662,0.006514681,0.015427029,0.0067363,-0.011728702,-0.057461674,-0.014815086,0.065587035,0.008807256,0.033269487,0.024806049,0.013801092,-0.009950331,-0.0395656,0.026635957,-0.006403437,0.011178978,-0.013793322,-0.0574379,0.025112701,-0.03908135,-0.000136416,0.02941844,0.038927071,0.01994747,0.019453501,0.00233046,-0.010277941,-0.033388195,-0.021418463,0.018815541,-0.008386445,0.024295866,0.057800623,-0.027398974,0.043157204,0.091102728,-0.062913825,-0.028182884,-0.04848157,-0.040435072,0.006688988,-0.058372006,0.072570693,-0.121014056,0.005694776,-0.020865138,-0.020628057,0.022899464,0.005988986,-0.019418086,0.022820276,0.042145621,-0.262175246,0.090291017,-0.008646545,0.040494456,0.068491718,-0.004000005,0.005436643,0.016461277,-0.045590388,0.010630021,0.008644276,-0.017078214,-0.012110069,-0.007453114,-0.039617486,0.004024798,0.020539377,-0.01642488,-0.047104469,0.066954135,-0.046043939,-0.008141158,-0.006913266,0.003949229,-0.002591155,0.02071822,0.003535975,0.011928571,0.025437076,0.043655857,-0.031994141,0.00720134,-0.012888286,0.002258187,0.017041466,0.017599891,-0.008518745,-0.053755889,-0.009102256,0.003464207,-0.004865373,0.071788297,-0.00732604,0,-0.011528651,-0.01805378,-0.024470859,-0.035015308,-0.090514008,-0.042379223,0.028093282,-0.007147993,0.030756014,-0.008875227,-0.017914552,-0.018622512,-0.010184684,0.004776128,0.018610713,-0.037106112,0.018197829,-0.046124681,0,-0.032723988,-0.014069095,0.00291121,0.029960546,0.026178047,0.049198187,0.019053866,0.010675141,-0.111917916,0.060180758,0.054179916,0.015786606,-0.019470844,0.008331993,0.049455082,-0.00822035,-0.021548336,-0.011956664,0.051794673,-0.011527505,0.018209578,-0.013228539,0.0493696,0.024521238,0.036131767,-0.09531018,0.074936187,0.04676371,-0.008130126,-0.090708239,0.012345836,0.025383725,0.001784577,0.044391956,0.021852232,0.025030508,0.03132434,0.000466309,-0.009629075,0.014184635,0.04126822,0.049754725,0.024909086,-0.012388321,0.017921627,0.010395431,-0.024628594,0.043701095,0.08579999,0.035678255,0.024373966,0.013187004,0.02614528,0.005995735,0.030371098,0.065531304,0.016057437,0.039072393,0.032703535,0.036668804,0.026035604,0.037015878,0.034224696,0.028347673,0.02048929,0.019364367,-0.001508296,0.018980077,0.015162248,0.020653357,0.017718584,-0.038947899,0.041240381,-0.001999501,0.016377323,0.028542003,0.046122607,0.026196652,-0.089385735,-0.031917603,-0.053790175,0.054019847,0.028775254
9/29/2008,-0.14138,-0.193280571,-0.266079439,-0.126818772,-0.573166342,-0.162506641,-0.208390586,-0.104624951,-0.528844129,-0.264446462,-0.100156157,-1.692819521,-0.11520662,0,-0.102721808,-0.121137385,-0.102293515,-0.187462956,-0.027105928,-0.049446325,-0.076961041,-0.112398885,-0.107975337,-0.047423484,-0.07529774,-0.027831313,-0.107867024,-0.12564917,-0.300773713,-0.200078278,-0.052643733,-0.400126067,-0.035220075,-0.1111738,-0.117485106,0.019512814,-0.137201122,-0.079137321,-0.070118364,-0.441142859,-0.093770646,-0.173506123,-0.081504849,-0.085522173,-0.210140323,-0.101253734,-0.400417142,-0.225020982,-0.023383762,-0.131028262,-0.04556262,-0.405465108,-0.264498737,-0.134312338,-0.156189417,-1.003547177,-0.08933318,-0.105754139,-0.031605339,-0.100560596,-0.08619455,-0.225648962,-0.127702072,-0.103749561,-0.11630681,-0.064068486,-0.047384619,-0.080952212,-0.058399826,-0.084161792,-1.278785617,-0.121268761,-0.088160459,-0.100505275,-0.208575135,-0.049190244,-0.155157628,0.000681896,-0.060700914,-0.085810656,-0.151849183,-0.175960136,-0.066402455,-0.00685235,-0.13822345,-0.077126003,-0.106160196,-0.134333782,-0.077658148,-0.25004842,-0.109750864,-0.193683571,-0.214928078,-0.026317308,-0.096591597,-0.289363351,-0.070790563,-0.159386586,-0.159630146,-0.105360516,-0.294175602,-0.072405844,-0.067917718,-0.062735249,-0.080936762,0.036412539,-0.343687748,-0.236146207,-0.231111721,-0.487352268,-0.124692444,-0.155626942,-0.071777941,-0.127995263,-0.4442851,-0.143700559,-0.149400077,-0.206967711,-0.042397872,-0.118661111,-0.187117729,-0.287994524,-0.127023777,-0.044168445,-0.038989377,-0.078573387,-0.155425377,0.07433762,-0.185756019,-0.07800871,-0.026226486,-0.056362991,-0.124562723,-0.054067221,-0.072266702,-0.056695344,-0.062987974,-0.134196065,-0.223989022,-0.13132069,-0.10731938,-0.056187742,-0.107032757,-0.010810916,-0.153569318,-0.070895822,-0.170716011,-0.15041701,-0.099931794,-0.04225255,-0.091889477,-0.031627587,0,-0.117833017,-0.069055585,-0.200670695,-0.091094245,-0.032088315,-0.131677824,-0.225046501,-0.069813048,-0.132280611,-0.058253404,-0.032697915,-0.039295904,-0.077805928,-0.099488043,-0.13774358,-0.105994732,-0.042890442,-0.00623055,0,-0.080723211,0.002234638,-0.150282203,-0.164687111,-0.31687444,-0.05108123,-0.139319693,-0.161307186,-0.113328685,-0.201767499,-0.160254463,-0.20671301,-0.143311903,-0.3144789,-0.197702659,-0.127477002,-0.118092489,-0.13376574,-0.220640421,-0.282862786,-0.133873091,-0.195007904,-0.085571173,-0.089840704,-0.039202515,-0.182321557,-0.189522308,-0.218039639,-0.322287602,-0.164779355,-0.117016458,-0.054138632,-0.148267189,-0.107311736,-0.118377036,-0.114779969,-0.112605263,-0.133464795,-0.034156721,-0.084028208,-0.05171117,-0.047660483,-0.0934536,-0.058462833,-0.113352368,-0.10637081,-0.186266335,-0.084628848,-0.3254224,-0.058641376,-0.113895418,-0.088203036,-0.118589813,-0.090666835,-0.114583033,-0.045201466,-0.054091804,-0.071069899,-0.058638799,-0.059266132,-0.103078712,-0.072556221,-0.094160926,-0.054138342,-0.079100614,-0.050212408,-0.067915285,-0.091828509,-0.076742187,-0.089765482,-0.075418857,-0.200355536,-0.052273206,-0.083990947,-0.097664045,-0.222061885,-0.204946192,-0.173953307,-0.157590292,-0.13895146,-0.775385279,-0.103845651,-0.06196626
9/30/2008,0.06867,0.145851877,0.198321898,0.144527056,0.267165689,0.130023157,0.107054779,0.093972387,0.151549898,0.149309487,0.095171378,0.642997397,0.121085846,0,0.019231362,0.077713857,-0.010615811,0.027956077,-0.000935016,0.073488457,-0.029314388,0.026896487,0.077179986,0.072987432,0.016949558,0.030636969,0.146954413,0.080627406,0.168674643,0.27703932,-0.095796785,-0.016103408,0.03738068,0.067218598,0.019907758,0.30207081,0.032643848,0.000904568,0.128981361,0.255443822,-0.023645619,0.131085407,0.082130827,0.117783036,0.089121441,-0.006395636,0.17676739,0.069976727,0.005505323,0.11170399,0.01492565,0.197511722,0.11283253,0.109414786,0.17635139,0.252131088,0.017968694,0.096859921,0.02018232,0.059444835,0.164507154,0.101819476,0.107273346,0.101934129,0.107499554,0.022011597,-0.005725206,0.056315542,0.110129389,0.009708814,0.527847311,0.15564605,0.07442328,0.061284562,0.068855121,-0.016095223,0.033290175,-0.000818331,0.126535513,0.025277807,0.015963851,0.054482747,0.041896044,0.014179669,0.135060142,0.015469922,0.047230507,0.046017181,0.014538158,0.122153035,0.012916225,0.084924581,0.147635999,0.023427133,0.053869869,0.171040212,0.06025818,0.139183878,-0.019418086,-0.051293294,0.125354732,0.050300738,0.091728367,0.028196297,0.025511588,-0.022679489,0.0711411,0.09237332,0.286681572,0.543486406,-0.198694871,0.136575535,0.100925919,0.027360363,0.09531018,0.092603433,0.014351499,0.246860078,0.007733046,0.10359921,0.092158365,0.144100344,0.106132418,0.155529836,-0.003346723,0.040656006,0.045098551,-0.127155175,0.144934025,0.021096647,0.021172866,0.079336742,0.036322089,0.00390473,0.067723698,0.020478531,0.011162907,0.155365747,0.089315525,0.039995577,0.06875077,0.115701869,0.074167743,0.03616164,0.068649263,0.110957071,0.078384529,0.208544752,0.102809494,0.027171352,0.128442323,0.00258023,0,0.030567164,0.068177236,0.227578148,0.003615188,0.023631605,0.148313571,0.199185363,0.116072171,0.045792478,0.122064917,0.003791474,0.007466355,0.043639598,0.08267083,0.044901909,0.076902297,0.042608633,0.07846454,0,0.140146632,0.010914917,0.112966651,0.050372038,0.20655387,0.018158735,0.177507729,0.057056472,0.131951197,0.012952928,0.145130528,0.105360516,0.158288357,0.256754152,0.071576198,0.141004571,0.06209822,0.041021975,0.149254786,0.074107972,0.058722136,0.217951303,0.010571621,0.113328685,0.011525472,-0.127833372,0.030952311,0.139761942,0.200926745,0.091448082,0.052723306,0.008108153,0.146227413,-0.053145337,0.145326529,0.198214312,0.179402744,0.071440593,0.095952441,0.071033342,0.061813193,0.183018664,0.052943914,0.073037544,0.049169024,0.066736348,0.153585868,0.033028617,0.149745386,0.055350095,0.127960348,0.083826661,0.070122177,0.086387838,0.07536232,0.069854982,0.049657207,0.03392367,0.036577706,0.048117745,0.050612468,0.059005878,0.076545003,0.062213185,0.036880086,0.032243714,0.04886709,0.060273165,0.017569998,0.066395584,0.077279817,0.032398401,0.040202608,0.115997618,0.017906278,0.102654154,0.221502862,0.034029749,0.018382871,0.037510258,0.395895657,0.099287238,0.053492065
10/1/2008,0.038466,0.085653312,0.03993271,0.114581644,0.149578418,0.060903849,-0.009183312,0.035506688,0.08483888,0.086399943,0.018157308,0.014184635,-0.022363858,0,0.050408549,0.016742797,-0.059358082,0.193536628,0.057262348,0.116106127,0.040364224,0.037874349,-0.02133625,0.039042951,0.048389924,0.151128877,0.017348638,0.085027098,0.066445099,0.194591649,0.075042353,0.180696861,-0.000719683,0.039185297,0.064866982,-0.040078224,0.066361676,0.095638911,0.056291916,0.183033554,0.04988967,0.055569851,-0.001879111,0.029404683,-0.012039273,0.117477459,0.066119549,0.204191626,0.101529658,0.002165675,0.001110494,0.139689112,0.131419984,0.06716113,-0.02084109,0.501640714,0.029026675,-0.002982406,0.038221213,0.115799024,0.028170877,0.212583354,-0.015350636,-0.025768297,0.025317808,0.054113673,0.037563102,0.031327523,0.002414211,0.105360516,0.199058349,0.015058464,0.038195598,0.084647474,0.028987537,0.042630776,0.152785492,0.000272851,-0.007168489,0.123142198,0.008261406,0.125083162,0.083705984,0.015180557,0.001582905,0.082064953,0.023312677,0.031194882,0.018386626,0.139649589,0.014698942,0.002549938,0.008201569,-0.002898553,-0.034362517,-0.39058448,-0.001303994,0.018868484,0.081549867,0.100083459,0.072053318,-0.036055915,-0.060624622,-0.050170119,0.002515725,-0.004349184,0.404033469,0.001679262,0.170743275,-0.156864386,-0.07285142,-0.012503374,-0.088135976,0.035390847,0.127833372,0.068231764,-0.038090775,-0.151030552,0.017482611,-0.144463712,0.01220165,-0.195393638,-0.105360516,-0.0296665,-0.020661192,-0.020934742,0.181610066,0.065597282,0.011834458,-0.002960224,0.003417405,-0.034486176,-0.006169051,-0.018883331,-0.047057061,0.039469729,0.002310003,-0.062961138,0.042002732,0.042818566,0.028076711,-0.044300259,0.018476276,-0.000213972,-0.026688779,-0.004576667,0.077961541,-0.054808236,-0.001150086,0.001364955,-0.016746587,0.004659766,0,0.104312847,-0.0114893,-0.050129556,0.097713064,0.075623354,-0.038518458,-0.038061964,0.013605652,0.00245332,-0.010969031,-0.040546094,0.01953625,-0.020736529,-0.025768297,0.041321224,-0.015540903,-0.040845482,-0.052796793,0,-0.039220713,0.044619742,-0.016306032,0.041976661,0.032611586,-0.075643657,-0.017755335,-0.017835759,-0.014870162,0.004280625,0.035602466,-0.014098924,0.068331992,-0.023480268,0.033504278,0.00162734,0.016357628,0.050303002,0.068247886,0.14286272,0.049533935,0.051336675,-0.005602256,-0.004922811,-0.041787147,-0.046520016,-0.058426566,0.05385917,-0.011587615,0.059908253,0.062758233,-0.001346802,0.029920522,-0.021338306,-0.007659316,-0.030477963,-0.06474367,0.006920443,0.002137895,0.002770633,-0.001829157,-0.196356875,-0.008945888,-0.006573565,-0.024929383,-0.039912181,-0.038001118,0.003829955,-0.007978766,-0.005509656,-0.050117861,-0.048936374,-0.02129358,-0.030476891,-0.032370158,-0.042443058,-0.000889284,-0.024019331,-0.053584246,-0.047669716,-0.00422196,-0.001365188,-0.027242458,-0.026811257,-0.028473143,-0.010163045,0,-0.036367644,-0.008746411,-0.02093321,-0.010144241,0.006688988,-0.055541528,-0.058370682,-0.032306401,0.016929062,-0.057448227,0.04435478,-0.02396428,-0.009711059,-0.080042708,-0.010621601,-0.011135284
