Date,Hour,AAN,ACTG,AEO,AGFS,AGNC,AGX,ALGT,ALLY,AMP,AMTD,APO,BEN,BGCP,BKD,BLK,BPOP,BYD,CIT,COF,CRR,CSBK,CTB,CWH,DAL,DAN,FCE/A,FITB,FNSR,GBX,GLW,GM,GME,GNW,GT,HBHC,HCA,HIIQ,HLS,HTZ,ICE,ILG,INVA,ISBC,ITGR,KRA,KSS,LB,LMT,LPNT,MCHP,MD,MOS,NDAQ,NEWS,NWL,OCLR,ORN,PAH,PDLI,PEN,PENN,PINC,PLAB,PRTY,PVAC,RCII,RDN,RJF,SC,SEIC,SPGI,SRI,FCE.A,SYX,TGI,TGNA,TROW,UHS,UNH,URBN,VRS,VSTO,WAIR,WLL
11/01/2017,13:00:00+00:00,37.03,4.55,13.08,5.99,20.18,68.65,137.1,26.445,157.079,50.332,32.299,42.51,15.038,10.25,472.998,35.46,29.54,46.775,92.389,8.34,16.99,33.05,42.095,50.188,31.005,24.87,29.18,23.82,51.994,31.58,43.37,18.8,3.44,30.68,49.35,76.23,21.8,45.905,25.24,66.23,29.86,12.43,13.816,48.75,49.7,42.73,44.16,308.445,47.6,94.23,42.84,22.94,72.77,12.25,40.945,8.3,7.21,10.79,2.97,100.4,26.66,32.17,9.65,11.2,40.01,9.91,21.23,85.32,16.87,64.91,156.8,22.57,24.87,30.333,31.5,12.175,93.165,101.6,210.87,24.86,7.15,20.7,9.175,25.54
11/01/2017,14:00:00+00:00,36.29,4.55,12.9,6,20.17,68.3,136.55,26.39,157.75,49.759,32.24,42.71,14.9,10.28,473.65,35.25,29.26,46.665,91.672,8.21,16.93,33.45,42.095,49.855,30.935,24.75,29.13,23.68,51.596,31.445,42.87,18.81,3.4,30.625,48.825,76.73,21.975,46.18,25.04,66.32,29.71,12.31,13.722,47.65,49.3,42.2,43.72,309.36,47.775,94.41,41.375,22.775,72.765,12.25,41.08,8.275,7.11,10.695,2.97,99.65,26.435,31.585,9.575,11,39.83,10.02,21.14,85.15,16.82,64.69,156.9,22.02,24.75,32.008,30.9,12.235,93.48,101.52,211.2,24.7,7.14,20.65,9.05,25.3
11/01/2017,15:00:00+00:00,35.94,4.4,12.82,5.97,20.15,68.1,135.95,26.24,156.775,49.48,32.2,42.6,14.84,10.05,471.64,35.3,29.08,46.396,91.523,8.07,16.801,33.175,42.02,49.815,30.781,24.7,29.06,23.47,51.745,31.411,42.71,18.62,3.385,30.4,48.75,77.245,21.875,45.762,24.81,66.16,29.605,12.31,13.623,47.23,49.17,41.87,42.755,308.407,47.35,94.25,42,22.88,72.7,12.22,41.13,8.17,6.96,10.7,2.96,100.15,26.24,31.45,9.525,10.94,39.64,10.05,21.025,85.02,16.78,64.48,156.305,21.76,24.7,31.47,30.6,12.18,93.05,101.8,209.86,24.48,7.12,20.51,9.05,24.7
11/01/2017,16:00:00+00:00,35.67,4.425,12.83,5.97,20.06,68.35,136.4,26.215,156.437,49.351,31.92,42.44,14.84,10.055,472.06,34.34,29.09,46.197,91.264,8.109,16.87,33.075,41.99,49.959,30.841,24.74,28.97,22.92,51.844,31.316,42.68,18.666,3.38,30.29,48.5,76.79,21.6,45.53,24.41,66.27,29.69,12.28,13.603,47.05,49.29,41.77,42.7,308.54,46.95,93.75,42.09,22.79,72.55,12.26,40.99,8.135,6.99,10.64,3,100.55,26.14,31.62,9.5,10.975,39.4,10.06,20.91,84.72,16.79,64.61,156.54,22.02,24.74,31.739,30.75,12.17,93.2,101.2,209.68,24.62,7.14,20.54,9.075,25.16
11/01/2017,17:00:00+00:00,36.04,4.45,12.83,5.9,20.145,68.45,136.6,26.25,156.208,49.162,31.89,42.41,14.86,10,471.985,34.58,29.26,46.097,91.164,8.029,16.86,33.025,41.95,50.406,30.851,24.79,29.07,22.62,51.745,31.286,42.87,18.595,3.35,30.21,48.45,76.73,21.3,45.17,24.42,66.23,29.78,12.17,13.618,47.05,49.28,41.77,42.94,307.7,46.9,92.81,41.18,22.579,72.73,12.2,40.89,8.05,6.92,10.56,3.02,100.1,26.01,31.77,9.35,11,39.32,10.015,20.85,84.21,16.75,64.415,157.44,21.96,24.79,31.086,30.7,12.17,93.05,101.04,208.95,24.675,7.091,20.52,9,24.84
11/01/2017,18:00:00+00:00,36.21,4.475,12.96,5.98,20.155,68.85,137.45,26.385,156.606,49.172,31.81,42.46,14.85,9.94,471.33,34.36,29.36,46.247,91.523,8.09,16.92,32.725,42.17,50.505,30.796,24.95,29.04,22.39,51.645,31.45,43.135,18.775,3.4,30.21,48.6,77.1,20.95,45.34,24.52,66.28,29.72,12.26,13.628,47.355,49.045,42.11,43.615,307.21,46.95,93.17,41.33,22.78,72.62,12.26,40.88,8.1,6.99,10.535,3,100.05,26.16,31.725,9.425,11.025,39.33,10.11,20.87,84.21,16.81,64.405,156.73,21.99,24.95,31.47,30.9,12.345,92.76,102.035,209.52,24.9,7.11,20.5,9.15,25.04
11/01/2017,19:00:00+00:00,35.95,4.45,12.92,5.94,20.195,68.8,136.35,26.35,156.536,49.142,31.54,42.385,14.885,9.85,469.1,34.66,29.09,46.107,91.493,8.125,16.9,32.7,42.2,50.034,30.811,24.95,28.945,22.07,50.949,31.436,43.095,18.59,3.4,30.24,48.5,76.93,21.3,45.32,24.37,66.18,29.615,12.215,13.563,47.65,49.34,41.9,43.59,306.58,46.675,92.87,41.45,22.67,72.38,12.28,41.01,8.031,7,10.56,2.99,99.55,26.07,31.49,9.45,10.975,39.46,10.16,20.79,83.75,16.78,64.41,156.43,22.12,24.95,31.41,30.9,12.37,92.57,102.191,209.52,24.915,7.15,20.54,9.175,25.24
11/01/2017,20:00:00+00:00,35.935,4.5,12.94,5.94,20.2,68.8,136.35,26.35,156.606,49.082,31.62,42.405,14.875,9.84,469.21,34.66,29.1,46.127,91.463,8.14,16.9,32.65,42.26,50.039,30.821,24.945,28.965,22.09,50.949,31.475,43.13,18.6,3.4,30.23,48.55,76.87,21.3,45.335,24.4,66.24,29.65,12.21,13.583,47.55,49.33,41.9,43.61,306.6,46.6,92.99,41.37,22.64,72.41,12.29,41.01,8.02,7,10.6,3,99.65,26.07,31.45,9.4,11,39.453,10.175,20.8,83.8,16.78,64.349,156.47,22.13,24.945,31.579,30.9,12.365,92.59,102.09,209.56,24.94,7.15,20.55,9.175,25.24
11/02/2017,13:00:00+00:00,35.92,4.45,13.113,5.82,19.96,68.25,135.4,26.39,159.262,49.062,32,42.74,14.944,10.56,472.16,34.26,29.27,46.37,91.393,8.21,17.408,32.65,42.03,49.601,30.811,24.83,29.11,20.605,51.496,31.47,43.04,18.35,3.395,30.025,48.9,77.295,21.825,49.31,24.35,68,29.652,12.29,13.608,47.75,49.26,42,46.985,307.325,46.925,93.84,41.83,22.71,72.51,12.2,32.08,6.4,7,10.5,2.95,100.7,26.38,31.82,9.6,10.925,39.95,10.08,20.93,84.38,16.661,64.86,156.31,20.71,24.83,31.111,30.85,12.17,95.48,103.14,209.64,25.13,7.16,20.45,9.175,25.16
11/02/2017,14:00:00+00:00,35.88,4.475,13.21,5.84,19.89,67.7,134.85,26.39,158.183,49.042,32.08,42.64,14.969,10.82,472.98,34.38,29.26,45.958,91.121,8.32,17.249,32.625,42.24,49.611,31.02,24.91,29.07,20.06,51.717,31.401,42.69,18.275,3.39,29.95,49,76.71,21.8,48.76,24.05,68.39,29.67,12.37,13.588,46.9,48.75,41.835,46.86,307.808,45.95,92.92,42.555,22.555,72.49,12.2,30.69,6.316,7,10.42,3.015,100.55,26.38,31.56,9.55,10.85,39.86,9.86,20.74,84.05,16.805,64.69,156.345,21.39,24.91,31.001,31.1,12.01,94.207,102.12,209.65,25.15,7.17,20.58,9.25,25.42
11/02/2017,15:00:00+00:00,35.45,4.5,13.16,5.643,19.96,67.65,133.25,26.45,158.337,49.381,32.2,42.9,15.008,10.97,474.535,34.22,29.18,45.948,91.423,8.265,17.189,32.45,42.27,49.403,30.89,25.11,29.045,19.71,51.695,31.391,42.845,18.37,3.38,29.855,49.15,76.71,20.575,48.87,24.11,68.16,29.78,12.23,13.628,47.1,49.48,41.7,48.035,309.09,45.6,92.85,42.57,22.48,72.87,12.21,30,6.125,6.96,10.5,3.02,100.15,26.45,31.51,9.575,11.075,39.26,9.765,21.06,85.09,16.835,64.5,156.51,21.21,25.11,30.966,31.15,12.01,94.17,102.23,209.89,25.13,7.16,20.66,9.275,25.04
11/02/2017,16:00:00+00:00,35.46,4.5,13.295,5.59,19.826,67.75,134.25,26.73,159.198,50.043,32.259,43.2,15.137,11,475.28,34.54,29.2,46.257,92.12,8.235,17.239,32.549,42.5,49.572,31.14,25.01,29.28,19.74,51.795,31.48,42.87,18.44,3.455,29.76,49.475,76.14,19.9,48.855,23.96,69.02,29.77,12.22,13.647,47.05,49.48,41.89,47.24,310.02,45.85,92.89,42.97,22.59,73.31,12.2,30.13,6.055,6.97,10.445,3.005,100.2,26.26,31.47,9.65,11,39.55,9.84,21.163,85.91,16.87,64.819,156.74,21.36,25.01,30.882,31.3,12.055,94.965,102.25,210.2,25.01,7.11,20.44,9.3,25.04
11/02/2017,17:00:00+00:00,35.26,4.475,13.235,5.605,19.76,67.65,133.9,26.5,159.043,49.669,32.38,42.93,15.097,10.88,474.32,34.32,29.27,46.037,91.771,8.21,17.239,32.45,42.26,49.532,31.085,24.985,29.12,19.64,51.745,31.386,42.74,18.45,3.39,29.575,49.2,75.97,20.1,48.705,23.9,68.92,29.695,12.19,13.618,46.8,49.28,41.86,47.14,308.99,46.05,92.97,42.19,22.48,73.29,12.2,30.005,6.155,6.93,10.265,3.006,99.95,26.32,31.54,9.65,11.075,39.51,9.915,21.13,85.55,16.795,64.67,156.474,21.43,24.985,31.061,31.3,12.075,94.23,102.085,210.32,24.85,7.1,20.34,9.3,24.52
11/02/2017,18:00:00+00:00,35.64,4.455,13.305,5.58,19.865,67.5,133.9,26.535,158.367,49.6,29.99,42.82,15.033,10.61,473.561,34.36,28.94,45.943,91.771,8.28,17.209,32.527,42.105,49.771,31.13,24.91,29.17,19.15,51.894,31.386,42.61,18.36,3.35,29.76,49.225,75.995,20,48.39,23.9,68.555,29.82,12.14,13.618,46.55,49.32,42.07,47.27,309.43,46.125,92.98,41.97,22.445,73.11,12.2,30.02,6.06,6.98,10.35,2.94,100.2,26.205,31.54,9.65,11.125,39.49,10.055,21.09,85.44,16.79,64.59,156.04,21.36,24.91,30.932,31.55,12.03,94.09,102.08,210.35,24.87,7.14,19.96,9.475,24.48
11/02/2017,19:00:00+00:00,35.83,4.475,13.29,5.53,19.83,67.95,133.65,26.555,159.611,49.649,30.596,43.02,15.058,10.585,474.62,34.16,28.945,46.157,92.06,8.42,17.279,32.475,42.22,50.049,31.295,24.88,29.26,18.935,51.994,31.436,42.62,18.5,3.37,29.96,49.25,76.45,20.25,48.35,23.81,68.715,30.059,12.295,13.647,46.725,49.36,42.25,47.25,310.81,46.1,93.485,41.6,22.495,73.22,12.25,30.165,5.945,7.03,10.455,2.94,99.95,26.05,31.57,9.7,11.025,39.4,9.945,21.22,85.97,16.91,64.62,155.6,21.579,24.88,30.812,31.55,12.055,94.57,102.35,211.16,24.845,7.135,19.79,9.475,24.9
11/02/2017,20:00:00+00:00,35.8,4.45,13.3,5.51,19.85,67.9,133.55,26.545,159.71,49.659,30.62,43.04,15.058,10.59,474.76,34.09,28.95,46.157,92.04,8.444,17.239,32.45,42.24,50.029,31.3,24.89,29.25,18.945,52.093,31.426,42.59,18.5,3.38,29.94,49.25,76.44,20.2,48.34,23.8,68.68,30.05,12.29,13.638,46.675,49.37,42.26,47.17,310.7,46.15,93.45,41.63,22.46,73.18,12.25,30.01,5.955,7.04,10.46,2.95,99.95,26.02,31.52,9.7,11.05,39.38,9.92,21.2,86.01,16.91,64.599,155.45,21.57,24.89,30.922,31.55,12.06,94.63,102.39,211.1,24.85,7.13,19.795,9.45,24.94
11/03/2017,13:00:00+00:00,35.87,4.5,13.05,5.49,19.725,67.75,132.5,26.405,160.25,49.261,30.629,42.56,14.84,10.411,473.49,34.36,28.89,45.689,91.443,8.44,17.339,32.95,42.32,49.8,31.442,24.99,29.12,18.98,51.745,31.585,42.51,18.48,3.335,29.99,48.9,76.56,20.3,47.945,24.26,67.47,30.15,12.38,13.553,46.75,48.99,42.08,46.43,310.16,46.6,93.333,41.79,22.4,72.96,12.2,31.42,5.97,7.11,10.49,2.93,99.45,26,31.83,9.4,11.1,39.635,10.495,20.31,85.18,16.77,64.59,156,22.85,24.99,30.084,30.939,11.815,94.52,102.09,210.58,24.725,7.02,19.823,9.275,25.388
11/03/2017,14:00:00+00:00,36.53,4.45,13.015,5.44,19.699,67.9,133.475,26.665,160.01,49.331,30.61,42.41,14.939,10.36,473.43,34.24,29.05,45.748,91.631,8.47,17.378,32.9,42.52,49.78,31.619,24.9,29.18,19.265,51.397,31.664,42.565,18.34,3.34,29.735,49.2,76.62,20.4,48.006,24.25,66.78,30.11,12.48,13.618,46.25,49.44,42.69,46.96,310.648,46.7,93.34,42.78,22.275,72.87,12.18,31.687,5.97,7.09,10.5,2.98,99.15,26,31.89,9.4,11.225,39.7,10.73,20.48,84.86,16.89,64.5,155.185,22.55,24.9,30.563,31.1,11.79,94.35,102.1,210.77,24.86,7.12,19.68,9.225,25.12
11/03/2017,15:00:00+00:00,36.58,4.375,13.02,5.42,19.8,68,132.625,26.815,159.69,49.321,30.7,42.46,14.979,10.38,475.22,34.09,29.075,45.758,91.353,8.44,17.428,32.725,42.78,49.641,31.679,24.98,29.13,19.306,51.854,31.669,42.49,18.275,3.35,29.64,49.2,76.4,20.55,48.03,24.215,66.55,30.065,12.48,13.638,46.35,49.91,42.66,46.98,310.74,46.25,93.27,43.09,22.39,72.8,12.14,31.54,5.96,7.08,10.56,3.03,99.55,26,31.81,9.375,11.15,39.855,10.96,20.13,84.67,16.85,64.739,156.578,22.38,24.98,30.583,30.85,11.89,94.54,102.07,211.15,24.88,7.18,19.425,9.125,25.06
11/03/2017,16:00:00+00:00,36.58,4.425,13.02,5.4,19.79,67.95,133.275,26.765,160.24,49.201,30.68,42.55,15.003,10.34,478.86,34.06,29.14,45.758,91.483,8.43,17.458,32.6,42.42,49.84,31.599,24.94,29.13,19.27,51.894,31.699,42.375,18.245,3.361,29.42,49.3,76.71,20.85,47.82,24.21,66.66,30.04,12.41,13.662,46.3,49.81,42.62,47.03,311.01,46.15,92.92,43.36,22.35,72.76,12.07,31.495,5.98,7.1,10.48,3.07,100.05,26.09,31.83,9.3,11.1,39.83,10.925,20.11,84.88,16.83,65.06,158.35,22.35,24.94,30.802,30.75,11.775,94.57,102.09,211.27,24.91,7.15,19.35,9.1,25.32
11/03/2017,17:00:00+00:00,36.54,4.425,13.07,5.43,19.8,67.5,133.2,26.86,159.705,49.391,30.795,42.55,14.989,10.4,479.51,33.85,29.2,45.738,91.299,8.48,17.498,32.4,42.88,50.029,31.389,24.89,29.13,19.485,51.946,31.684,42.255,18.285,3.4,29.54,49.3,76.395,21.1,48.055,24.38,66.64,30.01,12.38,13.682,46.55,49.92,42.56,47.12,311.01,46,92.81,43.34,22.365,72.69,11.94,30.81,6.02,7.05,10.435,3.075,100.55,26,31.79,9.225,11.1,39.55,10.64,20.1,84.84,16.87,64.989,157.74,22.36,24.89,30.802,30.8,11.76,94.41,101.73,211.92,24.915,7.19,19.575,9.125,26.12
11/03/2017,18:00:00+00:00,36.27,4.45,13.06,5.39,19.74,67.45,132.6,26.75,159.76,49.366,30.87,42.66,14.949,10.41,478.81,34.03,29.22,45.699,91.383,8.5,17.538,32.299,42.48,50.035,31.394,24.94,29.135,19.54,51.745,31.535,42.4,18.24,3.4,29.55,49.1,75.85,21.25,48.07,24.3,66.7,30.35,12.385,13.687,46.4,49.93,42.625,47.08,310.43,45.875,93.025,43.27,22.385,72.58,12.01,30.78,6.08,7.01,10.39,3.05,100.8,26.08,31.98,9.175,11.05,39.41,10.55,19.95,85.24,16.97,64.97,158.26,22.35,24.94,30.323,30.575,11.74,94.42,101.78,212.1,24.85,7.2,19.37,9.1,26.58
11/03/2017,19:00:00+00:00,36.42,4.5,12.995,5.34,19.79,67.25,132.25,26.68,159.53,49.52,31.21,42.775,14.998,10.43,478.75,34.16,29.19,45.738,91.144,8.545,17.448,32,42.735,50.054,31.275,24.89,29.105,19.385,51.795,31.505,42.345,18.105,3.43,29.45,49,76.44,22.5,47.92,24.24,66.12,30.43,12.34,13.687,46.5,49.9,42.055,46.73,309.82,46.4,93.59,43.38,22.38,72.39,12.05,30.74,6.185,7.14,10.415,3.055,101.05,26.025,32.09,9.15,11.025,39.32,10.56,20.135,85.58,16.94,64.89,158.57,22.24,24.89,30.294,30.925,11.765,94.51,101.51,212.67,24.76,7.285,19.469,9.075,26.06
11/03/2017,20:00:00+00:00,36.42,4.5,12.99,5.35,19.78,67.3,132.3,26.68,159.55,49.53,31.22,42.79,14.979,10.445,479.16,34.15,29.19,45.718,91.174,8.55,17.438,32,42.7,50.088,31.28,24.9,29.11,19.4,51.844,31.525,42.33,18.1,3.43,29.445,49,76.45,22.5,47.94,24.25,66.24,30.45,12.31,13.677,46.5,49.9,42.03,46.72,309.99,46.35,93.65,43.38,22.38,72.41,12.05,30.77,6.185,7.15,10.4,3.08,101.35,26.04,32.119,9.2,11.05,39.32,10.54,20.14,85.71,16.95,64.9,158.66,22.23,24.9,30.333,30.9,11.77,94.57,101.62,212.86,24.7,7.29,19.445,9.05,26.04
11/06/2017,14:00:00+00:00,36.46,4.45,12.97,5.44,19.55,67.65,132.6,26.71,160.4,49.725,31.25,42.76,15.038,10.43,478.32,33.91,29.49,45.928,91.383,8.72,17.425,32.35,42.94,50.277,31.28,25.06,29.21,19.48,51.198,31.505,42,17.96,3.46,29.145,48.9,76.96,22.05,48.19,24.551,66.261,30.47,12.27,13.647,46.55,49.98,41.99,47.98,309.94,46.5,95.13,43.26,22.51,71.9,12.09,30.78,6.28,7.04,10.28,3.04,101.55,26.57,31.75,9.1,10.6,39.66,10.47,20.136,85.31,16.99,65.14,158.51,22.26,25.06,30.922,31.4,11.69,94.575,102.08,213.27,25.03,7.32,19.5,9,26.48
11/06/2017,15:00:00+00:00,36.28,4.475,12.98,5.38,19.456,68.2,134.55,26.55,159.66,49.58,31.36,42.78,15.137,10.39,477.37,34.1,29.46,45.888,91.309,8.73,17.468,32.375,42.47,50.705,31.095,24.95,29.23,18.87,50.999,31.535,42.015,17.89,3.41,29.16,48.875,76.93,22.5,48.55,24.7,66.04,30.56,12.32,13.642,46.7,49.965,42.125,47.65,310.604,46.05,95.025,43.61,22.53,72.25,12.06,30.39,6.05,7.04,10.115,3.09,101.85,26.605,31.32,9.1,9.975,39.665,10.23,20.14,85.29,16.935,65.39,159.065,22,24.95,30.682,31.15,11.625,94.7,101.65,212.37,24.94,7.2,18.81,9,26.844
11/06/2017,16:00:00+00:00,36,4.45,13.17,5.34,19.675,67.9,132.8,26.57,159.89,49.4,31.32,42.825,15.176,10.4,477.01,34.095,29.19,45.669,91.065,8.77,17.448,32.35,43.1,50.357,30.811,24.94,29.17,18.92,51.247,31.525,41.905,17.95,3.38,29.135,48.625,77.261,21.95,48.345,24.62,65.99,30.36,12.35,13.608,46.525,50.27,42.42,48.181,311.275,46.1,94.365,43.72,22.49,72.36,12.07,30.46,6.04,7,10.215,3.098,102.625,26.44,31.09,9.175,10.15,39.49,10.35,20.15,85.275,16.88,65.51,158.79,21.955,24.94,30.613,31.2,11.625,94.8,101.75,212.36,25.02,7.31,19.24,8.925,27.68
11/06/2017,17:00:00+00:00,35.91,4.4,13.11,5.34,19.67,68.057,132.45,26.725,160.56,49.32,31.31,42.795,15.137,10.44,476.346,33.84,29.291,45.713,91.393,8.74,17.418,32.424,42.87,50.367,30.935,25.03,29.23,19.03,51.491,31.575,42.065,17.97,3.399,29.22,48.65,77.17,22.425,48.49,24.74,65.95,30.43,12.5,13.618,46.75,50.5,42.7,48.02,311.18,46.15,94.97,43.92,22.49,72.16,12.06,30.29,6.09,7.08,10.27,3.09,103.05,26.46,31.17,9.15,10.325,39.46,10.365,20.19,85.33,16.95,65.64,158.97,22.11,25.03,30.553,31.375,11.65,94.9,101.59,212.85,25.15,7.3,19.26,9.025,27.836
11/06/2017,18:00:00+00:00,35.73,4.45,13.06,5.35,19.61,68,132.75,26.74,160.79,49.13,31.257,42.65,15.077,10.35,475.57,33.94,29.42,45.529,91.423,8.55,17.428,32.424,42.79,50.383,30.93,24.99,29.145,19.13,50.949,31.635,42.03,17.87,3.435,29.29,48.6,77.32,22.295,48.67,24.83,66.23,30.53,12.515,13.593,46.6,50.395,42.405,47.79,310.96,46.05,95.17,44.03,22.495,72.17,12.065,30.345,6.145,7.045,10.38,3.07,103.4,26.45,31.02,9.15,10.425,39.47,10.285,20.21,85.17,16.93,65.62,158.65,22.16,24.99,30.583,31.25,11.74,94.916,101.7,212.81,24.975,7.285,19.12,9.05,28.04
11/06/2017,19:00:00+00:00,35.818,4.45,12.96,5.345,19.535,68.15,132.6,26.83,161.21,49.18,31.15,42.67,15.132,10.3,475.41,34.01,29.43,45.723,91.811,8.65,17.378,32.174,42.84,50.267,30.905,25,29.24,19.23,50.899,31.674,42,17.8,3.439,29.25,48.6,76.93,22.225,48.53,25.14,66.355,30.52,12.53,13.626,46.55,50.905,42.44,47.66,310.25,45.95,95.06,43.77,22.49,72.11,12.1,30.4,6.145,7.05,10.43,3.075,103.775,26.74,31.34,9.225,10.525,39.47,10.29,20.16,85.27,16.955,65.68,158.58,22.07,25,30.642,31.25,11.81,94.98,101.37,212.64,24.92,7.3,19.055,9.025,28.14
11/06/2017,20:00:00+00:00,35.58,4.45,13.01,5.26,19.45,68.55,132.9,26.86,160.82,49.23,31.05,42.6,15.241,10.31,476.06,34.195,29.33,45.778,91.901,8.73,17.369,32.225,43.005,50.317,30.816,25,29.235,19.255,50.949,31.714,42.1,17.83,3.46,29.28,48.675,76.965,22.2,48.52,25.39,66.21,30.645,12.455,13.618,46.525,50.77,42.63,47.59,310.21,45.9,95.1,43.89,22.5,72,12.1,30.79,6.18,7.06,10.485,3.075,103.8,26.64,31.33,9.25,10.84,39.36,10.32,20.22,85.34,16.941,65.73,158.54,22.13,25,30.633,31.325,11.795,94.94,101.71,212.35,25,7.295,19.24,9.075,28.38
11/06/2017,21:00:00+00:00,35.58,4.5,13.02,5.26,19.435,68.55,132.55,26.84,160.66,49.23,31.04,42.6,15.245,10.29,475.75,34.2,29.35,45.788,91.881,8.74,17.369,32.299,43.03,50.257,30.821,25,29.24,19.24,50.949,31.704,42.14,17.84,3.47,29.28,48.7,76.88,22.2,48.53,25.39,66.21,30.64,12.45,13.598,46.5,50.73,42.63,47.58,310.09,45.9,95.36,43.85,22.49,71.99,12.1,30.815,6.18,7.05,10.495,3.08,103.85,26.59,31.25,9.2,10.825,39.34,10.35,20.21,85.3,16.92,65.75,158.6,22.12,25,30.633,31.35,11.8,94.96,101.78,212.16,24.98,7.3,19.235,9.075,28.28
11/07/2017,14:00:00+00:00,35.59,4.275,12.97,5.365,19.685,68.3,131.45,26.66,161.52,49.41,31.27,42.72,15.359,9.345,479.04,34.16,29.19,45.908,91.572,8.69,17.438,32.65,43.27,49.542,30.915,25.12,29.16,18.99,50.8,31.858,42.25,17.764,3.46,29.68,48.6,77.8,23.15,48.79,23.17,66.55,30.53,12.43,13.578,46.55,50.549,42.03,47.746,312.29,45.95,92.3,44,22.62,72.22,12.05,30.375,6.135,7,10.595,3.07,104.5,26.58,30.4,9.25,10.725,39.29,10.28,20.19,85.81,16.77,65.79,159.29,22.16,25.12,30.692,31.8,11.84,95.17,102.23,212.78,24.71,7.3,19.095,9.05,27.96
11/07/2017,15:00:00+00:00,35.25,4.327,12.851,5.3,19.639,67,129.975,26.42,160.99,49,31.38,42.54,15.221,8.965,476.92,33.845,28.95,45.111,90.826,8.76,17.388,32.475,43.02,49.621,30.641,25.21,28.925,18.95,50.352,31.923,41.931,17.53,3.42,29.564,47.75,78.06,23.8,48.75,20.92,66.12,30.255,12.4,13.439,45.592,50.04,40.55,47.51,311.8,45.9,91.657,44,22.575,71.94,12.055,30.31,6.064,6.99,10.51,3.085,102.65,25.86,29.86,9.125,10.55,39.41,10.25,19.93,84.86,16.61,65.275,158.62,21.76,25.21,30.093,31.775,11.73,94.57,101.9,211.7,24.44,7.31,19.21,9.075,28
11/07/2017,16:00:00+00:00,34.89,4.25,12.741,5.27,19.545,66.582,129.8,26.289,159.93,48.75,31.25,42.18,15.151,8.91,475.46,33.56,28.55,44.926,90.05,8.71,17.169,32.475,42.57,49.578,30.541,25.09,28.75,18.96,50.501,31.903,41.765,17.345,3.41,29.44,47.1,78.075,23.564,48.74,21.08,66.365,29.94,12.295,13.379,45.25,49.37,40.55,46.93,311.97,45.7,91.01,43.97,22.5,72.61,12.05,30.14,6.05,7,10.48,3.145,102.5,25.85,29.51,8.95,10.425,39.29,10.16,19.925,84.475,16.52,65,158.537,21.57,25.09,29.735,31.3,11.85,93.65,101.29,210.984,24.31,7.37,18.75,8.9,27.7
11/07/2017,17:00:00+00:00,34.76,4.25,12.775,5.225,19.505,66.7,129.85,26.25,159.54,48.63,31.1,42.07,15.048,9.005,473.41,33.265,28.74,44.842,90.02,8.74,17.159,32.7,42.21,49.552,30.541,25.1,28.62,19.02,50.501,31.988,41.76,17.245,3.425,29.34,47.025,77.83,23.7,48.7,19.988,65.8,30,12.22,13.379,45.2,49.27,40.52,46.575,311.41,45.4,91.16,44.04,22.46,72.07,12.04,30.2,6.05,6.92,10.455,3.14,102.7,26.09,29.65,8.975,10.225,39.34,10.13,19.98,84.151,16.62,64.819,158.67,21.58,25.1,29.657,31.65,11.785,93.45,101.12,211.76,24.32,7.39,18.66,8.85,27.88
11/07/2017,18:00:00+00:00,34.55,4.325,12.79,5.229,19.58,67,128.6,26.36,159.85,48.54,30.94,42.03,15.068,9.02,473.95,33.15,29.03,44.901,90.099,8.75,17.179,32.825,42.24,49.547,30.641,25.035,28.625,18.83,50.451,31.973,41.695,17.255,3.445,29.42,47.25,77.77,23.9,48.78,21.2,65.74,30.115,12.3,13.434,45.75,49.2,40.68,46.81,312.33,45.15,91.03,43.99,22.53,72.14,12.05,30.21,6.05,6.92,10.485,3.11,103.15,26.33,29.92,9.025,10.325,39.37,10.175,19.99,84.26,16.64,64.86,158.51,21.58,25.035,29.857,31.75,11.89,93.61,100.81,212.68,24.345,7.385,18.625,8.875,28.04
11/07/2017,19:00:00+00:00,34.48,4.275,12.75,5.195,19.57,67.1,128.1,26.31,159.45,48.52,31.09,41.85,15.053,8.98,473.15,33.03,29.08,44.911,89.94,8.72,17.199,32.75,42.19,49.542,30.731,24.99,28.54,18.7,50.551,32.008,41.63,17.1,3.435,29.555,47.3,77.82,24.1,48.99,20.91,65.504,30.11,12.27,13.379,45.45,49.189,40.5,46.65,312.12,45.175,91.275,44.09,22.5,71.81,12.04,30.31,6,6.92,10.45,3.095,103.35,26.64,30.25,9.1,10.15,39.36,10.17,19.98,83.96,16.625,64.864,158.74,21.73,24.99,29.676,31.75,11.875,93.36,100.82,212.04,24.18,7.35,18.485,8.85,27.88
11/07/2017,20:00:00+00:00,34.425,4.187,12.76,5.27,19.565,67.5,127.7,26.455,159.07,48.49,31.41,41.755,15.058,8.825,472.865,33.04,29.085,44.976,89.701,8.76,17.119,32.424,42.31,49.591,30.786,24.975,28.46,18.515,50.103,32.062,41.695,17.12,3.445,29.57,47.275,77.895,23.755,48.99,21.01,65.64,30.165,12.19,13.359,46.1,49.14,40.635,46.94,313.35,45.35,91.49,44.39,22.555,72.04,12.05,30.605,5.96,6.96,10.435,3.085,104.05,26.625,30.2,9.05,10.3,39.37,10.175,20,83.96,16.61,65.019,159.04,21.92,24.975,29.885,31.7,11.81,93.74,101.01,212.64,24.325,7.35,18.635,8.8,28.02
11/07/2017,21:00:00+00:00,34.43,4.15,12.76,5.26,19.58,67.55,127.65,26.45,159.21,48.47,31.39,41.77,15.068,8.805,473.24,33.02,29.08,45.021,89.691,8.76,17.09,32.45,42.31,49.591,30.771,24.98,28.46,18.555,50.053,32.082,41.69,17.12,3.45,29.6,47.3,77.92,23.75,48.98,20.93,65.58,30.13,12.195,13.364,46.05,49.14,40.69,46.94,313.29,45.35,91.43,44.4,22.56,72.03,12.05,30.663,5.965,6.96,10.45,3.08,103.8,26.66,30.169,9.025,10.3,39.27,10.155,20.02,84.03,16.625,65.12,159.08,21.89,24.98,29.905,31.8,11.81,93.75,101.04,212.69,24.31,7.35,18.64,8.8,28
11/08/2017,14:00:00+00:00,35.5,4.05,12.8,5.09,19.905,66.95,127.3,25.94,159.43,48.33,31.45,41.535,15.018,8.885,471.78,32.615,29.03,44.802,88.77,8.86,16.91,32.15,42.585,49.87,30.771,25.07,28.33,18.51,49.158,31.907,41.705,17.16,3.415,29.39,46.95,78.01,24.295,49.065,20.63,66.1,29.58,12.35,13.31,45.6,48.765,41.12,47.21,314.55,45.55,91.03,44.11,22.635,72.11,12.031,30.905,6.095,6.55,10.33,3.05,110.85,26.735,30.44,8.95,10,38.793,10.16,20.03,83.75,16.305,64.8,159.53,21.505,25.07,29.656,32.15,11.816,92.49,100.5,212.52,24.28,7.33,18.14,8.9,27.48
11/08/2017,15:00:00+00:00,35.33,4.1,12.725,5.01,19.71,66.45,127.45,25.87,159.81,48.39,31.53,41.58,14.969,8.995,473.26,32.5,29.26,44.866,88.815,8.58,16.9,32.174,42.685,49.9,30.613,25.13,28.275,18.47,49.207,31.953,41.659,17.115,3.38,29.35,46.9,78.43,23.65,48.97,20.817,66.23,29.115,12.54,13.285,46,48.81,41.35,47.02,314.74,45.35,91.83,44.05,22.605,72.39,12.01,31.035,6.126,7.14,10.405,3.05,111.75,26.87,30.27,8.975,9.95,39.03,10.2,19.95,83.92,16.329,65.01,159.9,21.52,25.13,30.104,32.65,11.9,92.88,100.12,211.76,24.05,7.375,18.29,8.925,26.6
11/08/2017,16:00:00+00:00,35.255,4.075,12.72,5,19.69,66.15,126.8,25.805,159.39,48.52,31.63,41.745,15.005,9.25,472.23,32.58,29.3,44.951,88.686,8.59,16.87,32.174,42.42,49.994,30.651,25.17,28.33,18.635,49.158,31.988,41.65,17.12,3.45,29.31,46.85,78.45,23.278,48.73,20.61,66.256,29.4,12.41,13.3,45.85,48.84,40.945,46.79,315.052,45.25,92.03,43.99,22.6,72.66,12.05,31.45,6.11,7.23,10.41,3.03,111.8,26.86,30.335,8.9,9.925,38.78,10.48,19.89,84.04,16.4,65.04,159.86,21.47,25.17,29.87,32.216,12.08,92.815,99.91,210.78,24.02,7.385,18.18,8.8,27.02
11/08/2017,17:00:00+00:00,35.895,4.05,12.795,5.16,19.73,66.4,127.35,25.92,159.62,48.65,31.71,41.87,15.023,9.7,471.13,32.689,29.37,45.061,88.785,8.67,16.82,32.42,42.55,49.8,30.87,25.17,28.465,18.845,49.183,32.117,41.915,17.23,3.45,29.4,47.15,78.84,23.35,49.09,21.095,66.21,28.985,12.47,13.32,45.8,49.35,41.04,46.92,315.21,45.7,91.72,44.37,22.615,72.53,12.01,31.005,6.2,7.181,10.43,3.085,112,26.99,30.43,8.975,9.95,39.16,10.81,19.98,84.37,16.48,65.12,159.8,21.69,25.17,30.363,33.1,12.37,93.18,100.65,211.44,24.17,7.365,18.26,8.85,26.94
11/08/2017,18:00:00+00:00,35.9,4.1,12.765,5.15,19.69,67,127.4,25.83,159.86,48.68,31.54,41.89,15.003,9.7,472.768,32.93,29.32,44.991,88.596,8.6,16.84,32.375,42.61,49.775,30.925,25.09,28.39,18.735,49.108,32.013,41.97,17.23,3.46,29.24,47.15,79.13,23.4,49.17,20.7,66.355,29.16,12.44,13.3,45.95,49.01,41,47.055,315.39,45.6,92.21,44.45,22.575,72.88,12,31.045,6.2,7.26,10.4,3.06,113.5,26.97,30.44,9.05,9.9,39.33,10.62,20.06,84.54,16.45,65.36,159.75,21.76,25.09,30.742,33.1,12.315,93.235,100.76,211.22,24.19,7.33,18.07,8.8,26.96
11/08/2017,19:00:00+00:00,35.84,4.1,12.825,5.16,19.72,67.4,127.9,25.74,159.34,48.62,31.39,41.865,15.018,9.545,472.298,32.87,29.23,44.951,88.258,8.59,16.88,32.25,43.48,49.86,31.095,25.03,28.2,18.8,49.357,32.097,41.905,17.19,3.47,29.195,47.2,79.52,23.5,49.33,20.593,66.15,29.26,12.485,13.29,46.1,49.57,40.935,47.42,315.47,45.6,92.95,44.53,22.575,72.684,12,31.1,6.17,7.71,10.4,3.06,112.8,27.05,30.69,9.05,9.875,39.32,10.44,20.08,84.2,16.45,65.11,159.96,21.76,25.03,31.041,33.45,12.45,93.11,100.89,211.37,24.135,7.375,18.55,8.9,26.8
11/08/2017,20:00:00+00:00,35.94,4.125,12.79,5.09,19.73,67.1,127.45,25.71,160.02,48.63,31.15,41.92,15.013,9.565,472.15,32.65,29.545,45.36,88.486,8.455,16.84,32.525,43.5,49.746,31.12,25.03,28.29,18.73,49.481,32.067,42.07,17.2,3.46,29.22,47.25,79,23.525,49.375,20.985,66.04,29.43,12.41,13.255,46.4,49.36,40.62,47.44,315.59,45.4,92.81,44.455,22.725,72.74,12,31.405,6.18,7.775,10.35,3.035,113.8,26.94,30.38,9.05,9.75,39.29,10.39,20.06,84.18,16.43,65.129,160.03,21.81,25.03,30.613,34.15,12.305,93.48,100.79,210.85,24.2,7.355,18.425,8.875,26.4
11/08/2017,21:00:00+00:00,35.99,4.1,12.8,5.09,19.73,67.25,127.2,25.72,159.99,48.64,31.14,41.9,15.008,9.585,472.19,32.689,29.525,45.28,88.556,8.47,16.82,32.6,43.54,49.75,31.12,25.06,28.31,18.73,49.506,32.071,42.1,17.195,3.46,29.23,47.25,78.88,23.55,49.35,20.99,66.02,29.41,12.4,13.27,46.35,49.35,40.78,47.38,315.59,45.475,92.8,44.47,22.64,72.74,12.03,31.41,6.17,7.77,10.35,3.03,113.55,26.92,30.37,9.075,9.761,39.325,10.35,20.05,84.17,16.435,65.11,160.04,21.81,25.06,30.652,34.225,12.29,93.48,100.74,210.8,24.18,7.355,18.45,8.875,26.48
11/09/2017,14:00:00+00:00,35.58,4.175,13.15,5.02,19.86,66.05,127.1,25.66,159.58,48.33,30.57,41.35,14.919,9.68,468.38,32.33,29.31,44.95,87.919,8.41,16.731,32.6,42.29,49.472,30.6,25,28.225,18.44,49.108,31.625,41.8,17.34,3.485,29.07,46.85,78.62,23.25,49.3,20.705,65.7,29.28,12.275,13.2,45.85,49,38.82,47.52,314.3,44.65,91.14,44.27,22.49,72.84,11.87,31,6.004,7.55,10.13,3.02,112.65,26.67,29.82,9,11.619,39.05,10.36,19.99,83.36,16.18,64.75,158.55,21.46,25,31.614,33.25,12.43,92.872,99.87,210.45,24.55,7.28,12.67,8.8,27.19
11/09/2017,15:00:00+00:00,35.78,4.125,13.24,5.17,19.75,66.75,127.5,25.67,159.97,48.47,30.78,41.42,14.934,10.15,469.355,32.63,29.44,45.19,87.879,8.46,16.82,32.8,42.575,49.462,30.85,24.94,28.39,18.43,48.859,31.814,41.955,17.536,3.52,29.275,47.4,79.14,23.3,49.59,21.49,65.84,29.04,12.51,13.31,46.2,49.22,39.215,47.5,311.418,44.975,91.315,44.33,22.705,72.9,11.96,30.61,6.02,7.51,10.301,3.055,116.2,27.21,30.33,9.1,11.4,39.02,10.475,20.02,84.11,16.34,64.769,158.78,21.68,24.94,31.44,32.5,12.65,92.03,99.86,210.55,24.64,7.28,12.845,8.8,27.9
11/09/2017,16:00:00+00:00,35.5,4.125,13.31,5.155,19.685,66.1,127.1,25.41,158.585,48.07,30.46,41.1,14.83,10.22,465.68,32.479,29.4,44.96,86.665,8.7,16.741,32.9,41.795,49.254,30.67,24.91,28.07,18.29,48.411,31.625,41.88,17.555,3.47,29.17,46.5,79.18,23.3,49.37,21.19,65.715,28.81,12.455,13.13,45.85,48.6,39.82,47.6,310.72,44.9,90.73,44.44,22.53,72.99,11.95,30.28,5.99,7.36,10.24,3.057,113.45,27,30.27,9.05,11.65,38.05,10.475,19.93,83.37,16.12,64.18,157.07,21.423,24.91,30.892,32.2,12.68,91.2,99.44,210.06,24.66,7.27,13.09,8.725,27.67
11/09/2017,17:00:00+00:00,35.285,4.075,13.39,5.1,19.715,66.75,127.35,25.44,158.685,47.87,30.52,41.01,14.801,10.23,464.03,32.57,29.27,44.87,86.934,8.705,16.761,32.838,41.71,49.062,30.39,24.925,28.025,18.26,48.138,31.485,41.865,17.599,3.49,29.11,46.4,78.91,23.5,49.18,20.697,65.731,28.63,12.45,13.11,46.15,48.345,40.68,47.96,310.58,44.85,89.75,44.53,22.44,73.03,11.93,30.126,5.95,7.46,10.115,3.05,113.2,26.88,30.05,9,11.75,38.14,10.675,19.874,83.13,16.11,64.11,157.11,21.46,24.925,30.802,31.9,12.58,91.66,99.09,209.66,24.85,7.31,13.37,8.65,27.7
11/09/2017,18:00:00+00:00,35.6,4.05,13.485,5.19,19.73,66.75,127.5,25.56,158.95,48.06,30.57,41.36,14.771,10.285,464.835,32.8,29.275,44.98,87.322,8.84,16.761,32.923,42.17,48.98,30.49,24.96,28.07,18.225,48.262,31.565,42.005,17.94,3.52,29.13,46.45,78.95,23.85,49.35,20.19,65.888,28.55,12.45,13.145,46.4,48.38,41.35,48.4,310.656,44.725,90.24,44.58,22.635,73.21,11.95,30.114,6.01,7.73,10.19,3.055,113.95,26.95,30.14,9.1,12.225,38.55,10.82,19.97,83.41,16.21,64.25,157.11,21.49,24.96,31.221,31.85,12.69,92.01,99.25,210.09,25.15,7.29,13.25,8.8,27.99
11/09/2017,19:00:00+00:00,35.69,4.075,13.365,5.24,19.615,66.65,126.9,25.41,158.63,48.08,30.68,41.19,14.724,10.045,465.745,32.729,29.09,44.82,87.192,8.8,16.751,32.925,41.5,48.955,30.495,24.81,27.945,18.13,48.138,31.54,41.985,17.735,3.49,29.08,46.325,79.2,23.8,49.225,19.58,65.835,28.38,12.31,13.14,46.4,48.52,40.66,48.04,310.942,44.9,90.73,44.63,22.445,73.28,11.93,30.055,6,7.568,10.18,3.06,115,26.94,30.11,9.125,11.875,38.72,10.89,19.875,83.44,16.215,64.28,157.38,21.53,24.81,31.071,31.7,12.735,92.05,99.66,210.19,24.885,7.29,12.9,8.75,27.88
11/09/2017,20:00:00+00:00,35.595,3.95,13.385,5.22,19.67,66.975,126.85,25.5,159.17,48.41,30.52,41.37,14.806,10.23,466.96,32.949,29.36,45.125,87.78,8.84,16.731,32.825,41.92,48.886,30.585,24.77,28.03,18.265,48.237,31.664,42.11,17.55,3.57,29.17,46.75,79.44,23.85,49.26,19.99,66.2,28.36,12.29,13.195,46.625,48.71,41.24,48.3,311.13,45.25,90.79,44.67,22.555,73.77,11.94,30.06,6.058,7.68,10.25,3.04,116.1,27.1,30.05,9.1,11.7,38.71,10.91,19.96,83.65,16.215,64.76,157.95,21.49,24.77,31.37,31.7,12.665,92.77,99.87,211.64,24.94,7.3,13.225,8.65,27.8
11/09/2017,21:00:00+00:00,35.63,4,13.38,5.21,19.65,66.95,126.9,25.5,159.05,48.38,30.44,41.34,14.821,10.24,466.59,32.9,29.26,45.08,87.71,8.83,16.741,32.825,41.9,48.876,30.59,24.75,28.02,18.28,48.262,31.64,42.11,17.55,3.57,29.15,46.75,79.41,23.825,49.25,20.018,66.2,28.35,12.3,13.195,46.6,48.7,41.17,48.25,311.07,45.3,90.8,44.66,22.5,73.74,11.96,30.11,6.05,7.71,10.24,3.04,115.9,27.1,30.05,9.15,11.65,38.79,10.92,19.94,83.61,16.21,64.72,157.9,21.49,24.75,31.42,31.7,12.66,92.72,99.79,211.56,24.97,7.29,13.25,8.65,27.9
11/10/2017,14:00:00+00:00,36.83,4,14.1,5.29,19.77,67.164,127.15,25.63,159.27,48.65,30.685,41.29,14.87,10.48,467.09,33.33,29.36,45.19,87.35,9.23,16.741,33.2,40.95,48.911,30.59,24.85,28.11,18.74,48.859,31.616,42.715,17.13,3.62,28.98,47.1,78.54,23.825,48.78,19.894,66.16,28.27,12.39,13.2,46.5,49.15,42.46,49.5,310.715,44.575,90.65,44.42,22.86,73.17,11.94,29.8,6.33,7.67,10.28,3.035,110.5,27.16,29.34,9.15,11.425,38.892,11.37,19.81,83.66,16.405,64.364,157,21.58,24.85,30.46,31.7,12.65,93.463,98.47,210.9,25.35,7.22,13.908,8.725,27.53
11/10/2017,15:00:00+00:00,36.72,4,14.01,5.27,19.685,67.3,127.1,25.67,157.77,48.5,30.33,41.11,14.821,10.36,464.98,33.83,29.365,45,86.915,9.52,16.761,33.175,41.035,48.896,30.56,24.91,27.945,18.62,49.108,31.525,42.885,17.02,3.57,29.01,47.25,78.56,23.805,48.68,19.23,66.18,28.21,12.6,13.21,46.7,48.72,42.35,49.04,311.42,44.48,91.04,44.29,22.895,73.62,11.985,29.915,6.34,7.6,10.27,3.005,109.75,27.195,28.88,9.125,11.3,38.54,11.27,19.86,83.76,16.285,64.519,157.26,21.52,24.91,30.35,31.75,12.66,93.215,97.67,210.49,25.44,7.23,13.845,8.65,26.46
11/10/2017,16:00:00+00:00,36.8,3.965,13.93,5.17,19.605,67.05,127.35,25.675,158.05,48.69,30.3,41.13,14.91,10.24,465.8,33.6,29.29,45.13,87.23,9.77,16.905,33.325,41.22,48.916,30.635,24.89,28.05,19.005,48.61,31.5,42.85,17.15,3.585,29.015,47.425,78.76,24.215,48.79,19.14,66.45,28.32,12.55,13.25,46.4,48.51,42.68,49.34,311.22,44.5,91.29,44.43,22.93,73.65,11.92,29.515,6.38,7.59,10.2,3.025,108.2,27.18,28.38,9.15,11.325,38.645,11.437,19.9,84.13,16.27,64.68,157.42,21.49,24.89,30.2,31.725,12.685,93.33,97.05,210.68,25.66,7.15,13.45,8.65,25.79
11/10/2017,17:00:00+00:00,36.67,4,13.86,5.15,19.59,66.95,127.8,25.66,157.785,48.76,30.37,41.1,14.88,10.23,465.9,33.47,29.29,45.08,87.31,9.41,16.85,33.425,40.98,48.762,30.61,24.9,27.98,18.876,48.411,31.555,42.775,17,3.57,28.99,47.125,78.69,23.95,48.8,19.08,66.2,28.305,12.44,13.205,46.05,48.56,43.07,49.48,311.34,44.35,91.252,44.45,22.855,73.515,12,29.475,6.29,7.6,10.145,3.03,106.75,27.12,27.54,9.125,11.35,38.68,11.425,19.82,84.14,16.29,64.489,157.34,21.48,24.9,29.86,31.675,12.655,93.34,97.26,210.34,25.38,7.05,13.429,8.675,25.75
11/10/2017,18:00:00+00:00,36.685,3.975,13.79,5.14,19.495,66.75,128.6,25.62,157.55,48.66,30.35,41.01,14.83,10.225,465.6,33.475,29.2,45.01,87.24,9.32,16.855,33.325,40.9,48.866,30.53,24.825,27.925,18.83,48.362,31.535,42.78,16.866,3.575,28.92,47.25,78.64,24.1,48.7,19.44,66.15,28.35,12.44,13.21,46.05,48.57,42.73,49.27,310.92,44.35,91.52,44.49,22.81,73.465,11.94,29.29,6.245,7.59,10.11,3.035,105.7,27.18,28.2,9.075,11.45,38.7,11.5,19.82,84.06,16.29,64.33,157.04,21.5,24.825,29.69,31.55,12.59,93,97.43,210.63,25.27,7.17,13.445,8.675,26.11
11/10/2017,19:00:00+00:00,36.73,4,13.905,5.16,19.495,66.95,128.85,25.62,157.35,48.75,30.17,41.08,14.816,10.19,465.87,33.59,29.12,44.93,87.29,9.4,16.89,33.8,40.7,48.727,30.66,24.94,27.82,18.72,48.461,31.605,42.72,16.705,3.575,29.04,47.275,78.83,24.05,48.64,19.81,66.23,28.43,12.45,13.205,45.9,48.72,42.95,49.471,311.08,44.25,91.44,44.6,22.855,73.64,12.01,29.285,6.255,7.6,10.155,3.035,104.9,27.2,28.22,9.1,11.45,38.7,11.565,19.85,83.98,16.195,64.62,157.41,21.51,24.94,29.46,31.75,12.54,93.415,97.47,211.18,25.37,7.15,13.39,8.675,25.9
11/10/2017,20:00:00+00:00,36.58,4.025,13.97,5.12,19.525,66.8,127.75,25.555,157.185,48.88,30.28,41.13,14.869,10.225,465.74,33.56,28.93,44.68,87.14,9.45,16.84,33.625,41.015,48.543,30.55,24.925,27.675,18.98,48.088,31.565,42.641,16.43,3.565,29.055,47.15,78.66,23.975,48.46,19.5,66.24,28.425,12.6,13.21,45.775,48.43,42.99,49.66,311.1,44.175,91.535,44.465,22.89,73.6,11.96,29.31,6.21,7.605,10.16,3.03,106.25,26.86,27.77,9.05,11.15,38.69,11.41,19.685,83.55,16.2,64.68,156.95,21.58,24.925,29.09,31.4,12.495,93.62,97.545,211.11,25.39,7.2,13.34,8.625,25.762
11/10/2017,21:00:00+00:00,36.58,4,13.97,5.11,19.545,66.85,127.65,25.57,157.25,48.85,30.38,41.14,14.87,10.23,465.92,33.51,28.9,44.7,87.11,9.44,16.86,33.65,41.02,48.598,30.58,24.93,27.67,18.95,48.063,31.575,42.67,16.43,3.57,29.07,47.1,78.68,23.95,48.49,19.567,66.26,28.42,12.59,13.215,45.8,48.44,43.03,49.68,311.15,44.2,91.56,44.47,22.84,73.57,11.96,29.31,6.215,7.6,10.165,3.03,106.2,26.87,27.84,9.05,11.2,38.7,11.39,19.67,83.54,16.19,64.65,156.96,21.58,24.93,29.12,31.4,12.5,93.58,97.71,211.15,25.4,7.19,13.27,8.6,25.733
11/13/17,14:00:00+00:00,35.91,4.017,13.83,5.2,19.555,66.3,126.2,25.39,157.02,49.24,29.765,40.68,15.04,10.2,462.02,33.27,28.81,44.57,86.74,9.36,16.801,33.725,40.7,48.121,30.62,25.42,27.705,18.921,47.864,31.445,43.08,16.77,3.575,29.3,47.2,77.78,23.9,48.43,19.23,66.315,28.52,12.68,13.19,45.8,48.5,43.06,49.29,311.8,43.4,90.8,44.26,23.13,73.877,11.84,28.91,6.23,7.69,10,2.995,106.75,26.93,27.63,9.2,11.45,38.5,11.16,19.65,82.95,16.01,64.569,156.77,21.48,25.42,27.94,31.05,12.36,92.7,95.97,211.37,25.1,7.25,13.8,8.475,26.474
11/13/17,15:00:00+00:00,35.65,3.988,13.865,5.23,19.59,65.9,127.45,25.42,156.94,49.58,29.68,40.65,15.155,10.12,462.7,33.185,28.91,44.47,86.721,9.48,16.94,33.7,40.73,48.22,30.735,25.335,27.61,19.02,47.416,31.565,43.23,16.49,3.575,29.31,47.225,77.35,24.1,48.445,19.34,66.78,28.555,12.67,13.2,45.75,48.36,42.87,49.62,312.56,43.65,90.92,44.5,23.295,74.69,11.8,28.59,6.245,7.65,10,3.02,107.475,26.94,27.65,9.2,11.55,38.6,11.2,19.7,83.33,15.99,64.43,157.84,21.644,25.335,27.74,29.75,12.28,93.01,96.09,211.84,25,7.3,14.03,8.425,26.46
11/13/17,16:00:00+00:00,35.77,4,13.815,5.31,19.715,65.9,127.95,25.555,156.61,49.57,29.59,40.57,15.19,10.13,462.55,33.315,29.01,44.535,86.79,9.48,16.94,33.975,40.83,48.25,30.82,25.13,27.69,18.93,47.267,31.52,43.3,16.355,3.55,29.31,47.55,77.8,24.35,48.42,19.66,66.88,28.96,12.665,13.25,46.3,48.21,41.71,49.42,312.64,44.025,90.83,44.865,23.31,75.1,11.74,28.785,6.3,7.62,9.985,2.99,107.9,27.11,27.783,9.275,11.4,38.7,11.36,19.72,83.475,15.98,64.599,158.18,21.72,25.13,28.21,29.35,12.26,93.03,96.18,212.45,24.86,7.26,13.88,8.35,26.04
11/13/17,17:00:00+00:00,35.63,4,13.66,5.33,19.74,65.8,126.9,25.6,156.86,49.7,29.325,40.5,15.26,10.16,462.4,32.87,28.93,44.74,87.08,9.29,16.975,34.075,41.01,48.255,30.78,25.02,27.79,18.771,47.168,31.541,43.42,16.015,3.565,29.41,47.65,77.6,24.225,48.4,19.32,67.142,29.06,12.6,13.305,46.45,48.4,41.11,48.73,312.59,44.075,90.94,44.98,23.25,75.72,11.75,28.495,6.27,7.55,10.01,2.995,108.3,27.16,27.63,9.225,11.4,38.67,11.16,19.78,83.36,15.945,64.48,158.58,21.79,25.02,28.28,29.8,12.285,93.02,96.31,212.69,24.71,7.26,13.875,8.3,25.95
11/13/17,18:00:00+00:00,35.67,3.975,13.725,5.44,19.81,65.4,126.3,25.63,157.11,49.67,29.5,40.62,15.24,10.24,463.69,32.74,29.02,45.46,87.03,9.36,17.01,34.125,41.29,48.17,30.71,25.06,28.04,18.97,47.466,31.59,43.51,16.295,3.57,29.4,48,77.85,24.2,48.45,19.09,67.065,29.1,12.67,13.38,46.8,48.6,41.21,48.787,312.818,44.45,91.1,45.3,23.28,75.74,11.73,28.38,6.3,7.585,10.11,2.995,108.2,27.25,27.6,9.2,11.525,38.73,11.235,19.9,83.26,16,64.64,158.18,21.81,25.06,28.35,29.65,12.32,93.375,96.79,212.59,24.75,7.253,13.52,8.325,26.17
11/13/17,19:00:00+00:00,35.31,3.975,13.8,5.43,19.84,65.275,126.65,25.63,157.19,49.68,29.345,40.805,15.24,10.34,464.96,32.63,29.115,45.64,87.17,9.5,17.06,34.25,41.34,48.285,30.61,25.21,28.135,19.03,47.143,31.51,43.54,16.125,3.575,29.345,48.125,77.82,24.35,48.55,19.13,67.21,29.1,12.595,13.39,46.82,48.75,41.11,48.7,313.15,44.575,91.01,45.395,23.325,75.64,11.763,28.125,6.295,7.565,10.12,3.065,109,27.18,27.88,9.2,11.2,38.627,11.15,19.92,83.34,15.995,64.65,158.325,21.76,25.21,28.05,29.875,12.335,93.4,97.43,212.85,24.96,7.31,13.29,8.25,25.88
11/13/17,20:00:00+00:00,35.53,4,13.86,5.425,19.825,65.625,127.025,25.65,157.34,49.76,29.225,40.83,15.265,10.355,465.27,32.71,29.115,45.92,87.02,9.43,16.99,34.375,41.39,48.543,30.64,25.39,28.205,19.015,46.595,31.515,43.6,16.204,3.575,29.225,48.15,77.72,24.4,48.69,19.28,67.155,29.12,12.605,13.39,47.05,48.71,41.22,48.96,313,44.55,90.98,45.435,23.3,75.39,11.75,28.45,6.275,7.57,10.22,3.065,109.025,27.2,27.94,9.05,11.25,38.7,11.14,19.975,83.39,15.92,64.67,158.04,21.77,25.39,27.81,29.7,12.385,93.44,97.805,212.99,24.96,7.32,13.325,8.225,25.875
11/13/17,21:00:00+00:00,35.53,3.95,13.86,5.42,19.82,65.6,127,25.65,157.31,49.72,29.21,40.82,15.27,10.35,465.1,32.71,29.115,45.91,86.95,9.435,16.94,34.4,41.37,48.568,30.64,25.37,28.19,19.02,46.67,31.515,43.58,16.2,3.574,29.24,48.1,77.69,24.35,48.69,19.3,67.14,29.11,12.6,13.4,47.1,48.72,41.19,48.95,312.93,44.5,91.02,45.43,23.3,75.42,11.76,28.47,6.285,7.56,10.255,3.065,108.975,27.14,27.96,9,11.3,38.7,11.13,19.96,83.38,15.93,64.67,158.03,21.75,25.37,27.83,29.6,12.39,93.4,97.76,212.69,24.94,7.3,13.325,8.25,25.87
11/14/17,14:00:00+00:00,36,4.1,13.73,5.42,19.845,65.474,127.05,25.79,156.115,49.55,29.25,40.83,15.285,10.35,466.1,32.59,29.42,46.725,85.97,9.07,16.99,34.6,41.69,48.548,30.529,25.41,28.315,18.88,46.9,31.535,43.21,16.3,3.555,29.41,48.4,76.84,24.55,48.55,19.17,66.92,29.07,12.56,13.44,46.8,48.645,42.01,49.02,311.76,44.1,90.87,45.27,23.16,75.29,11.71,28.343,6.22,7.54,10.02,2.915,108.06,27.145,27.68,9,11.175,38.5,11.1,19.78,82.97,15.982,64.64,157.82,22.03,25.41,27.745,29.75,12.16,93.79,96.93,211.7,25.22,7.377,13.38,8.2,24.72
11/14/17,15:00:00+00:00,35.97,4.025,13.584,5.425,19.865,65.3,127.9,25.7,156.15,49.779,29.1,40.71,15.213,10.21,466.625,32.54,29.51,47.42,85.92,8.7,17.06,34.375,41.702,48.627,30.55,25.46,28.481,18.44,46.85,31.57,42.861,16.135,3.535,29.19,48.5,76.89,24.5,48.49,19.047,67.29,29.01,12.55,13.475,47.525,48.37,41.76,48.84,313.85,43.95,90.72,45.29,23.1,75.76,11.82,28.3,6.195,7.53,9.875,2.86,105.85,27.27,27.69,8.975,11.15,38.39,11.32,19.88,83,15.91,64.76,159.71,22.08,25.46,27.27,29.45,12.14,94.13,97,211.97,24.81,7.45,13.24,8.225,24.335
11/14/17,16:00:00+00:00,35.92,4.025,13.45,5.33,19.87,64.65,128.15,25.695,156.78,49.83,29.16,40.71,15.23,10.03,466.953,32.895,29.58,47.68,85.9,8.4,16.99,34.375,41.73,48.543,30.5,25.485,28.43,18.34,46.45,31.615,42.985,15.94,3.545,29.205,48.3,75.9,24.7,48.18,18.84,67.25,29.03,12.62,13.44,47.25,48.39,41.69,48.81,313.655,43.3,90.6,45.365,23.03,75.75,11.8,28.2,6.145,7.52,9.87,2.834,108.2,27.221,27.68,8.925,11.325,38.28,11.36,19.8,83.35,15.905,64.72,159.12,21.96,25.485,27.39,29.2,12.145,94.18,96.04,212.09,24.79,7.56,13.21,8.15,24.06
11/14/17,17:00:00+00:00,35.86,4.025,13.46,5.21,19.83,64.75,128.3,25.68,156.58,49.63,29.08,40.74,15.22,10.2,468.27,33.07,29.49,47.54,85.66,8.51,17.02,34.475,41.51,48.449,30.58,25.5,28.39,18.24,46.2,31.47,42.92,15.99,3.54,29.19,48.2,75.89,24.4,48.25,17.94,67.35,29.05,12.56,13.43,46.95,48.3,41.87,48.79,313.15,43.25,90.24,46.3,22.91,75.73,11.83,28.03,6.065,7.485,9.775,2.84,107.45,27.19,27.68,8.875,11.375,38.219,11.45,19.79,82.945,15.85,64.78,158.77,21.82,25.5,27.442,29.3,12.15,94.08,96.335,211.31,24.99,7.7,13.33,8.15,23.935
11/14/17,18:00:00+00:00,35.75,4.1,13.49,5.25,19.835,64.849,128.3,25.705,156.95,49.65,29.21,40.715,15.26,10.185,468.35,32.98,29.55,47.515,85.76,8.421,17.05,34.525,41.41,48.508,30.585,25.5,28.415,18.34,46.275,31.549,42.975,16.07,3.535,29.26,48.125,76.08,24.5,48.38,17.63,67.54,29.105,12.62,13.44,46.8,48.25,41.85,48.9,313.21,43.2,90.75,46.01,22.88,75.71,11.87,28.01,6.105,7.5,9.695,2.87,107.1,27.19,27.86,8.925,11.5,38.245,11.45,19.86,82.91,15.82,64.97,159.35,21.81,25.5,27.59,29.4,12.165,94.18,96.46,211.11,25.04,7.67,13.3,8.225,23.83
11/14/17,19:00:00+00:00,35.67,4.15,13.49,5.25,19.86,64.55,128.775,25.715,157.14,49.73,29.545,40.735,15.295,10.245,470.37,33.19,29.65,47.46,85.95,8.5,17,34.375,41.35,48.553,30.67,25.45,28.47,18.425,46.25,31.536,43.06,16.129,3.525,29.34,48.15,76.35,24.35,48.61,17.615,67.625,29.1,12.74,13.48,46.9,48.43,41.875,48.76,313.555,43.725,90.89,46.13,22.965,75.86,11.87,27.99,6.11,7.5,9.65,2.805,107.15,27.22,28.12,8.95,11.5,38.25,11.33,19.915,83.16,15.89,65.05,158.82,21.82,25.45,27.59,30,12.16,94.26,97,211.62,24.99,7.75,13.335,8.225,23.785
11/14/17,20:00:00+00:00,35.76,4.15,13.6,5.26,19.935,64.099,129.55,25.835,157.02,49.63,29.65,40.85,15.275,10.26,470.335,33.23,29.45,47.86,86.045,8.7,17.01,34.375,41.42,48.588,30.765,25.49,28.605,18.405,46.2,31.53,43.025,16.149,3.45,29.36,48.25,76.025,24.25,48.64,17.88,67.34,29.225,12.8,13.5,47.2,48.39,42.155,49.285,313.83,43.6,91.02,46.31,23.02,75.93,11.83,28.055,6.09,7.5,9.53,2.815,107.65,27.18,28.18,9,11.6,37.815,11.54,19.88,83.02,15.795,64.86,159.26,21.75,25.49,27.62,30.05,12.22,94.44,96.97,211.72,25.06,7.86,13.67,8.2,23.53
11/14/17,21:00:00+00:00,35.76,4.1,13.64,5.25,19.93,64.099,129.5,25.84,157.12,49.64,29.63,40.83,15.27,10.255,470.42,33.21,29.405,47.82,86.02,8.71,17.03,34.45,41.54,48.598,30.79,25.49,28.62,18.38,46.15,31.545,43.01,16.19,3.46,29.37,48.2,76.04,24.3,48.64,17.88,67.31,29.21,12.78,13.5,47.275,48.4,42.21,49.26,313.78,43.5,91.01,46.32,23.02,75.99,11.84,28.05,6.1,7.5,9.52,2.815,107.65,27.16,28.185,9,11.625,37.83,11.5,19.86,83.03,15.79,64.91,159.29,21.75,25.49,27.59,29.95,12.22,94.47,96.99,211.66,25.1,7.86,13.7,8.225,23.53
11/15/17,14:00:00+00:00,35.57,4.1,13.745,5.14,19.75,62.125,130.25,25.61,156.4,49.09,29.01,40.33,15.27,10.05,466.853,33.3,29.14,47.06,85.97,8.76,17.015,34.1,40.63,48.111,30.31,25.18,28.295,17.957,45.5,31.21,42.12,16.1,3.46,29.05,47.975,75.26,23.125,47.85,17.32,67.18,29.06,12.71,13.79,46.45,47.36,41.73,48.82,311.41,42.95,89.56,45.75,22.46,75.945,11.82,27.605,6.025,7.45,9.23,2.731,105.9,26.75,28.02,8.95,11.9,36.96,11.3,20.14,82.09,15.815,64.815,157.15,21.35,25.18,26.76,29.65,12,93.74,96.04,211.341,25.45,7.905,13.76,8.25,23.33
11/15/17,15:00:00+00:00,35.71,4.025,13.92,5.016,19.764,61.164,129.85,26,157.61,49.64,29.09,40.65,15.44,10.19,470.15,33.305,29.12,47.318,86.89,8.71,16.98,33.925,41.98,48.349,30.38,25.06,28.425,18.4,46,31.45,42.68,16.43,3.465,29.085,48.5,75.39,22.8,48.12,17.213,66.98,29.02,12.91,13.945,46.55,47.55,41.96,48.85,312.455,43,90.4,45.65,22.63,76.36,11.91,28.24,6.14,7.52,9.39,2.83,104.7,26.58,28.05,9,11.925,36.7,11.48,20.41,82.72,16.16,65.565,158.62,21.27,25.06,26.94,29.9,12.07,94.695,96.23,210.49,25.66,7.94,14.08,8.175,23.36
11/15/17,16:00:00+00:00,35.76,4.125,14,5.06,19.7,60.85,130.199,26.145,158.575,49.72,29.15,40.74,15.395,10.22,471.68,33.23,29.21,47.31,87.385,8.81,16.99,33.925,42.4,48.737,30.53,25.04,28.509,18.4,46,31.445,42.825,16.225,3.455,29.06,48.525,75.33,22.95,48.175,17.355,66.98,29.09,12.86,13.89,46.55,47.625,42.22,49.42,312.605,43.2,90.44,45.56,22.59,76.26,11.93,28.53,6.18,7.52,9.49,2.78,104.85,26.83,27.89,8.9,12.125,37.17,11.455,20.5,83.03,16.276,65.57,158.87,21.2,25.04,27.35,29.7,12.18,94.74,96.15,210.35,25.87,8.06,14.235,8.175,22.965
11/15/17,17:00:00+00:00,35.75,4.125,13.995,5.07,19.66,60.75,130.5,26.085,157.725,49.63,29.05,40.575,15.37,10.28,470.663,33.44,29.11,47.26,87.73,8.91,17.005,34.075,42.13,48.836,30.57,25.1,28.5,18.37,45.65,31.37,42.945,16.065,3.445,29.14,48.5,75.25,23.277,48.12,17.35,66.982,29.2,12.9,13.835,46.75,47.54,42.4,49.56,311.74,43.3,90.24,45.59,22.63,76.215,11.92,28.32,6.205,7.56,9.435,2.78,104.65,26.74,27.95,8.925,12.175,37.365,11.408,20.62,82.99,16.265,65.51,159,21.2,25.1,27.26,29.65,12.185,94.36,96.09,209.895,25.9,8.25,14.255,8.1,23.09
11/15/17,18:00:00+00:00,35.53,4.2,13.985,5.08,19.67,60.25,130.449,26.085,156.975,49.34,29.03,40.39,15.31,10.33,469.36,33.37,29.24,47.11,87.22,8.85,16.93,33.975,42.18,48.762,30.41,25.15,28.43,18.413,45.4,31.33,42.875,16.05,3.445,29.165,48.2,75.27,23.1,48.07,17.3,66.59,29.25,12.92,13.875,46.5,47.555,42.35,48.93,311.25,43.55,90.115,45.48,22.61,75.91,11.9,28.27,6.28,7.47,9.49,2.75,104.15,26.74,27.99,8.975,12.225,37.1,11.3,20.48,82.59,16.25,65.51,158.74,21.05,25.15,27.09,29.35,12.16,94.224,96.33,209.85,25.79,8.24,14.37,8.1,23.08
11/15/17,19:00:00+00:00,35.61,4.3,13.985,5.09,19.67,59.921,130.9,26.31,157.32,49.225,29.03,40.423,15.33,10.345,470.49,33.38,29.32,47.09,87.74,8.88,17.01,34.075,42.13,48.99,30.41,25.01,28.405,18.51,45.6,31.34,42.97,16.1,3.45,29.19,48.375,75.48,23.05,48.3,17.37,66.64,29.25,12.99,13.89,46.6,47.61,42.53,49.56,311.436,43.65,89.794,45.5,22.515,75.985,11.9,28.24,6.35,7.46,9.6,2.77,104.475,26.87,28.03,9,12.225,37.105,11.33,20.6,82.74,16.37,65.57,158.925,21.067,25.01,27.34,29.3,12.195,94.304,96.23,210.125,25.97,8.485,14.445,8.125,22.92
11/15/17,20:00:00+00:00,35.8,4.175,13.86,5.11,19.63,59.75,132.3,26.225,157.54,49.11,29.03,40.48,15.37,10.305,470.84,33.395,28.995,47.02,87.72,8.85,16.95,34.025,41.93,49.045,30.295,24.87,28.485,18.5,45.5,31.31,42.88,16,3.425,29.025,48.4,74.85,23,48,17.197,66.625,29.305,12.97,13.835,46.575,47.45,42.23,49,310.59,43.55,89.55,45.69,22.395,75.955,11.9,27.995,6.35,7.43,9.52,2.765,104.75,26.885,27.94,8.75,11.975,37.125,11.255,20.76,82.845,16.3,65.56,159.01,20.82,24.87,27.29,29.35,12.2,94.35,95.73,209.82,25.7,9,14.195,8.05,22.66
11/15/17,21:00:00+00:00,35.8,4.15,13.88,5.13,19.64,59.8,132.45,26.22,157.4,49.09,29.02,40.45,15.37,10.305,470.78,33.37,29.01,47.03,87.63,8.86,16.95,34.075,41.97,49.025,30.33,24.88,28.47,18.52,45.475,31.32,42.85,16,3.43,29.06,48.425,74.93,22.975,48.04,17.19,66.55,29.32,13,13.84,46.6,47.43,42.27,49.22,310.66,43.55,89.65,45.66,22.4,75.93,11.91,28.02,6.365,7.43,9.52,2.765,104.65,26.93,27.98,8.75,12.05,37.16,11.25,20.76,82.8,16.295,65.6,158.845,20.83,24.88,27.29,29.3,12.21,94.36,95.75,209.87,25.69,8.99,14.19,8,22.68
11/16/17,14:00:00+00:00,35.77,4.175,13.88,5.21,19.69,59.55,134.35,26.51,158.07,49.16,29.305,40.82,15.53,10.24,471,33.09,29.26,47.45,87.88,8.74,17.04,33.85,42.45,49.8,30.6,24.86,28.755,18.66,45.75,31.52,42.9,16.25,3.36,29.105,48.35,75.57,23.9,47.92,17.119,66.61,29.48,13.07,13.875,47.65,47.735,42.26,47.665,311.27,44.025,89.94,49.88,22.5,76.11,11.9,28.25,6.31,7.55,9.82,2.81,105.45,27.35,28.43,8.975,12.025,37.18,11.61,21.14,83.37,16.219,65.65,160.54,21.135,24.86,27.48,29.5,12.34,94.56,97.35,210.48,25.65,9.2,14.57,8.05,22.46
11/16/17,15:00:00+00:00,35.76,4.25,14.04,5.24,19.78,58.1,134.55,26.58,158,49.34,29.35,40.81,15.73,10.28,473.07,33.22,29.4,47.46,87.48,9.14,17.1,33.925,42.83,49.995,30.84,25.01,28.7,18.76,46.2,31.67,43.21,16.62,3.335,29.29,48.45,75.86,23.75,47.96,17.39,66.8,29.57,13.18,13.87,47.8,47.59,42.41,48.36,311.44,44.1,90.502,49.91,22.66,76.04,11.95,28.16,6.33,7.59,9.89,2.875,104.775,27.47,28.45,8.95,12.15,37.69,11.54,21.3,83.41,16.28,66.41,160.98,21.2,25.01,28.11,29.7,12.44,95.42,97.27,210.62,26.27,9.265,14.55,8.175,22.565
11/16/17,16:00:00+00:00,36.045,4.175,14.095,5.4,19.71,57.95,135.45,26.565,157.295,49.06,29.19,40.62,15.655,10.26,472.61,33.39,29.355,47.125,87.105,9.06,17.16,33.75,42.925,50.39,30.78,24.98,28.61,18.76,46.05,31.705,43.199,16.35,3.35,29.205,48.55,75.7,24.25,48.55,17.41,66.56,29.61,13.15,13.935,48.09,47.43,42.55,48.826,311.79,43.85,90.29,50,22.65,75.96,11.94,28.02,6.275,7.69,9.855,2.86,104.75,27.46,28.29,8.9,12.05,37.32,11.68,20.98,83.33,16.16,66.523,161.075,21.18,24.98,28.54,29.805,12.5,95.53,97.22,210.6,26.39,9.5,14.64,8.05,22.53
11/16/17,17:00:00+00:00,36.25,4.25,14.24,5.39,19.735,58.35,136.35,26.54,157.385,49.12,29.2,40.65,15.66,10.4,473.015,33.525,29.46,47.2,87.17,9.07,17.18,33.828,42.87,50.43,31.005,24.99,28.645,18.88,46.4,31.775,43.4,16.079,3.335,29.22,48.65,75.91,24.5,48.43,17.526,66.55,29.64,13.07,13.965,48.25,47.445,42.547,49.175,312.05,43.95,90.55,50.82,22.705,75.99,11.96,28.12,6.34,7.68,9.925,2.86,105,27.61,28.405,8.95,12.2,37.165,11.8,20.87,83.32,16.235,66.47,160.97,21.2,24.99,28.78,30.05,12.57,95.42,97.4,210.575,26.71,9.4,14.76,8.15,22.37
11/16/17,18:00:00+00:00,36.32,4.2,14.19,5.45,19.725,58.35,135.85,26.465,156.86,49.15,29.31,40.65,15.745,10.29,473.37,33.55,29.49,47.1,87.125,9.2,17.16,33.825,42.89,50.439,31.03,24.975,28.54,18.745,46.45,31.635,43.46,16.11,3.31,29.165,48.5,75.98,24.1,48.46,17.64,66.36,29.46,13,13.94,48.4,47.41,42.38,48.69,312.17,44.15,90.905,51.01,22.65,75.93,11.92,28.08,6.36,7.59,9.975,2.87,104.8,27.36,28.38,8.9,12.175,37.2,11.85,20.88,83.343,16.219,66.35,160.39,21.365,24.975,28.68,30.1,12.53,95.36,97.63,211.33,26.55,9.24,14.64,8.175,22.39
11/16/17,19:00:00+00:00,36.34,4.2,14.11,5.41,19.72,57.9,136.25,26.445,156.8,49.15,29.52,40.64,15.67,10.27,473.86,33.49,29.51,47,87.179,9.135,17.16,33.875,42.58,50.545,31.02,24.94,28.455,18.68,46.55,31.634,43.53,16.149,3.285,29.22,48.35,76.03,23.825,48.16,17.73,66.3,29.31,12.925,13.92,48.1,47.235,42.46,49.04,312.547,44.05,90.83,51.06,22.59,76.005,11.95,28.075,6.44,7.47,9.96,2.83,104.45,27.315,28.3,8.85,12.025,36.99,11.78,20.84,83.34,16.204,66.35,160.05,21.65,24.94,28.6,30,12.58,95.455,98.21,211.33,26.51,9.18,14.27,8.15,22.29
11/16/17,20:00:00+00:00,36.52,4.2,13.97,5.45,19.745,57.85,137.65,26.43,157.06,49.09,29.41,40.545,15.6,10.31,473.93,33.585,29.715,47.095,87.08,9.165,17.01,33.825,42.42,50.455,30.99,24.94,28.47,18.595,46.45,31.66,43.6,16.149,3.16,29.3,48.3,75.975,23.825,48.3,17.71,66.06,29.285,12.98,13.925,48.15,47.31,42.245,49.15,312.55,44.075,90.755,51.65,22.48,76,11.95,28.17,6.365,7.5,10,2.855,104.65,27.295,28.38,8.9,12.025,37.095,11.835,20.795,83.31,16.14,66.36,160.05,21.7,24.94,28.7,30.1,12.565,95.55,98.375,211.05,26.44,9.03,14.21,8.1,22.245
11/16/17,21:00:00+00:00,36.51,4.15,13.96,5.43,19.75,57.9,137.6,26.42,157.07,49.1,29.31,40.54,15.59,10.32,474.04,33.52,29.69,47.06,87.14,9.16,16.99,33.85,42.5,50.45,31,24.945,28.47,18.6,46.55,31.66,43.61,16.17,3.17,29.31,48.3,75.98,23.75,48.31,17.72,66.08,29.27,12.965,13.915,48.175,47.31,42.25,49.12,312.65,44.1,90.78,51.76,22.49,75.97,11.95,28.19,6.355,7.495,9.98,2.84,104.7,27.27,28.38,8.8,12.025,37.11,11.84,20.78,83.31,16.149,66.4,160.04,21.69,24.945,28.62,30.125,12.57,95.53,98.38,211.17,26.41,9.03,14.21,8.074,22.27
