"Date","AAN","ACTG","AEO","AGFS","AGNC","AGX","ALGT","ALLY","AMP","AMTD","APO","BEN","BGCP","BKD","BLK","BPOP","BYD","CIT","COF","CRR","CSBK","CTB","CWH","DAL","DAN","FCE-A","FITB","FNSR","GBX","GLW","GM","GME","GNW","GT","HBHC","HCA","HIIQ","HLS","HTZ","ICE","ILG","INVA","ISBC","ITGR","KRA","KSS","LB","LMT","LPNT","MCHP","MD","MOS","NDAQ","NEWS","NVDA","NWL","OCLR","ORN","PAH","PDLI","PEN","PENN","PINC","PLAB","PRTY","PVAC","RCII","RDN","RJF","SC","SEIC","SPGI","SRI","SYX","TGI","TGNA","TROW","UHS","UNH","URBN","VRS","VSTO","WAIR","WLL"
2017-10-02,43.810001,4.65,14.168373,7.02,21.511122,66.940338,129.388168,24.308281,147.901459,48.842869,29.718813,44.73,14.632989,10.62,449.950012,35.98,26.040001,49.02676,85.529938,8.51,16.541378,37.950001,40,47.772789,28.734617,25.620001,27.870001,22.43,49.157482,30.012529,42.150002,20.469999,3.37,33.41917,49.25,79.919998,15.55,45.950001,23.620001,69.330002,26.85,14.49,13.64737,52.799999,41.759998,44.619999,41.621284,311.329987,58.650002,90.18998,44.279999,21.75,77.790001,11.84,178.875732,42.93,8.86,6.77,11.34,3.4,92.300003,23.309999,32.630001,9.05,13.45,40.549999,11.35,18.76,84.550003,15.562472,61.459999,157.520004,20.59,27.033905,31.200001,13.21,90.68,112.230003,197.440002,23.99,5.15,23.5,9.55,21.559999
2017-10-03,44.189999,4.65,13.791871,7.06,21.550774,66.989601,132.522141,24.37796,148.677429,49.370636,29.639877,44.77,15.107251,10.87,450.790009,35.16,25.709999,48.67799,85.977898,8.51,16.46166,37.650002,40.400002,50.933128,28.025984,25.4,27.91,22.299999,49.356499,30.161795,43.450001,20.209999,3.49,33.160343,49.150002,79.480003,16.299999,46,23.98,69.879997,28.700001,14.48,13.60764,52.849998,41.66,44.459999,42.204163,312.859985,58.849998,90.359306,44.799999,21.76,77.75,11.88,179.245468,43.099998,8.73,6.89,11.6,3.38,91.599998,23.309999,34.209999,9.35,13.3,40.389999,11.33,18.799999,85.790001,15.522543,62.560001,159.210007,21.15,27.402729,31.200001,13.31,90.919998,112.610001,198.630005,23.110001,5.37,23.15,9.6,21.84
2017-10-04,44.610001,4.3,13.455,7.11,21.580513,66.447769,131.02977,24.149014,149.095261,49.251141,29.975348,44.869999,15.117132,10.8,457.910004,34.73,25.58,48.249504,85.948029,8.08,16.352047,36.950001,39.59,51.241215,28.405251,25.4,27.809999,22.16,49.655029,30.321012,43.779999,20.25,3.48,33.210117,48.549999,77.690002,16.950001,45.650002,24.98,70.459999,29.17,14.45,13.418921,53.25,40.849998,43.84,40.860584,313.019989,57.75,91.235802,43.66,21.719999,77.57,11.78,180.744415,43.27,8.74,6.77,11.5,3.44,92.849998,22.91,34.189999,9.05,12.85,40.23,11.48,18.65,85.529999,15.492597,62.529999,159.600006,21.99,28.170286,31.4,13.42,91.410004,112.099998,200.479996,23.030001,5.39,22.469999,9.55,21.48
2017-10-05,44.57,4.22,13.85,7.05,21.61025,66.300003,130.631805,24.129105,149.771744,49.858562,30.133219,44.759998,15.512351,10.77,464.429993,35.220001,27.18,49.206127,86.694626,7.68,16.332117,36.700001,40.389999,51.36047,28.435194,25.700001,28.219999,22.059999,50.55061,30.301113,43.849998,20.52,3.48,33.011013,48.75,77.260002,16.75,46.099998,24.450001,70.959999,28.780001,14.75,13.538113,54.150002,40.900002,44.27,42.273315,314.579987,57.25,90.937004,43.57,21.639999,77.650002,11.87,180.644501,43.799999,8.64,6.88,11.43,3.41,93.199997,24.049999,34.810001,9.1,13,41.099998,11.45,18.85,86.010002,15.582437,62.66,159.039993,22.18,27.941017,31.700001,13.49,91.75,112.139999,197.899994,23.59,5.44,22.6,9.7,22.08
2017-10-06,44.389999,4.05,13.65,7.06,21.273211,67.038857,131.278503,24.288372,150.209473,48.115955,30.054281,44.669998,15.749482,10.71,463.220001,35.360001,27.620001,49.196159,86.644859,7.39,16.371977,36.650002,40.400002,51.688427,28.375311,25.360001,28.190001,22.34,50.003307,29.942871,44.93,20.02,3.63,32.622768,48.650002,76.639999,16.9,46.5,25.290001,69.029999,29.190001,14.32,13.528179,53.150002,40.709999,43.34,42.401745,316.459991,56.5,91.186005,43.619999,21.02,73.900002,11.84,181.174133,43.900002,8.77,6.86,11.59,3.42,94.199997,24,34.5,9.15,13,41.130001,11.47,18.73,86.269997,15.652313,62.779999,158.449997,21.379999,28.220127,31.700001,13.4,91.720001,110.139999,198.059998,23.129999,5.53,21.75,9.75,20.799999
2017-10-09,43.959999,4.1,13.39,7.02,21.312862,66.201485,132.37291,24.248556,149.851334,48.434601,30.15295,44.709999,15.6902,10.25,462.450012,35.150002,27.4,48.618206,86.903679,7.46,16.46166,36.150002,40.189999,51.420101,28.305445,25.48,28.129999,22.34,50.152573,29.972725,45.330002,20.15,3.7,32.57299,48.799999,75.309998,18.6,45.860001,25.99,69.459999,29.219999,14.16,13.498382,52.700001,40.610001,42.990002,41.660801,317.299988,55.25,91.126244,42.580002,20.940001,74.5,11.81,185.261292,43,8.72,6.91,11.44,3.4,93.050003,23.67,33.860001,9.1,12.75,42.16,11.29,18.549999,86.07,15.302932,62.810001,159.169998,21.540001,27.632,32.5,12.96,91.980003,107.129997,196.300003,22.950001,5.83,21.67,9.15,21.200001
2017-10-10,43.889999,4.3,13.61,7.02,21.253386,65.807434,132.870361,24.368006,150.468124,47.707684,30.419355,44.919998,16.154583,10.49,465.48999,34.57,27.5,49.176231,86.903679,7.4,16.621094,36.5,40.57,52.374165,28.38529,25.52,28.42,21.940001,49.655029,29.883165,45.209999,20.23,3.83,32.871643,49.200001,75.449997,18.75,45.290001,26.719999,69.68,29.120001,13.94,13.597708,53.150002,40.560001,43.259998,42.431385,317.709991,54.700001,91.554527,43.029999,20.92,74.559998,11.96,188.798828,42.689999,8.62,6.94,11.55,3.49,91.550003,23.549999,33.880001,9.1,12.9,41.669998,11.33,18.77,86.480003,15.302932,63.369999,158.800003,21.68,28.200191,32.5,12.97,92.18,106.580002,194.679993,23.190001,5.82,21.190001,9.15,20.959999
2017-10-11,42.959999,4.35,13.14,7.11,21.312862,65.068573,137.446945,24.238602,151.045135,47.916798,30.498289,44.93,16.134821,10.31,473.929993,33.549999,27.799999,49.265915,86.356171,7.32,16.521448,37,40.610001,52.741875,28.425213,25.58,28.26,21.799999,49.356499,29.743849,45.470001,19.59,3.79,32.841778,49.049999,75.529999,17.4,45.709999,26.24,70.089996,29.35,13.83,13.56791,53.650002,41.040001,43.220001,41.344666,318.589996,54.5,91.564491,43.290001,21.1,75.629997,12.27,190.807434,43.169998,8.56,7.06,11.49,3.46,91.900002,23.700001,34.080002,9.3,12.85,41.43,10.99,18.83,86.389999,15.223073,63.549999,159,21.799999,28.010794,31.950001,12.95,92.849998,107.75,195.259995,23,5.89,20.719999,9.15,21.280001
2017-10-12,42.459999,4.2,13.03,7.04,21.372339,65.265602,140.381943,23.850384,151.79126,47.896881,30.429222,44.799999,16.203983,10.11,480.589996,32.919998,27.799999,49.42535,84.205978,6.99,16.541378,37.099998,42.18,52.781628,28.335386,25.610001,28.15,22.280001,49.704781,29.793606,44.889999,19.5,3.84,32.563034,48.799999,74.220001,18.1,45.41,26.370001,69.910004,29.190001,13.9,13.56791,54.25,41.099998,42.32,40.929737,321.149994,54.700001,91.415085,42.75,21.23,74.910004,11.97,190.897369,42.779999,8.61,7.06,11.7,3.45,91.599998,23.629999,34.380001,9.4,12.25,40.48,10.73,18.969999,86.330002,15.04339,63.93,161.119995,21.860001,28.09054,32.349998,12.51,94.459999,105.919998,192.919998,22.190001,5.9,21.139999,9.25,21
2017-10-13,42.099998,4.2,12.99,7.03,21.570601,65.758171,139.635757,24.049471,152.119553,47.110222,30.715359,44.639999,15.818646,10.1,475.48999,32.650002,27.690001,49.02676,84.972481,7.02,16.61113,36.650002,42.34,53.626373,28.295464,25.42,28.059999,22.16,50.252083,29.594584,45.880001,19.709999,3.94,32.861687,48.150002,74.580002,18.9,45.23,26.27,69.389999,29.379999,13.76,13.557977,54.099998,42.029999,42.139999,41.334785,319.390015,55,91.395172,42.169998,21.780001,74.339996,11.9,194.454895,43.099998,8.43,7.05,11.58,3.47,92.099998,23.709999,33.98,9.4,12.15,41.220001,10.57,19.379999,85.330002,15.103285,63.41,161.820007,22.040001,28.120443,31.65,12.64,94.940002,105.550003,192.520004,22.540001,5.83,20.879999,9.5,21.559999
2017-10-16,41.540001,3.95,12.93,6.8,21.570601,66.152229,139.188034,24.437685,152.597061,47.568275,30.962029,44.75,15.996495,10.12,477.959991,33.02,27.9,49.02676,86.455719,6.8,16.820387,36.700001,42.299999,53.288475,28.954195,25.219999,28.370001,21.889999,50.898891,29.743849,45.759998,19.41,3.9,32.891556,49,75.190002,21.1,45.119999,25.66,68.400002,29.139999,13.99,13.64737,54.299999,41.959999,42.860001,40.781548,318.940002,55.799999,91.524651,42.290001,21.9,74.110001,12.13,197.792572,42.75,8.37,7.17,11.36,3.51,92.550003,23.59,33.5,9.5,11.9,41.91,10.22,19.65,85.639999,15.472631,63.720001,162.460007,22.1,28.130411,31.5,12.66,94.82,105.599998,193.199997,22.940001,5.84,20.74,9.45,21.040001
2017-10-17,41.549999,3.9,12.81,6.66,21.659817,64.970055,140.779907,24.298326,151.562454,47.020599,31.327101,44.389999,15.749482,10.23,475.549988,32.869999,27.950001,48.857357,85.67926,6.65,16.670918,36.599998,43.459999,52.433792,28.944214,25.07,27.969999,21.639999,50.252083,29.524925,45.02,19.66,3.83,32.881596,48.299999,76.82,21.950001,45.34,25.35,68.169998,29.290001,13.93,13.557977,53.900002,41.41,43.299999,41.00877,318.269989,56.200001,91.335403,41.900002,21.059999,74.709999,12.02,197.612701,41.939999,8.4,7.07,10.99,3.45,93.550003,23.969999,33.68,9.4,11.9,41.849998,10.34,19.889999,84.110001,15.243038,63.32,161.679993,22.120001,28.070602,31.450001,12.58,94.730003,108.459999,203.889999,23.33,5.8,20.950001,9.4,21.040001
2017-10-18,41.27,4.15,12.97,6.5,21.620163,66.300003,142.023544,24.368006,151.950439,47.339249,31.307367,44.799999,15.739602,10.38,477.5,33.07,28.6,48.817501,86.266586,6.7,16.780529,37.099998,44.299999,52.533176,29.014078,25.02,28.07,21.98,50.55061,29.773703,45.119999,20.049999,3.89,33.239979,49.150002,77.449997,22.75,46,25.440001,68.199997,29.25,13.63,13.60764,54.349998,40.970001,43.630001,41.611404,315.570007,56.099998,91.753738,42.119999,21.16,74.599998,12.1,197.442825,41.209999,8.41,7.21,11.07,3.47,94.949997,25.200001,33.709999,9.6,11.55,41.700001,10.53,20.110001,85.309998,15.34286,63.48,161.149994,22.700001,28.09054,31.950001,12.79,95.760002,108.519997,205.229996,23.77,6,21.48,9.5,20.68
2017-10-19,42.48,4.1,12.97,6.34,21.60034,66.599998,137.944397,24.407824,151.661926,47.18988,31.435637,44.869999,15.650678,10.44,476.790009,32.490002,28.4,49.106476,87.082863,6.44,16.760599,37.650002,43.169998,51.946823,29.16379,25.030001,28.280001,23.200001,50.451099,29.913017,45.349998,20.049999,3.9,33.449036,50.599998,79.790001,21.75,46.400002,24.59,66.849998,29.27,14.1,13.667236,54,40.73,43.860001,41.492855,316.839996,57.849998,92.680046,44.509998,21.1,72.940002,12.24,197.662674,40.59,8.41,7.08,11.07,3.49,95.199997,24.92,33.959999,9.45,11.1,41.009998,10.64,20.469999,85.720001,15.282968,63.189999,159.440002,22.389999,28.070602,31.5,12.75,95.629997,110.540001,203.25,23.719999,6.76,21.74,9.45,20.120001
2017-10-20,42.740002,4.2,13.5,6.27,21.60034,67.650002,139.586014,24.776131,153.323288,48.066166,31.603371,45.07,15.700081,10.45,476.619995,32.48,28.700001,49.734261,89.262917,6.66,16.621094,37.650002,44.349998,52.940639,29.213694,24.98,28.6,23.030001,50.948647,29.913017,45.610001,20.129999,3.81,33.78751,50.450001,81.050003,21.5,46.580002,24.450001,66.120003,29.33,13.83,13.746696,54.299999,41.990002,44.490002,43.221725,320,58.349998,92.361313,44.509998,21.41,72.919998,12.2,196.76329,40.369999,8.41,7.06,11.14,3.5,95.550003,25.129999,34.169998,9.4,11.5,40.650002,10.43,20.290001,86.629997,15.362825,63.700001,161.550003,22.200001,28.279938,32.200001,12.94,96.860001,112.849998,207.490005,24.629999,6.91,22.02,9.5,20.4
2017-10-23,42.09,4.2,13.8,6.39,21.44173,66.5,138.19313,24.507366,153.38298,47.936714,31.721773,44.540001,15.650678,10.25,474.390015,32.290001,28.459999,49.245983,89.312691,6.47,16.541378,37.450001,42.830002,51.95676,28.984137,24.74,28.43,23.200001,51.396439,29.863262,45.150002,20.280001,3.7,33.757645,49.599998,80.75,21,45.82,24.290001,65.690002,29.26,13.83,13.538113,51.099998,42.25,44.16,43.389668,320.730011,58.849998,92.241791,44.490002,21.030001,73.489998,12.5,196.48349,40.16,8.34,7.16,10.87,3.51,95.449997,25.01,34.209999,9.35,11.2,40.450001,10.45,19.860001,86.32,15.272985,62.68,162.100006,22.07,27.980888,31.950001,12.73,96.129997,112.959999,207.009995,24.700001,7.15,21.879999,9.5,18.92
2017-10-24,42.389999,4.2,13.93,6.32,21.431818,66.400002,140.332199,24.517319,153.174072,49.78886,32.412449,44.799999,15.798884,10.15,473.720001,32.41,28.379999,47.342709,89.113594,6.96,16.680882,37.299999,43.290001,52.851196,29.313503,24.83,28.6,23.309999,51.595451,31.783827,46.48,19.959999,3.53,33.906971,50.049999,79.57,21.200001,46.18,24.139999,65.239998,29.469999,13.89,13.56791,51,41.98,43.959999,43.893513,313.149994,58.549999,92.939003,44.169998,21.65,73.449997,12.39,198.542053,40.389999,8.52,7.43,10.9,3.3,96.599998,25.17,33.689999,9.4,12,39.759998,10.55,20.24,86.360001,15.272985,63.5,161.899994,22.370001,28.210157,31.9,12.74,96.480003,111.5,208.149994,24.83,7.24,22.370001,9.55,19.120001
2017-10-25,42.34,4.1,13.86,5.84,21.253386,67.199997,139.138306,25.552563,156.248093,49.669369,31.85004,44.150002,15.789004,9.9,469.149994,34.16,27.700001,46.336266,90.4077,6.93,16.800459,36.900002,40.650002,51.917011,28.754578,24.719999,28.58,22.66,50.898891,31.385782,45.119999,19.610001,3.42,33.797466,49.5,79.199997,21,45.220001,24.07,65.910004,29.469999,11.73,13.508315,50.700001,47,43.790001,43.755203,312.429993,56.799999,91.952942,43.630001,21.540001,72.440002,12.28,193.525543,40.279999,8.37,7.21,10.8,3.2,96.150002,25.370001,33.200001,9.45,11.95,38.580002,9.94,20.290001,85.730003,15.153196,62.799999,160.919998,22.51,27.641968,31.9,12.64,95.150002,110.75,207.559998,24.889999,7.15,22.389999,9.5,19.48
2017-10-26,42.240002,4.25,14.01,5.86,20.351307,69.599998,140.630676,25.900961,161.95842,50.724888,31.534302,43.950001,15.156654,9.55,473.480011,35.759998,27.309999,47.023834,92.099976,6.6,16.860247,36.450001,40.5,50.615108,29.363405,24.66,28.85,22.18,49.804291,31.545,45.25,19.51,3.44,33.518723,50.200001,76.889999,20.75,44.279999,24.25,65.610001,29.559999,12.24,13.657303,50.200001,48.57,44.639999,43.695927,307.890015,55.900002,92.749763,43.490002,21.16,72.290001,12.32,195.554138,40.400002,8.08,7.15,10.9,2.96,97.099998,24.66,32.610001,9.4,11.9,38.279999,9.8,20.9,84.580002,15.372808,64.870003,165,22.33,27.901142,31.4,12.74,95.07,103.860001,209.149994,25.02,7.14,21.790001,9.45,22.24
2017-10-27,39.139999,4.35,13.76,5.88,20.5,68.5,138.591095,26.159773,159.789688,50.296703,31.840174,42.880001,14.919522,9.59,475.130005,34.630001,29.110001,47.671547,92.358795,6.99,16.900105,35.75,41.939999,50.247398,30.121944,24.85,29.07,21.809999,49.356499,31.355928,44.639999,19.34,3.4,32.035416,50.299999,76.669998,20.9,46.029999,24.41,65.480003,29.73,11.8,13.965214,49.349998,48.470001,42.580002,44.170132,308,49.279999,94.343399,44.279999,20.940001,72.339996,12.31,201.719849,40,8.1,7.2,10.73,3.05,100.550003,25.5,32.529999,9.55,11.75,40.580002,9.52,21.190001,85.489998,16.041624,64.449997,162.160004,22.209999,28.170286,30.799999,12.53,93.980003,103.489998,212.600006,25.139999,7.14,21.610001,9.25,23.280001
2017-10-30,37.07,4.5,13.11,5.93,20.309999,68,137.695663,26.110001,157.481689,49.729111,31.031097,42.540001,14.850359,9.56,472.290009,34.099998,28.620001,46.904259,92.010391,7.87,16.780529,32.200001,42.959999,50.018818,29.662828,24.51,29.01,23.27,50.003307,31.107151,43.369999,18.77,3.34,31.02,48.950001,76.18,21.049999,45.860001,24.98,65.260002,29.6,11.95,13.577843,47.5,47.759998,41.5,42.312836,308.630005,47.049999,94.831451,42.84,20.85,72.400002,12.2,203.698471,40.459999,8.15,7.01,10.65,2.96,99.5,25.459999,32.32,9.4,11.5,39.25,10.07,20.959999,85.010002,16.66053,64.110001,156.25,21.629999,27.761587,30.549999,12.39,92.419998,102.279999,209.389999,24.549999,7.02,21.52,9.05,23.559999
2017-10-31,36.799999,4.5,13.02,5.9,20.129999,68.75,135.705841,26.129999,155.730774,49.778904,31.159365,42.130001,14.988686,10.03,470.829987,36.68,29.23,46.455845,91.76152,8.28,16.969858,32.799999,42.02,49.720673,30.431347,24.629999,28.9,23.540001,51.943737,31.156906,42.98,18.690001,3.31,30.59,48.75,75.650002,21.5,46.139999,24.870001,66.099998,29.67,12.24,13.657303,48.599998,49.029999,41.759998,42.520298,308.160004,48.150002,94.423088,43.790001,22.34,72.650002,12.28,206.666412,40.779999,8.27,7.2,10.7,2.96,100.550003,26.09,32.669998,9.7,11.15,38.970001,9.94,20.959999,84.779999,16.610619,64.510002,156.470001,22.74,28.459364,31.049999,12.23,92.900002,102.699997,210.220001,24.52,7.01,20.91,9.05,24.040001
2017-11-01,35.93,4.47,12.94,5.94,20.200001,68.900002,135.656113,26.35,156.566452,49.091816,31.208698,42.41,14.87012,9.84,469.290009,34.650002,29.1,46.117039,91.482796,8.14,16.890142,32.650002,42.290001,50.038692,30.820597,24.959999,28.959999,22.09,50.998398,31.475342,43.130001,18.6,3.4,30.23,48.549999,76.830002,21.299999,45.34,24.4,66.220001,29.65,12.21,13.587775,47.599998,49.34,41.900002,43.083416,306.600006,46.650002,92.620277,41.349998,22.639999,72.410004,12.27,207.056137,41,8.02,7,10.61,2.99,99.650002,26.07,31.450001,9.45,11,39.459999,10.18,20.809999,83.809998,16.7903,64.379997,156.559998,22.200001,31.589397,30.9,12.37,92.57,102.120003,209.529999,24.940001,7.15,20.549999,9.2,25.24
2017-11-02,35.799999,4.45,13.29,5.52,19.85,67.900002,132.969849,26.540001,159.729996,49.659409,30.231884,43.029999,15.057849,10.59,474.920013,34.099998,28.940001,46.166866,92.030296,8.45,17.248869,32.5,42.25,50.028755,31.309654,24.9,29.26,18.950001,52.092999,31.425587,42.599998,18.51,3.38,29.940001,49.25,76.43,20.25,48.34,23.799999,68.669998,30.059999,12.29,13.64737,46.650002,49.349998,42.240002,46.531273,310.859985,46.200001,93.088409,41.639999,22.469999,73.169998,12.26,205.797028,30.01,5.96,7.04,10.45,2.96,99.949997,26.02,31.530001,9.7,11.05,39.380001,9.92,21.219999,86.019997,16.910089,64.599998,155.5,21.57,30.901587,31.6,12.05,94.629997,102.400002,211.100006,24.85,7.14,19.799999,9.5,24.959999
2017-11-03,36.43,4.45,12.99,5.38,19.780001,67.25,131.576981,26.68,159.589996,49.52,30.873228,42.790001,14.978806,10.45,479.109985,34.150002,29.200001,45.718452,91.184151,8.55,17.428234,32,42.700001,50.088387,31.279713,24.9,29.120001,19.4,51.844227,31.515146,42.34,18.1,3.43,29.450001,49,76.43,22.5,47.939999,24.24,66.239998,30.450001,12.3,13.677169,46.450001,49.889999,42.029999,46.155861,309.98999,46.349998,93.287621,43.369999,22.379999,72.400002,12.06,208.54512,30.77,6.19,7.15,10.4,3.08,101.300003,26.059999,32.09,9.15,11.05,39.310001,10.54,20.139999,85.699997,16.960001,64.910004,158.690002,22.23,30.3633,30.950001,11.78,94.57,101.610001,212.869995,24.719999,7.29,19.450001,9.05,26.040001
2017-11-06,35.59,4.45,13.02,5.26,19.43,68.550003,131.925201,26.85,160.649994,49.240002,30.695625,42.59,15.255458,10.29,475.609985,34.200001,29.35,45.788204,91.880981,8.72,17.35848,32.299999,43.029999,50.257332,30.820597,25.01,29.24,19.25,50.948647,31.684315,42.139999,17.83,3.46,29.290001,48.650002,76.870003,22.200001,48.529999,25.389999,66.199997,30.65,12.45,13.597708,46.450001,50.740002,42.619999,47.005478,310.079987,45.900002,94.980858,43.849998,22.49,71.970001,12.09,209.484467,30.82,6.18,7.05,10.5,3.08,103.849998,26.6,31.280001,9.2,10.85,39.330002,10.34,20.209999,85.32,16.93,65.75,158.639999,22.129999,30.612507,31.299999,11.8,94.949997,101.75,212.119995,24.98,7.3,19.24,9.05,28.32
2017-11-07,34.439999,4.2,12.77,5.26,19.57,67.550003,127.000381,26.459999,159.229996,48.490002,30.981762,41.779999,15.06773,8.81,473.369995,33.029999,29.08,45.010948,89.710876,8.77,17.07947,32.450001,42.299999,49.601414,30.770693,24.99,28.450001,18.559999,50.053062,32.092312,41.700001,17.110001,3.45,29.59,47.299999,77.919998,23.700001,48.959999,20.940001,65.580002,30.129999,12.19,13.359325,46.099998,49.139999,40.689999,46.373203,313.290009,45.400002,91.076447,44.400002,22.559999,72.019997,12.04,211.882797,30.65,5.96,6.97,10.44,3.08,103.800003,26.65,30.17,9,10.3,39.330002,10.15,20.030001,84.029999,16.620001,65.129997,159.070007,21.889999,29.9247,31.75,11.82,93.760002,101.050003,212.699997,24.32,7.36,18.639999,8.8,28
2017-11-08,35.990002,4.15,12.79,5.1,19.73,67.199997,126.602417,25.719999,159.990005,48.630001,30.725225,41.889999,15.018327,9.58,472.200012,32.689999,29.52,45.279999,88.566093,8.47,16.830353,32.599998,43.549999,49.750488,31.130001,25.059999,28.299999,18.73,49.456009,32.062458,42.110001,17.200001,3.46,29.24,47.25,78.860001,23.5,49.360001,20.99,65.989998,29.4,12.41,13.26,46.400002,49.34,40.790001,46.807892,315.640015,45.5,92.440994,44.470001,22.639999,72.739998,12.01,209.014786,31.41,6.18,7.77,10.34,3.04,113.550003,26.92,30.379999,9.05,9.8,39.32,10.35,20.049999,84.169998,16.42,65.110001,160.059998,21.809999,30.702221,34.25,12.31,93.489998,100.739998,210.770004,24.190001,7.36,18.43,8.9,26.440001
2017-11-09,35.619999,4,13.39,5.21,19.65,67,126.204453,25.5,159.050003,48.380001,30.09375,41.330002,14.810837,10.24,466.600006,32.91,29.27,45.080002,87.709999,8.83,16.730707,32.849998,41.919998,48.885864,30.58,24.75,28.01,18.280001,48.261902,31.63456,42.110001,17.559999,3.56,29.15,46.700001,79.410004,23.799999,49.23,20.01,66.199997,28.35,12.3,13.19,46.599998,48.700001,41.169998,47.667385,311.079987,45.330002,90.448944,44.650002,22.5,73.730003,11.95,205.17746,30.1,6.04,7.71,10.24,3.03,115.849998,27.09,30.049999,9.1,11.7,38.790001,10.91,19.940001,83.610001,16.209999,64.730003,157.910004,21.5,31.4,31.700001,12.66,92.720001,99.790001,211.559998,24.969999,7.3,13.25,8.7,27.9
2017-11-10,36.59,4,13.98,5.11,19.549999,66.800003,127.050125,25.57,157.220001,48.860001,29.985214,41.130001,14.880001,10.23,465.829987,33.509998,28.889999,44.689999,87.150002,9.45,16.850283,33.599998,41.029999,48.587719,30.57,24.92,27.67,18.959999,48.062881,31.574852,42.66,16.43,3.57,29.07,47.099998,78.68,23.950001,48.5,19.559999,66.269997,28.43,12.59,13.21,45.849998,48.439999,43.040001,49.06036,311.170013,44.200001,91.195961,44.470001,22.84,73.57,11.96,215.989944,29.299999,6.22,7.6,10.17,3.04,106.25,26.879999,27.790001,9.1,11.2,38.720001,11.39,19.67,83.550003,16.18,64.68,156.940002,21.58,29.129999,31.4,12.5,93.57,97.709999,211.070007,25.4,7.2,13.28,8.6,25.74
2017-11-13,35.529999,3.95,13.85,5.42,19.82,65.599998,126.453178,25.65,157.320007,49.720001,28.801199,40.810001,15.26,10.36,465.109985,32.720001,29.110001,45.91,86.949997,9.44,16.939964,34.349998,41.419998,48.557907,30.65,25.370001,28.190001,19.02,46.619999,31.505196,43.57,16.200001,3.57,29.23,48.099998,77.709999,24.35,48.700001,19.299999,67.080002,29.110001,12.6,13.41,47.099998,48.709999,41.18,48.358936,312.950012,44.5,90.658104,45.419998,23.280001,75.410004,11.75,212.482376,28.469999,6.29,7.56,10.26,3.06,108.949997,27.15,27.940001,9.05,11.25,38.700001,11.14,19.959999,83.370003,15.93,64.669998,158.029999,21.76,27.83,29.65,12.38,93.410004,97.760002,212.660004,24.950001,7.32,13.32,8.2,25.870001
2017-11-14,35.759998,4.1,13.62,5.25,19.940001,64.150002,128.890717,25.84,157.110001,49.639999,29.225471,40.830002,15.27,10.26,470.450012,33.200001,29.41,47.84,86,8.71,17.039612,34.450001,41.540001,48.59766,30.790001,25.5,28.610001,18.389999,46.200001,31.545,43,16.190001,3.46,29.360001,48.200001,76.050003,24.25,48.630001,17.889999,67.300003,29.219999,12.78,13.51,47.25,48.380001,42.200001,48.675072,313.73999,43.5,90.648155,46.32,23,75.970001,11.82,214.031296,28.040001,6.09,7.5,9.52,2.82,107.599998,27.16,28.190001,9.05,11.6,37.830002,11.51,19.870001,83.029999,15.78,64.910004,159.300003,21.75,27.59,29.950001,12.22,94.480003,97,211.710007,25.1,7.86,13.68,8.25,23.540001
2017-11-15,35.799999,4.15,13.87,5.12,19.629999,59.849998,131.825699,26.23,157.389999,49.099998,28.623596,40.450001,15.37,10.3,470.5,33.369999,29.01,47.029999,87.629997,8.87,16.929998,34.049999,42,49.025002,30.32,24.889999,28.459999,18.51,45.5,31.32,42.860001,16,3.43,29.059999,48.400002,74.93,22.950001,48.040001,17.200001,66.529999,29.309999,12.99,13.83,46.549999,47.439999,42.27,48.665188,310.640015,43.549999,89.233795,45.650002,22.379999,75.93,11.89,209.834213,28.01,6.36,7.44,9.52,2.76,104.699997,26.92,27.969999,8.8,12,37.110001,11.25,20.74,82.790001,16.280001,65.589996,158.820007,20.83,27.290001,29.299999,12.2,94.349998,95.769997,209.860001,25.68,8.99,14.19,8.05,22.690001
2017-11-16,36.5,4.2,13.97,5.44,19.76,57.900002,136.850006,26.42,157.080002,49.09,28.939335,40.549999,15.59,10.31,474.019989,33.560001,29.700001,47.049999,87.150002,9.15,17.01,33.849998,42.5,50.450001,31,24.940001,28.469999,18.6,46.5,31.65,43.599998,16.18,3.16,29.309999,48.299999,75.970001,23.799999,48.32,17.709999,66.080002,29.27,12.97,13.91,48.200001,47.310001,42.25,48.526882,312.649994,44.099998,90.419067,51.759998,22.48,75.970001,11.95,211.463089,28.18,6.36,7.5,9.98,2.85,104.699997,27.27,28.379999,8.85,12,37.099998,11.83,20.780001,83.300003,16.15,66.400002,160.100006,21.700001,28.629999,30.1,12.56,95.529999,98.379997,211.130005,26.450001,9.04,14.21,8.1,22.27
2017-11-17,36.459999,4.2,14.93,5.32,19.82,59.299999,136.949493,26.67,158.279999,48.740002,28.890001,40.48,15.68,10.42,473.98999,34.23,29.99,47.77,87.830002,9.79,16.969999,33.950001,42.5,49.82,31.18,25.16,28.450001,19.26,47,31.629999,43.880001,16.309999,3.38,29.940001,48.549999,75.239998,23.9,47.880001,17.690001,66.589996,29.120001,13.06,13.97,47.400002,47.259998,43.720001,49.870461,309.700012,43.700001,90.937004,49.91,22.940001,75.949997,11.9,211.213257,28.559999,6.58,7.71,9.99,2.84,104.550003,27.18,27.83,8.75,12.4,37.240002,11.55,20.870001,83.779999,16.32,67.099998,160.589996,21.629999,28.790001,30.049999,13.01,95.980003,97.220001,209.899994,27.9,9.4,14.81,8.1,23.02
2017-11-20,36.740002,4.15,15.24,5.3,20.07,60.549999,136.850006,26.65,160.649994,48.990002,29.92,40.759998,15.97,10.36,474.769989,34.369999,30.42,48.630001,88.269997,10.1,17.1,34.150002,43.619999,49.790001,31.690001,25.24,28.57,19.35,46.950001,31.73,44.880001,16.440001,3.42,30.65,49.200001,74.610001,24.049999,47.610001,19.09,68.080002,28.610001,13.17,14.19,47.450001,47.57,44.32,49.455532,314.649994,43.200001,91.389999,48.490002,23.030001,76.889999,11.88,213.931366,28.82,6.49,7.67,10.21,2.8,106.550003,27.68,28.110001,8.8,12.4,36.380001,11.43,21.01,84.720001,17.07,67.669998,162.190002,22.200001,29.5,30.1,13.03,96.300003,96.879997,210.25,28.27,9.58,14.07,8.05,21.799999
2017-11-21,36.200001,4.15,14.85,5.27,20.209999,60.950001,138.399994,26.389999,159.759995,49.200001,30.16,41.580002,16.01,10.35,481.359985,35.240002,30.389999,47.610001,87.949997,10.03,16.99,34.200001,43.619999,50.669998,31.870001,25.27,28.48,19.889999,46.549999,31.93,44.970001,16.73,3.48,30.82,49.5,75.889999,24.1,48.459999,18.51,68.279999,28.110001,13.41,14.21,48.5,48.889999,44.209999,49.089996,316.940002,43.849998,91.870003,48.419998,23.610001,77.239998,11.92,215.900009,27.969999,6.86,7.86,9.97,2.88,107.550003,27.83,28.18,9.1,12.45,35.75,11.23,21.02,85.150002,17.09,68.589996,163.699997,22.77,30.24,30.200001,13.03,97.730003,98.769997,212.600006,29.32,10.02,14.41,8,21.809999
2017-11-22,35.599998,4.3,14.64,5.41,20.42,59.75,137.050003,26.370001,159.580002,48.990002,30.43,41.400002,15.79,10.61,478.940002,35.25,30.23,47.939999,87.260002,10.22,16.99,34.299999,42.830002,50.41,31.82,25.139999,28.42,20.290001,46.599998,31.799999,44.290001,17.370001,3.45,30.690001,49,77.07,24.15,49.400002,18.15,67.660004,27.93,13.42,14.21,49.099998,48.220001,44.630001,48.799999,314.869995,45.299999,90.400002,49.490002,23.889999,77.169998,11.82,214.929993,28.200001,7.15,7.77,9.83,2.87,105.199997,27.379999,28.5,9.13,12.55,35.549999,11.3,20.780001,84.970001,16.950001,68.550003,163.220001,22.34,28.52,30,12.98,97.720001,100.580002,211.220001,29.799999,10.67,14.19,8,23.120001
