"Date","Ticker","Share","MarketValue","Holding"
2017-11-01,"BYD",113316,3312226.68,4.67
2017-11-01,"PEN",23988,2411993.4,3.4
2017-11-01,"RJF",27260,2311102.8,3.26
2017-11-01,"TGNA",182172,2227963.56,3.14
2017-11-01,"TGI",66480,2064204,2.91
2017-11-01,"BEN",47310,1993170.3,2.81
2017-11-01,"ALLY",72502,1894477.26,2.67
2017-11-01,"GNW",552432,1828549.92,2.58
2017-11-01,"FCE-A",69312,1707154.56,2.41
2017-11-01,"CIT",34999,1631653.38,2.3
2017-11-01,"ITGR",33346,1620615.6,2.28
2017-11-01,"RDN",76836,1610482.56,2.27
2017-11-01,"OCLR",193020,1596275.4,2.25
2017-11-01,"NDAQ",20956,1522453.4,2.15
2017-11-01,"TROW",16147,1500056.3,2.11
2017-11-01,"CRR",177098,1466371.44,2.07
2017-11-01,"AMTD",29246,1462007.54,2.06
2017-11-01,"SC",85336,1419991.04,2
2017-11-01,"MD",31885,1396244.15,1.97
2017-11-01,"DAN",44600,1359854,1.92
2017-11-01,"NEWS",110623,1358450.44,1.91
2017-11-01,"WAIR",145114,1313281.7,1.85
2017-11-01,"INVA",101125,1237770,1.74
2017-11-01,"GLW",38916,1218459.96,1.72
2017-11-01,"GT",38358,1173371.22,1.65
2017-11-01,"SPGI",7398,1157565.06,1.63
2017-11-01,"PENN",43206,1127244.54,1.59
2017-11-01,"FITB",38708,1118661.2,1.58
2017-11-01,"PINC",34238,1118555.46,1.58
2017-11-01,"GM",25650,1102437,1.55
2017-11-01,"ORN",145320,1046304,1.47
2017-11-01,"AMP",6473,1013283.42,1.43
2017-11-01,"KRA",20188,989817.64,1.4
2017-11-01,"WLL",165354,993777.54,1.4
2017-11-01,"SYX",32377,924363.35,1.3
2017-11-01,"BLK",1920,903993.6,1.27
2017-11-01,"VSTO",40413,845035.83,1.19
2017-11-01,"COF",8804,811552.72,1.14
2017-11-01,"URBN",29967,734790.84,1.04
2017-11-01,"GME",38732,723901.08,1.02
2017-11-01,"NWL",17735,723233.3,1.02
2017-11-01,"GBX",13667,713417.4,1.01
2017-11-01,"HIIQ",33322,716423,1.01
2017-11-01,"KSS",16872,704574.72,0.99
2017-11-01,"HCA",9089,687582.85,0.97
2017-11-01,"PVAC",17330,675350.1,0.95
2017-11-01,"HTZ",25158,625679.46,0.88
2017-11-01,"PRTY",56279,627510.85,0.88
2017-11-01,"SRI",25650,583281,0.82
2017-11-01,"AEO",39479,514016.58,0.72
2017-11-01,"ACTG",109730,493785,0.7
2017-11-01,"LB",11286,485749.44,0.68
2017-11-01,"APO",14830,468331.4,0.66
2017-11-01,"PAH",43168,461897.6,0.65
2017-11-01,"PLAB",47197,457810.9,0.65
2017-11-01,"FNSR",19380,456205.2,0.64
2017-11-01,"MCHP",4790,454092,0.64
2017-11-01,"ALGT",3133,427341.2,0.6
2017-11-01,"AAN",11286,415324.8,0.59
2017-11-01,"HLS",9006,415536.84,0.59
2017-11-01,"UHS",4079,418913.3,0.59
2017-11-01,"AGFS",66579,392816.1,0.55
2017-11-01,"LPNT",7867,378796.05,0.53
2017-11-01,"MOS",14911,333111.74,0.47
2017-11-01,"BKD",26947,270278.41,0.38
2017-11-01,"RCII",27132,269692.08,0.38
2017-11-01,"CTB",3420,112176,0.16
2017-11-01,"VRS",16074,112678.74,0.16
2017-11-01,"PDLI",33516,99207.36,0.14
2017-11-02,"BYD",117292,3413197.2,4.66
2017-11-02,"RJF",28216,2364782.96,3.23
2017-11-02,"TGI",68812,2126290.8,2.9
2017-11-02,"PEN",20918,2084478.7,2.85
2017-11-02,"BEN",48970,2076817.7,2.83
2017-11-02,"TGNA",166192,2055795.04,2.81
2017-11-02,"GNW",571812,1944160.8,2.65
2017-11-02,"FCE-A",71744,1790730.24,2.44
2017-11-02,"ALLY",64922,1710694.7,2.33
2017-11-02,"CIT",36227,1676585.56,2.29
2017-11-02,"RDN",79532,1655060.92,2.26
2017-11-02,"ITGR",34514,1642866.4,2.24
2017-11-02,"OCLR",199792,1602331.84,2.19
2017-11-02,"NDAQ",21688,1570428.08,2.14
2017-11-02,"TROW",16711,1546937.27,2.11
2017-11-02,"AMTD",30270,1492311,2.04
2017-11-02,"CRR",183310,1492143.4,2.04
2017-11-02,"SC",88328,1485676.96,2.03
2017-11-02,"DAN",46164,1425544.32,1.95
2017-11-02,"NEWS",114503,1404951.81,1.92
2017-11-02,"MD",33001,1364591.35,1.86
2017-11-02,"GLW",40280,1274056.4,1.74
2017-11-02,"INVA",104673,1278057.33,1.74
2017-11-02,"WAIR",136031,1251485.2,1.71
2017-11-02,"GT",39702,1200191.46,1.64
2017-11-02,"SPGI",7654,1198310.24,1.64
2017-11-02,"PENN",44722,1165902.54,1.59
2017-11-02,"FITB",40064,1160253.44,1.58
2017-11-02,"GM",26550,1145101.5,1.56
2017-11-02,"PINC",35438,1114525.1,1.52
2017-11-02,"WLL",171154,1079981.74,1.47
2017-11-02,"SYX",33513,1062026.97,1.45
2017-11-02,"AMP",6697,1053973.86,1.44
2017-11-02,"ORN",150416,1052912,1.44
2017-11-02,"KRA",20896,1031008.64,1.41
2017-11-02,"BLK",1984,931071.36,1.27
2017-11-02,"VSTO",41829,859585.95,1.17
2017-11-02,"COF",9112,837392.8,1.14
2017-11-02,"URBN",31015,773514.1,1.06
2017-11-02,"NWL",18355,752555,1.03
2017-11-02,"GME",40088,745636.8,1.02
2017-11-02,"HIIQ",34490,734637,1
2017-11-02,"KSS",17464,731741.6,1
2017-11-02,"GBX",14143,724828.75,0.99
2017-11-02,"HCA",9405,722586.15,0.99
2017-11-02,"PVAC",17938,707833.48,0.97
2017-11-02,"PRTY",58251,640761,0.87
2017-11-02,"ISBC",45696,625121.28,0.85
2017-11-02,"SRI",26550,589410,0.8
2017-11-02,"AEO",40863,528767.22,0.72
2017-11-02,"BPOP",15121,523942.65,0.72
2017-11-02,"LB",11682,509452.02,0.7
2017-11-02,"ACTG",113578,508261.55,0.69
2017-11-02,"APO",15350,485520.5,0.66
2017-11-02,"PAH",44680,474054.8,0.65
2017-11-02,"MCHP",4958,461044.42,0.63
2017-11-02,"PLAB",48853,461660.85,0.63
2017-11-02,"ALGT",3241,441910.35,0.6
2017-11-02,"FNSR",20060,443125.4,0.6
2017-11-02,"UHS",4219,430844.28,0.59
2017-11-02,"HLS",9322,422659.48,0.58
2017-11-02,"AAN",11682,419734.26,0.57
2017-11-02,"AGFS",68915,409355.1,0.56
2017-11-02,"LPNT",8143,379870.95,0.52
2017-11-02,"MOS",15431,349357.84,0.48
2017-11-02,"HTZ",13646,332962.4,0.45
2017-11-02,"RCII",28084,285895.12,0.39
2017-11-02,"BKD",27891,274447.44,0.37
2017-11-02,"AGNC",12394,250358.8,0.34
2017-11-02,"CTB",3540,115581,0.16
2017-11-02,"VRS",16638,118961.7,0.16
2017-11-02,"PDLI",34692,103729.08,0.14
2017-11-03,"BYD",125244,3624561.36,4.66
2017-11-03,"RJF",30128,2591610.56,3.33
2017-11-03,"BEN",52290,2250038.7,2.89
2017-11-03,"TGNA",177456,2138344.8,2.75
2017-11-03,"TGI",67228,2124404.8,2.73
2017-11-03,"GNW",566230,1913857.4,2.46
2017-11-03,"PEN",19124,1911443.8,2.46
2017-11-03,"FCE-A",76608,1907539.2,2.45
2017-11-03,"ALLY",69322,1839805.88,2.37
2017-11-03,"ICE",26567,1824355.89,2.35
2017-11-03,"RDN",84924,1802087.28,2.32
2017-11-03,"CIT",38683,1792183.39,2.31
2017-11-03,"ITGR",36850,1719052.5,2.21
2017-11-03,"NDAQ",23152,1694031.84,2.18
2017-11-03,"TROW",17839,1688104.57,2.17
2017-11-03,"CRR",195734,1653952.3,2.13
2017-11-03,"AMTD",32318,1611698.66,2.07
2017-11-03,"SC",94312,1597645.28,2.06
2017-11-03,"DAN",49292,1546290.04,1.99
2017-11-03,"NEWS",122263,1498944.38,1.93
2017-11-03,"MD",35233,1467102.12,1.89
2017-11-03,"WAIR",145247,1379846.5,1.78
2017-11-03,"INVA",111769,1373641.01,1.77
2017-11-03,"GLW",43008,1358192.64,1.75
2017-11-03,"OCLR",213336,1271482.56,1.64
2017-11-03,"GT",42390,1269156.6,1.63
2017-11-03,"SPGI",8166,1269813,1.63
2017-11-03,"FITB",42776,1251625.76,1.61
2017-11-03,"PENN",47754,1242559.08,1.6
2017-11-03,"GM",28350,1207710,1.55
2017-11-03,"AMP",7145,1147201.2,1.48
2017-11-03,"PINC",36300,1144539,1.47
2017-11-03,"ORN",160608,1130680.32,1.45
2017-11-03,"SYX",35785,1109335,1.43
2017-11-03,"KRA",22312,1101097.2,1.42
2017-11-03,"BLK",2112,1003031.04,1.29
2017-11-03,"COF",9728,899353.6,1.16
2017-11-03,"VSTO",44661,884287.8,1.14
2017-11-03,"URBN",33111,822808.35,1.06
2017-11-03,"GBX",15095,790223.25,1.02
2017-11-03,"GME",42800,792228,1.02
2017-11-03,"KSS",18648,787691.52,1.01
2017-11-03,"HCA",10037,767127.91,0.99
2017-11-03,"PVAC",19154,754284.52,0.97
2017-11-03,"HIIQ",36826,745726.5,0.96
2017-11-03,"PRTY",62195,687254.75,0.88
2017-11-03,"ISBC",48792,670402.08,0.86
2017-11-03,"SRI",28350,611509.5,0.79
2017-11-03,"LB",12474,587525.4,0.76
2017-11-03,"NWL",19595,588045.95,0.76
2017-11-03,"AEO",43631,579855.99,0.75
2017-11-03,"BPOP",16145,550544.5,0.71
2017-11-03,"WLL",88135,549962.4,0.71
2017-11-03,"ACTG",121274,539669.3,0.69
2017-11-03,"APO",16390,502189.6,0.65
2017-11-03,"PLAB",52165,506000.5,0.65
2017-11-03,"MCHP",5294,494777.24,0.64
2017-11-03,"PAH",47704,498506.8,0.64
2017-11-03,"HLS",9954,481176.36,0.62
2017-11-03,"ALGT",3457,462028.05,0.59
2017-11-03,"UHS",4499,460697.6,0.59
2017-11-03,"AAN",12474,446569.2,0.57
2017-11-03,"FNSR",21420,405909,0.52
2017-11-03,"LPNT",8695,401709,0.52
2017-11-03,"MOS",16471,370103.37,0.48
2017-11-03,"AGFS",62883,347114.16,0.45
2017-11-03,"HTZ",14566,346670.8,0.45
2017-11-03,"BKD",29779,315359.61,0.41
2017-11-03,"AGNC",13234,262694.9,0.34
2017-11-03,"CTB",3780,122850,0.16
2017-11-03,"VRS",17766,126849.24,0.16
2017-11-03,"PDLI",37044,109650.24,0.14
2017-11-03,"RCII",1904,18887.68,0.02
2017-11-06,"BYD",126238,3686149.6,4.71
2017-11-06,"NDAQ",33983,2460369.2,3.14
2017-11-06,"ICE",36250,2401200,3.07
2017-11-06,"RJF",28036,2402685.2,3.07
2017-11-06,"COF",24471,2241543.6,2.86
2017-11-06,"SPGI",13812,2191826.28,2.8
2017-11-06,"TGI",67761,2097202.95,2.68
2017-11-06,"SC",120449,2046428.51,2.62
2017-11-06,"GNW",570723,1957579.89,2.5
2017-11-06,"PEN",19275,1952557.5,2.5
2017-11-06,"BEN",45604,1951395.16,2.49
2017-11-06,"FCE-A",77216,1922678.4,2.46
2017-11-06,"ALLY",69872,1864184.96,2.38
2017-11-06,"CIT",38990,1788861.2,2.29
2017-11-06,"CRR",197287,1686803.85,2.16
2017-11-06,"HBHC",33683,1650467,2.11
2017-11-06,"AMTD",32574,1619905.02,2.07
2017-11-06,"DAN",49683,1557065.22,1.99
2017-11-06,"MD",35512,1540155.44,1.97
2017-11-06,"NEWS",123233,1486189.98,1.9
2017-11-06,"TGNA",124682,1468753.96,1.88
2017-11-06,"INVA",112656,1385668.8,1.77
2017-11-06,"GLW",43349,1372862.83,1.75
2017-11-06,"OCLR",215029,1331029.51,1.7
2017-11-06,"FITB",43115,1255508.8,1.6
2017-11-06,"PENN",48133,1254345.98,1.6
2017-11-06,"WAIR",136240,1232972,1.58
2017-11-06,"ORN",165931,1186406.65,1.52
2017-11-06,"PINC",36588,1174108.92,1.5
2017-11-06,"TROW",12432,1175694.24,1.5
2017-11-06,"AMP",7201,1149207.59,1.47
2017-11-06,"KRA",22489,1121976.21,1.43
2017-11-06,"SYX",36069,1098661.74,1.4
2017-11-06,"ITGR",22295,1035602.75,1.32
2017-11-06,"HIIQ",37118,835155,1.07
2017-11-06,"URBN",33373,824980.56,1.05
2017-11-06,"RDN",40253,810695.42,1.04
2017-11-06,"KSS",18796,789995.88,1.01
2017-11-06,"GME",43139,780815.9,1
2017-11-06,"HCA",10116,773165.88,0.99
2017-11-06,"PVAC",19306,758918.86,0.97
2017-11-06,"ISBC",49179,677194.83,0.87
2017-11-06,"VSTO",34277,666687.65,0.85
2017-11-06,"GM",15112,639842.08,0.82
2017-11-06,"SRI",28575,635222.25,0.81
2017-11-06,"NWL",19750,607707.5,0.78
2017-11-06,"LB",12573,587410.56,0.75
2017-11-06,"WLL",88834,578309.34,0.74
2017-11-06,"GBX",10959,570963.9,0.73
2017-11-06,"BPOP",16273,555722.95,0.71
2017-11-06,"ACTG",122236,543950.2,0.7
2017-11-06,"APO",16520,516910.8,0.66
2017-11-06,"PRTY",46181,510300.05,0.65
2017-11-06,"BLK",1050,503065.5,0.64
2017-11-06,"PAH",48082,500052.8,0.64
2017-11-06,"HLS",10033,480982.02,0.61
2017-11-06,"PLAB",52579,481097.85,0.61
2017-11-06,"CSBK",25271,441989.79,0.56
2017-11-06,"FNSR",21590,418846,0.54
2017-11-06,"AEO",31836,413549.64,0.53
2017-11-06,"UHS",3772,383272.92,0.49
2017-11-06,"MOS",16601,371530.38,0.47
2017-11-06,"HTZ",14681,355867.44,0.45
2017-11-06,"AGFS",57914,311577.32,0.4
2017-11-06,"PDLI",102564,315897.12,0.4
2017-11-06,"AAN",7277,265101.11,0.34
2017-11-06,"AGNC",13339,263845.42,0.34
2017-11-06,"LPNT",5360,248436,0.32
2017-11-06,"MCHP",2600,243516,0.31
2017-11-06,"ALGT",1708,225883,0.29
2017-11-06,"BKD",13022,136079.9,0.17
2017-11-06,"VRS",17907,130542.03,0.17
2017-11-07,"AAN",6878,244788.02,0.33
2017-11-07,"ACTG",115502,513983.9,0.69
2017-11-07,"AEO",30086,391719.72,0.53
2017-11-07,"AGFS",49331,259481.06,0.35
2017-11-07,"AGNC",12604,244895.72,0.33
2017-11-07,"ALGT",1617,214414.2,0.29
2017-11-07,"ALLY",66022,1772690.7,2.39
2017-11-07,"AMP",9859,1583848.35,2.14
2017-11-07,"AMTD",35329,1739599.96,2.35
2017-11-07,"APO",31426,977662.86,1.32
2017-11-07,"BEN",38040,1620123.6,2.18
2017-11-07,"BKD",12308,126649.32,0.17
2017-11-07,"BLK",994,472756.34,0.64
2017-11-07,"BPOP",20629,705511.8,0.95
2017-11-07,"BYD",105397,3093401.95,4.17
2017-11-07,"CIT",36841,1692843.95,2.28
2017-11-07,"COF",23127,2134622.1,2.88
2017-11-07,"CRR",186416,1625547.52,2.19
2017-11-07,"CSBK",23885,416076.7,0.56
2017-11-07,"DAL",12557,635007.49,0.86
2017-11-07,"DAN",60775,1876732,2.53
2017-11-07,"FCE-A",72960,1824729.6,2.46
2017-11-07,"FITB",47686,1394338.64,1.88
2017-11-07,"FNSR",20400,392700,0.53
2017-11-07,"GBX",10357,530278.4,0.72
2017-11-07,"GLW",91690,2919409.6,3.94
2017-11-07,"GM",14286,602012.04,0.81
2017-11-07,"GME",40766,726857.78,0.98
2017-11-07,"GNW",456625,1579922.5,2.13
2017-11-07,"HBHC",31828,1548432.2,2.09
2017-11-07,"HCA",8454,649858.98,0.88
2017-11-07,"HIIQ",35074,778642.8,1.05
2017-11-07,"HLS",9480,460064.4,0.62
2017-11-07,"HTZ",-805,-20438.95,-0.03
2017-11-07,"ICE",34255,2267681,3.06
2017-11-07,"INVA",106447,1325265.15,1.79
2017-11-07,"ISBC",46470,636174.3,0.86
2017-11-07,"ITGR",21070,978701.5,1.32
2017-11-07,"KRA",19366,982630.84,1.33
2017-11-07,"KSS",17760,756931.2,1.02
2017-11-07,"LB",8062,383589.96,0.52
2017-11-07,"LPNT",5066,232529.4,0.31
2017-11-07,"MCHP",2460,234585.6,0.32
2017-11-07,"MD",33559,1471562.15,1.98
2017-11-07,"MOS",15691,352890.59,0.48
2017-11-07,"NDAQ",32114,2311244.58,3.12
2017-11-07,"NEWS",102928,1244399.52,1.68
2017-11-07,"NWL",16499,508499.18,0.69
2017-11-07,"OCLR",203178,1255640.04,1.69
2017-11-07,"ORN",156789,1105362.45,1.49
2017-11-07,"PAH",45436,477078,0.64
2017-11-07,"PDLI",136915,421698.2,0.57
2017-11-07,"PEN",14242,1479031.7,1.99
2017-11-07,"PENN",45480,1209768,1.63
2017-11-07,"PINC",34572,1081412.16,1.46
2017-11-07,"PLAB",49681,457065.2,0.62
2017-11-07,"PRTY",29527,320367.95,0.43
2017-11-07,"PVAC",12379,486866.07,0.66
2017-11-07,"RDN",38041,768808.61,1.04
2017-11-07,"RJF",26496,2260638.72,3.05
2017-11-07,"SC",113813,1926854.09,2.6
2017-11-07,"SEIC",11488,755336,1.02
2017-11-07,"SPGI",13056,2071203.84,2.79
2017-11-07,"SRI",27000,597510,0.81
2017-11-07,"SYX",34081,1046627.51,1.41
2017-11-07,"TGI",56503,1768543.9,2.39
2017-11-07,"TGNA",79659,939976.2,1.27
2017-11-07,"TROW",11753,1115947.35,1.5
2017-11-07,"UHS",3569,363145.75,0.49
2017-11-07,"URBN",31539,787844.22,1.06
2017-11-07,"VRS",16920,123516,0.17
2017-11-07,"VSTO",21927,421875.48,0.57
2017-11-07,"WAIR",113724,1029202.2,1.39
2017-11-07,"WLL",83941,594302.28,0.8
2017-11-09,"BYD",103641,3059482.32,4.22
2017-11-09,"NDAQ",31580,2297129.2,3.16
2017-11-09,"ICE",33685,2222873.15,3.06
2017-11-09,"GLW",67162,2163959.64,2.98
2017-11-09,"SPGI",12840,2055170.4,2.83
2017-11-09,"COF",22743,2023444.71,2.79
2017-11-09,"RJF",23245,1956531.65,2.7
2017-11-09,"DAN",59763,1864007.97,2.57
2017-11-09,"SC",111917,1837677.14,2.53
2017-11-09,"FCE-A",71744,1797904.64,2.48
2017-11-09,"TGI",49730,1703252.5,2.35
2017-11-09,"SEIC",26043,1695659.73,2.34
2017-11-09,"AMTD",34741,1689454.83,2.33
2017-11-09,"ALLY",64922,1669793.84,2.3
2017-11-09,"CIT",36227,1646154.88,2.27
2017-11-09,"PEN",14006,1590381.3,2.19
2017-11-09,"BEN",37406,1566937.34,2.16
2017-11-09,"AMP",9695,1551103.05,2.14
2017-11-09,"CRR",183310,1552635.7,2.14
2017-11-09,"HBHC",31298,1478830.5,2.04
2017-11-09,"MD",33001,1467554.47,2.02
2017-11-09,"GNW",415671,1438221.66,1.98
2017-11-09,"FITB",46892,1327043.6,1.83
2017-11-09,"INVA",104673,1298991.93,1.79
2017-11-09,"OCLR",199792,1234714.56,1.7
2017-11-09,"NEWS",101214,1215580.14,1.67
2017-11-09,"PENN",44722,1203916.24,1.66
2017-11-09,"ORN",154177,1197955.29,1.65
2017-11-09,"APO",37904,1180330.56,1.63
2017-11-09,"PINC",33996,1032798.48,1.42
2017-11-09,"SYX",33513,1032200.4,1.42
2017-11-09,"WAIR",111830,995287,1.37
2017-11-09,"TGNA",78333,964279.23,1.33
2017-11-09,"ITGR",20720,961408,1.32
2017-11-09,"TROW",10190,952663.1,1.31
2017-11-09,"KRA",19044,939630.96,1.29
2017-11-09,"HIIQ",34490,810515,1.12
2017-11-09,"RDN",37407,750010.35,1.03
2017-11-09,"KSS",17464,712356.56,0.98
2017-11-09,"GME",40088,689513.6,0.95
2017-11-09,"BPOP",20287,663182.03,0.91
2017-11-09,"URBN",27270,659661.3,0.91
2017-11-09,"HCA",8314,655642.04,0.9
2017-11-09,"PDLI",215209,654235.36,0.9
2017-11-09,"DAL",12349,618190.94,0.85
2017-11-09,"ISBC",45696,610041.6,0.84
2017-11-09,"GM",14048,591561.28,0.81
2017-11-09,"SRI",26550,579055.5,0.8
2017-11-09,"WLL",82543,545609.23,0.75
2017-11-09,"GBX",10185,506194.5,0.7
2017-11-09,"NWL",16225,509627.25,0.7
2017-11-09,"PVAC",12173,478642.36,0.66
2017-11-09,"ACTG",113578,471348.7,0.65
2017-11-09,"BLK",978,461811.6,0.64
2017-11-09,"PAH",44680,461991.2,0.64
2017-11-09,"HLS",9322,460133.92,0.63
2017-11-09,"CSBK",23487,396695.43,0.55
2017-11-09,"VSTO",21563,397406.09,0.55
2017-11-09,"PLAB",43181,390788.05,0.54
2017-11-09,"AEO",29586,378404.94,0.52
2017-11-09,"FNSR",20060,375723.8,0.52
2017-11-09,"LB",7928,375628.64,0.52
2017-11-09,"UHS",3511,353698.14,0.49
2017-11-09,"MOS",15431,349357.84,0.48
2017-11-09,"PRTY",29035,284543,0.39
2017-11-09,"AGNC",12394,244533.62,0.34
2017-11-09,"LPNT",4982,226681,0.31
2017-11-09,"MCHP",2420,224600.2,0.31
2017-11-09,"AAN",6117,220150.83,0.3
2017-11-09,"AGFS",43154,220085.4,0.3
2017-11-09,"ALGT",1591,202454.75,0.28
2017-11-09,"VRS",16638,122455.68,0.17
2017-11-10,"BYD",103641,3033572.07,4.2
2017-11-10,"NDAQ",31580,2328393.4,3.22
2017-11-10,"ICE",33685,2229947,3.09
2017-11-10,"GLW",67162,2135079.98,2.96
2017-11-10,"SPGI",12840,2027564.4,2.81
2017-11-10,"COF",22743,2003885.73,2.77
2017-11-10,"RJF",23245,1943514.45,2.69
2017-11-10,"DAN",59763,1827552.54,2.53
2017-11-10,"SC",111917,1814174.57,2.51
2017-11-10,"FCE-A",71744,1775664,2.46
2017-11-10,"AMTD",34741,1680769.58,2.33
2017-11-10,"SEIC",26043,1685763.39,2.33
2017-11-10,"ALLY",64922,1655511,2.29
2017-11-10,"PEN",14006,1622595.1,2.25
2017-11-10,"CRR",183310,1618627.3,2.24
2017-11-10,"TGI",49730,1576441,2.18
2017-11-10,"AMP",9695,1541989.75,2.14
2017-11-10,"BEN",35715,1476100.95,2.04
2017-11-10,"MD",33001,1473494.65,2.04
2017-11-10,"CIT",32529,1466407.32,2.03
2017-11-10,"HBHC",31298,1461616.6,2.02
2017-11-10,"FITB",46892,1313444.92,1.82
2017-11-10,"INVA",104673,1287477.9,1.78
2017-11-10,"PENN",44722,1211518.98,1.68
2017-11-10,"NEWS",101214,1209507.3,1.67
2017-11-10,"OCLR",199792,1206743.68,1.67
2017-11-10,"ORN",154177,1188704.67,1.65
2017-11-10,"GNW",332986,1185430.16,1.64
2017-11-10,"APO",37904,1156072,1.6
2017-11-10,"SYX",33513,1055659.5,1.46
2017-11-10,"PINC",33996,1021579.8,1.41
2017-11-10,"TGNA",78333,991695.78,1.37
2017-11-10,"WAIR",111830,972921,1.35
2017-11-10,"ITGR",20720,965552,1.34
2017-11-10,"TROW",10190,944816.8,1.31
2017-11-10,"KRA",19044,927442.8,1.28
2017-11-10,"HIIQ",34490,820862,1.14
2017-11-10,"LMT",2403,747525.24,1.04
2017-11-10,"RDN",37407,745895.58,1.03
2017-11-10,"KSS",17464,718992.88,1
2017-11-10,"GME",40088,703945.28,0.97
2017-11-10,"URBN",27270,680931.9,0.94
2017-11-10,"BPOP",20287,667645.17,0.92
2017-11-10,"HCA",8314,660214.74,0.91
2017-11-10,"PDLI",215209,652083.27,0.9
2017-11-10,"DAL",12349,607447.31,0.84
2017-11-10,"ISBC",45696,602730.24,0.83
2017-11-10,"GM",14048,591561.28,0.82
2017-11-10,"WLL",20635.75,575737.43,0.8
2017-11-10,"SRI",26550,570825,0.79
2017-11-10,"GBX",10185,493972.5,0.68
2017-11-10,"NWL",16225,488372.5,0.68
2017-11-10,"PVAC",12173,472190.67,0.65
2017-11-10,"HLS",9322,458922.06,0.64
2017-11-10,"ACTG",113578,454312,0.63
2017-11-10,"BLK",978,456334.8,0.63
2017-11-10,"PAH",44680,457523.2,0.63
2017-11-10,"AEO",29586,396156.54,0.55
2017-11-10,"CSBK",23487,394346.73,0.55
2017-11-10,"PLAB",43181,392947.1,0.54
2017-11-10,"LB",7928,382526,0.53
2017-11-10,"UHS",3511,350362.69,0.49
2017-11-10,"MOS",15431,347197.5,0.48
2017-11-10,"PRTY",29035,339709.5,0.47
2017-11-10,"VSTO",21563,285709.75,0.4
2017-11-10,"AGNC",12394,243542.1,0.34
2017-11-10,"LPNT",4982,225809.15,0.31
2017-11-10,"AAN",6117,217887.54,0.3
2017-11-10,"MCHP",2420,219760.2,0.3
2017-11-10,"ALGT",1591,201818.35,0.28
2017-11-10,"FNSR",10024,183238.72,0.25
2017-11-10,"AGX",2596,173932,0.24
2017-11-10,"VRS",16638,121457.4,0.17
2017-11-10,"AGFS",17618,91789.78,0.13
2017-11-13,"BYD",101007,2918092.23,4.17
2017-11-13,"NDAQ",30779,2264411.03,3.23
2017-11-13,"ICE",32830,2175644.1,3.11
2017-11-13,"GLW",65455,2076887.15,2.96
2017-11-13,"SPGI",12516,1964261.04,2.8
2017-11-13,"COF",21967,1914424.05,2.73
2017-11-13,"RJF",22657,1892992.35,2.7
2017-11-13,"DAN",58245,1780549.65,2.54
2017-11-13,"SC",109073,1764801.14,2.52
2017-11-13,"FCE-A",69920,1742406.4,2.49
2017-11-13,"CRR",178651,1688251.95,2.41
2017-11-13,"AMTD",33859,1654350.74,2.36
2017-11-13,"SEIC",25383,1641772.44,2.34
2017-11-13,"ALLY",63272,1617865.04,2.31
2017-11-13,"TGI",48467,1521863.8,2.17
2017-11-13,"AMP",9449,1485571.78,2.12
2017-11-13,"PEN",13652,1450525,2.07
2017-11-13,"HBHC",30503,1436691.3,2.05
2017-11-13,"MD",32164,1430333.08,2.04
2017-11-13,"BEN",31507,1295882.91,1.85
2017-11-13,"INVA",102012,1284331.08,1.83
2017-11-13,"CIT",28533,1275139.77,1.82
2017-11-13,"FITB",45701,1264546.67,1.8
2017-11-13,"OCLR",194713,1211114.86,1.73
2017-11-13,"NEWS",98643,1179770.28,1.68
2017-11-13,"PENN",43585,1171564.8,1.67
2017-11-13,"GNW",324523,1158547.11,1.65
2017-11-13,"ORN",150259,1141968.4,1.63
2017-11-13,"APO",36941,1122636.99,1.6
2017-11-13,"SYX",32661,951414.93,1.36
2017-11-13,"TGNA",76344,954300,1.36
2017-11-13,"WAIR",108989,937305.4,1.34
2017-11-13,"TROW",9932,929337.24,1.33
2017-11-13,"ITGR",20195,925940.75,1.32
2017-11-13,"PINC",33132,920738.28,1.31
2017-11-13,"KRA",18561,899094.84,1.28
2017-11-13,"HIIQ",33614,805055.3,1.15
2017-11-13,"KSS",17020,732540.8,1.05
2017-11-13,"LMT",2343,729071.31,1.04
2017-11-13,"RDN",36456,717089.52,1.02
2017-11-13,"URBN",26577,675055.8,0.96
2017-11-13,"BPOP",19774,662626.74,0.95
2017-11-13,"GME",39071,641936.53,0.92
2017-11-13,"HCA",8104,637622.72,0.91
2017-11-13,"PDLI",209740,637609.6,0.91
2017-11-13,"DAL",12037,588488.93,0.84
2017-11-13,"ISBC",44535,588307.35,0.84
2017-11-13,"GM",13691,584058.06,0.83
2017-11-13,"SRI",25875,558382.5,0.8
2017-11-13,"WLL",20113.75,517727.93,0.74
2017-11-13,"GBX",9927,479474.1,0.68
2017-11-13,"UNH",2222,468997.54,0.67
2017-11-13,"NWL",15814,463350.2,0.66
2017-11-13,"PVAC",11864,459374.08,0.66
2017-11-13,"ACTG",110692,442768,0.63
2017-11-13,"BLK",954,444401.82,0.63
2017-11-13,"HLS",9085,440622.5,0.63
2017-11-13,"PAH",43546,442862.82,0.63
2017-11-13,"AEO",28836,403127.28,0.58
2017-11-13,"CSBK",22890,387069.9,0.55
2017-11-13,"LB",7727,383722.82,0.55
2017-11-13,"PLAB",42086,382982.6,0.55
2017-11-13,"MOS",15041,343536.44,0.49
2017-11-13,"UHS",3424,334559.04,0.48
2017-11-13,"PRTY",28297,316926.4,0.45
2017-11-13,"VSTO",21017,279105.76,0.4
2017-11-13,"AGNC",12079,236144.45,0.34
2017-11-13,"AAN",5964,218222.76,0.31
2017-11-13,"LPNT",4856,214635.2,0.31
2017-11-13,"MCHP",2360,216081.6,0.31
2017-11-13,"ALGT",1552,198190.4,0.28
2017-11-13,"AGX",2530,169004,0.24
2017-11-13,"VRS",16215,116748,0.17
2017-11-13,"ILG",3002,85346.86,0.12
2017-11-13,"AGFS",-447,-2284.17,0
2017-11-13,"FNSR",-252,-4777.92,-0.01
2017-11-14,"BYD",101007,2940313.77,4.19
2017-11-14,"NDAQ",30779,2321044.39,3.31
2017-11-14,"ICE",32830,2202236.4,3.14
2017-11-14,"GLW",65455,2072305.3,2.96
2017-11-14,"SPGI",12516,1977903.48,2.82
2017-11-14,"COF",21967,1910030.65,2.72
2017-11-14,"RJF",22657,1888914.09,2.69
2017-11-14,"DAN",58245,1785209.25,2.55
2017-11-14,"FCE-A",69920,1773870.4,2.53
2017-11-14,"SC",109073,1737532.89,2.48
2017-11-14,"CRR",178651,1686465.44,2.41
2017-11-14,"AMTD",33859,1683469.48,2.4
2017-11-14,"SEIC",25383,1641518.61,2.34
2017-11-14,"ALLY",63272,1622926.8,2.31
2017-11-14,"AMP",9449,1486516.68,2.12
2017-11-14,"PEN",13652,1487385.4,2.12
2017-11-14,"HBHC",30503,1467194.3,2.09
2017-11-14,"MD",32164,1460888.88,2.08
2017-11-14,"TGI",48467,1437046.55,2.05
2017-11-14,"FITB",45701,1288311.19,1.84
2017-11-14,"BEN",31507,1285800.67,1.83
2017-11-14,"INVA",102012,1285351.2,1.83
2017-11-14,"OCLR",194713,1224744.77,1.75
2017-11-14,"PENN",43585,1183332.75,1.69
2017-11-14,"CIT",25687,1179290.17,1.68
2017-11-14,"GNW",324523,1158547.11,1.65
2017-11-14,"NEWS",98643,1159055.25,1.65
2017-11-14,"ORN",150259,1135958.04,1.62
2017-11-14,"APO",36941,1078307.79,1.54
2017-11-14,"TGNA",86001,1064692.38,1.52
2017-11-14,"ITGR",20195,951184.5,1.36
2017-11-14,"PINC",33132,925708.08,1.32
2017-11-14,"TROW",9932,927748.12,1.32
2017-11-14,"SYX",32661,908955.63,1.3
2017-11-14,"KRA",18561,904106.31,1.29
2017-11-14,"WAIR",108989,893709.8,1.27
2017-11-14,"HIIQ",33614,818500.9,1.17
2017-11-14,"LMT",2343,733241.85,1.05
2017-11-14,"RDN",36456,727661.76,1.04
2017-11-14,"KSS",17020,700883.6,1
2017-11-14,"URBN",26577,663096.15,0.95
2017-11-14,"BPOP",19774,647005.28,0.92
2017-11-14,"PDLI",209740,641804.4,0.92
2017-11-14,"GME",39071,632950.2,0.9
2017-11-14,"HCA",8104,629761.84,0.9
2017-11-14,"GM",13691,596516.87,0.85
2017-11-14,"ISBC",44535,597214.35,0.85
2017-11-14,"DAL",12037,588127.82,0.84
2017-11-14,"SRI",25875,563040,0.8
2017-11-14,"WLL",20113.75,520342.71,0.74
2017-11-14,"UNH",2222,472530.52,0.67
2017-11-14,"GBX",9927,465079.95,0.66
2017-11-14,"PVAC",11864,459136.8,0.65
2017-11-14,"NWL",15814,450224.58,0.64
2017-11-14,"PAH",43546,446781.96,0.64
2017-11-14,"BLK",954,443714.94,0.63
2017-11-14,"HLS",9085,442439.5,0.63
2017-11-14,"ACTG",110692,437233.4,0.62
2017-11-14,"AEO",28836,399378.6,0.57
2017-11-14,"CSBK",22890,389130,0.55
2017-11-14,"LB",7727,378236.65,0.54
2017-11-14,"PLAB",42086,380878.3,0.54
2017-11-14,"MOS",15041,350154.48,0.5
2017-11-14,"UHS",3424,334730.24,0.48
2017-11-14,"PRTY",28297,318341.25,0.45
2017-11-14,"VSTO",21017,279946.44,0.4
2017-11-14,"AGNC",12079,239405.78,0.34
2017-11-14,"LPNT",4856,216092,0.31
2017-11-14,"MCHP",2360,214807.2,0.31
2017-11-14,"AAN",5964,211900.92,0.3
2017-11-14,"ALGT",1552,197259.2,0.28
2017-11-14,"AGX",2530,165968,0.24
2017-11-14,"VRS",16215,118693.8,0.17
2017-11-14,"ILG",3002,87388.22,0.12
2017-11-16,"BYD",101007,2930213.07,4.2
2017-11-16,"NDAQ",30179,2291491.47,3.29
2017-11-16,"ICE",32830,2184179.9,3.13
2017-11-16,"GLW",65455,2050050.6,2.94
2017-11-16,"SPGI",12516,1987791.12,2.85
2017-11-16,"COF",21967,1924968.21,2.76
2017-11-16,"RJF",22657,1875773.03,2.69
2017-11-16,"SC",109073,1775708.44,2.55
2017-11-16,"DAN",58245,1765988.4,2.53
2017-11-16,"FCE-A",69920,1740308.8,2.5
2017-11-16,"SEIC",25383,1664870.97,2.39
2017-11-16,"ALLY",63272,1659624.56,2.38
2017-11-16,"AMTD",33859,1662476.9,2.38
2017-11-16,"CRR",178651,1584634.37,2.27
2017-11-16,"AMP",9449,1487178.11,2.13
2017-11-16,"MD",32164,1468286.6,2.11
2017-11-16,"HBHC",30003,1452145.2,2.08
2017-11-16,"PEN",13652,1429364.4,2.05
2017-11-16,"TGI",48467,1420083.1,2.04
2017-11-16,"INVA",102012,1325135.88,1.9
2017-11-16,"FITB",45701,1300650.46,1.87
2017-11-16,"BEN",31507,1274458.15,1.83
2017-11-16,"OCLR",194713,1238374.68,1.78
2017-11-16,"CIT",25687,1208059.61,1.73
2017-11-16,"NEWS",98643,1172865.27,1.68
2017-11-16,"PENN",43585,1173308.2,1.68
2017-11-16,"GNW",324523,1113113.89,1.6
2017-11-16,"ORN",150259,1117926.96,1.6
2017-11-16,"APO",36941,1071658.41,1.54
2017-11-16,"TGNA",86001,1049212.2,1.51
2017-11-16,"ITGR",20195,940077.25,1.35
2017-11-16,"TROW",9932,937084.2,1.34
2017-11-16,"PINC",33132,926702.04,1.33
2017-11-16,"SYX",32661,891318.69,1.28
2017-11-16,"KRA",18561,880533.84,1.26
2017-11-16,"WAIR",102989,829061.45,1.19
2017-11-16,"HIIQ",33614,771441.3,1.11
2017-11-16,"RDN",36456,756097.44,1.08
2017-11-16,"LMT",2343,727829.52,1.04
2017-11-16,"KSS",17020,719435.4,1.03
2017-11-16,"URBN",26577,682497.36,0.98
2017-11-16,"BPOP",19774,659858.38,0.95
2017-11-16,"GME",39071,625136,0.9
2017-11-16,"ISBC",44535,615919.05,0.88
2017-11-16,"HCA",8104,607232.72,0.87
2017-11-16,"DAL",12037,593785.21,0.85
2017-11-16,"GM",13691,586796.26,0.84
2017-11-16,"PDLI",209740,578882.4,0.83
2017-11-16,"SRI",25875,538976.25,0.77
2017-11-16,"UNH",2222,466308.92,0.67
2017-11-16,"ACTG",110692,459371.8,0.66
2017-11-16,"GBX",9927,451678.5,0.65
2017-11-16,"WLL",20113.75,456380.99,0.65
2017-11-16,"BLK",954,448857,0.64
2017-11-16,"NWL",15814,442950.14,0.64
2017-11-16,"HLS",9085,436443.4,0.63
2017-11-16,"PVAC",11864,440273.04,0.63
2017-11-16,"PAH",43546,414557.92,0.59
2017-11-16,"AEO",28836,399955.32,0.57
2017-11-16,"CSBK",22890,388901.1,0.56
2017-11-16,"PLAB",42086,370356.8,0.53
2017-11-16,"PRTY",28297,339564,0.49
2017-11-16,"MOS",15041,336617.58,0.48
2017-11-16,"CWH",7867,330414,0.47
2017-11-16,"UHS",3424,327916.48,0.47
2017-11-16,"VSTO",21017,298231.23,0.43
2017-11-16,"LB",5494,270634.44,0.39
2017-11-16,"AGNC",12079,237110.77,0.34
2017-11-16,"AAN",5964,213511.2,0.31
2017-11-16,"LPNT",4856,211478.8,0.3
2017-11-16,"MCHP",2360,211432.4,0.3
2017-11-16,"ALGT",1552,205640,0.29
2017-11-16,"AGX",2530,151420.5,0.22
2017-11-16,"ILG",3002,87988.62,0.13
2017-11-17,"BYD",101007,2999907.9,4.26
2017-11-17,"NDAQ",30179,2292698.63,3.25
2017-11-17,"ICE",32830,2169406.4,3.08
2017-11-17,"GLW",65455,2071650.75,2.94
2017-11-17,"SPGI",12516,2003811.6,2.84
2017-11-17,"COF",21967,1914424.05,2.72
2017-11-17,"RJF",22657,1887328.1,2.68
2017-11-17,"DAN",58245,1805595,2.56
2017-11-17,"SC",109073,1761528.95,2.5
2017-11-17,"FCE-A",69920,1743804.8,2.47
2017-11-17,"SEIC",25383,1685431.2,2.39
2017-11-17,"ALLY",63272,1671646.24,2.37
2017-11-17,"AMTD",33859,1662138.31,2.36
2017-11-17,"CRR",178651,1634656.65,2.32
2017-11-17,"AMP",9449,1484248.92,2.11
2017-11-17,"TGI",48467,1458856.7,2.07
2017-11-17,"HBHC",30003,1449144.9,2.06
2017-11-17,"PEN",13652,1429364.4,2.03
2017-11-17,"INVA",102012,1323095.64,1.88
2017-11-17,"FITB",45701,1301107.47,1.85
2017-11-17,"BEN",31507,1277608.85,1.81
2017-11-17,"OCLR",194713,1238374.68,1.76
2017-11-17,"CIT",25687,1208573.35,1.72
2017-11-17,"PENN",43585,1188562.95,1.69
2017-11-17,"NEWS",98643,1178783.85,1.67
2017-11-17,"ORN",150259,1126942.5,1.6
2017-11-17,"APO",36941,1083479.53,1.54
2017-11-17,"TGNA",86001,1080172.56,1.53
2017-11-17,"GNW",324523,1025492.68,1.46
2017-11-17,"ITGR",20195,973399,1.38
2017-11-17,"TROW",9932,948803.96,1.35
2017-11-17,"PINC",33132,940286.16,1.33
2017-11-17,"SYX",32661,935084.43,1.33
2017-11-17,"KRA",18561,878120.91,1.25
2017-11-17,"WAIR",102989,834210.9,1.18
2017-11-17,"HIIQ",33614,800013.2,1.14
2017-11-17,"MD",14861,769205.36,1.09
2017-11-17,"RDN",36456,757555.68,1.08
2017-11-17,"LMT",2343,732538.95,1.04
2017-11-17,"KSS",17020,719095,1.02
2017-11-17,"URBN",26577,702961.65,1
2017-11-17,"BGCP",44500,693755,0.98
2017-11-17,"BPOP",19774,663615.44,0.94
2017-11-17,"GME",39071,632168.78,0.9
2017-11-17,"ISBC",44535,619481.85,0.88
2017-11-17,"HCA",8104,615660.88,0.87
2017-11-17,"DAL",12037,607266.65,0.86
2017-11-17,"GM",13691,596927.6,0.85
2017-11-17,"PDLI",209740,597759,0.85
2017-11-17,"SRI",25875,561487.5,0.8
2017-11-17,"UNH",2222,469130.86,0.67
2017-11-17,"ACTG",110692,464906.4,0.66
2017-11-17,"GBX",9927,461605.5,0.66
2017-11-17,"BLK",954,452215.08,0.64
2017-11-17,"WLL",20113.75,447933.21,0.64
2017-11-17,"NWL",15814,445638.52,0.63
2017-11-17,"HLS",9085,438987.2,0.62
2017-11-17,"PAH",43546,434589.08,0.62
2017-11-17,"PVAC",11864,440154.4,0.62
2017-11-17,"AEO",28836,402838.92,0.57
2017-11-17,"CSBK",22890,389358.9,0.55
2017-11-17,"PLAB",42086,372461.1,0.53
2017-11-17,"MOS",15041,338121.68,0.48
2017-11-17,"PRTY",28297,339564,0.48
2017-11-17,"UHS",3424,336853.12,0.48
2017-11-17,"CWH",7867,334347.5,0.47
2017-11-17,"VSTO",21017,298651.57,0.42
2017-11-17,"LB",5494,269865.28,0.38
2017-11-17,"AGNC",12079,238681.04,0.34
2017-11-17,"AAN",5964,217686,0.31
2017-11-17,"ALGT",1552,213477.6,0.3
2017-11-17,"LPNT",4856,214149.6,0.3
2017-11-17,"MCHP",2360,214240.8,0.3
2017-11-17,"AGX",2530,146487,0.21
2017-11-17,"ILG",3002,87868.54,0.12
2017-11-20,"BYD",99251,2976537.49,4.27
2017-11-20,"NDAQ",29655,2252297.25,3.23
2017-11-20,"ICE",32260,2148193.4,3.08
2017-11-20,"GLW",64317,2034346.71,2.92
2017-11-20,"SPGI",12300,1975257,2.83
2017-11-20,"COF",21585,1895810.55,2.72
2017-11-20,"RJF",22263,1865194.14,2.67
2017-11-20,"DAN",57233,1784524.94,2.56
2017-11-20,"SC",107177,1749128.64,2.51
2017-11-20,"FCE-A",68704,1728592.64,2.48
2017-11-20,"CRR",175545,1718585.55,2.46
2017-11-20,"SEIC",24943,1673675.3,2.4
2017-11-20,"ALLY",62172,1658127.24,2.38
2017-11-20,"AMTD",33271,1621628.54,2.32
2017-11-20,"AMP",9285,1469629.8,2.11
2017-11-20,"HBHC",29483,1431399.65,2.05
2017-11-20,"TGI",47625,1431131.25,2.05
2017-11-20,"PEN",13416,1402642.8,2.01
2017-11-20,"INVA",100238,1309108.28,1.88
2017-11-20,"FITB",44907,1277604.15,1.83
2017-11-20,"BEN",30961,1253301.28,1.8
2017-11-20,"OCLR",191327,1258931.66,1.8
2017-11-20,"CIT",25241,1205762.57,1.73
2017-11-20,"PENN",42827,1164037.86,1.67
2017-11-20,"NEWS",96929,1153455.1,1.65
2017-11-20,"ORN",147647,1138358.37,1.63
2017-11-20,"TGNA",84507,1099436.07,1.58
2017-11-20,"GNW",318881,1077817.78,1.54
2017-11-20,"APO",36299,1062834.72,1.52
2017-11-20,"ITGR",19845,940653,1.35
2017-11-20,"TROW",9760,936764.8,1.34
2017-11-20,"SYX",32093,923957.47,1.32
2017-11-20,"PINC",32556,906033.48,1.3
2017-11-20,"KRA",18239,861975.14,1.24
2017-11-20,"WAIR",101199,819711.9,1.17
2017-11-20,"HIIQ",33030,789417,1.13
2017-11-20,"RDN",35822,747605.14,1.07
2017-11-20,"KSS",16724,731173.28,1.05
2017-11-20,"MD",14603,728835.73,1.04
2017-11-20,"URBN",26115,728608.5,1.04
2017-11-20,"LMT",2303,713239.1,1.02
2017-11-20,"BGCP",43728,685655.04,0.98
2017-11-20,"BPOP",19432,665157.36,0.95
2017-11-20,"GME",38393,626189.83,0.9
2017-11-20,"ISBC",43761,611341.17,0.88
2017-11-20,"HCA",7964,599211.36,0.86
2017-11-20,"GM",13453,590317.64,0.85
2017-11-20,"DAL",11829,589320.78,0.84
2017-11-20,"PDLI",206094,585306.96,0.84
2017-11-20,"SRI",25425,549942.75,0.79
2017-11-20,"GBX",9755,458485,0.66
2017-11-20,"UNH",2184,458421.6,0.66
2017-11-20,"ACTG",108768,456825.6,0.65
2017-11-20,"WLL",19765.75,455007.57,0.65
2017-11-20,"BLK",938,444602.62,0.64
2017-11-20,"NWL",15540,443822.4,0.64
2017-11-20,"PVAC",11658,434143.92,0.62
2017-11-20,"AEO",28336,423056.48,0.61
2017-11-20,"HLS",8927,427424.76,0.61
2017-11-20,"PAH",42790,427472.1,0.61
2017-11-20,"CSBK",22492,381689.24,0.55
2017-11-20,"PLAB",41356,361865,0.52
2017-11-20,"MOS",14781,339076.14,0.49
2017-11-20,"PRTY",27805,344782,0.49
2017-11-20,"CWH",7731,328567.5,0.47
2017-11-20,"UHS",3366,327242.52,0.47
2017-11-20,"VSTO",20653,305870.93,0.44
2017-11-20,"LB",5400,272592,0.39
2017-11-20,"AGNC",11869,235243.58,0.34
2017-11-20,"AAN",5862,213728.52,0.31
2017-11-20,"ALGT",1526,210053.9,0.3
2017-11-20,"LPNT",4772,208536.4,0.3
2017-11-20,"MCHP",2320,211816,0.3
2017-11-20,"AGX",2486,147419.8,0.21
2017-11-20,"ILG",2950,85904,0.12
2017-11-21,"BYD",99251,3019215.42,4.29
2017-11-21,"FCE-A",100914,2547069.36,3.62
2017-11-21,"NDAQ",29655,2280172.95,3.24
2017-11-21,"ICE",32260,2196260.8,3.12
2017-11-21,"GLW",64317,2040778.41,2.9
2017-11-21,"SPGI",12300,1994937,2.83
2017-11-21,"COF",21585,1905307.95,2.71
2017-11-21,"RJF",22263,1886121.36,2.68
2017-11-21,"SC",107177,1829511.39,2.6
2017-11-21,"DAN",57233,1813713.77,2.58
2017-11-21,"CRR",175545,1773004.5,2.52
2017-11-21,"SEIC",24943,1687892.81,2.4
2017-11-21,"ALLY",62172,1656883.8,2.35
2017-11-21,"AMTD",33271,1629946.29,2.32
2017-11-21,"AMP",9285,1491635.25,2.12
2017-11-21,"HBHC",29483,1450563.6,2.06
2017-11-21,"TGI",47625,1433512.5,2.04
2017-11-21,"PEN",13416,1429474.8,2.03
2017-11-21,"FITB",44907,1282992.99,1.82
2017-11-21,"BEN",30961,1261970.36,1.79
2017-11-21,"OCLR",191327,1241712.23,1.76
2017-11-21,"CIT",25241,1227469.83,1.74
2017-11-21,"PENN",42827,1185451.36,1.68
2017-11-21,"NEWS",96929,1151516.52,1.64
2017-11-21,"ORN",147647,1132452.49,1.61
2017-11-21,"TGNA",84507,1101126.21,1.56
2017-11-21,"GNW",318881,1090573.02,1.55
2017-11-21,"APO",36299,1086066.08,1.54
2017-11-21,"SYX",32093,946743.5,1.35
2017-11-21,"ITGR",19845,941645.25,1.34
2017-11-21,"TROW",9760,939888,1.34
2017-11-21,"PINC",32556,915149.16,1.3
2017-11-21,"KRA",18239,867629.23,1.23
2017-11-21,"WAIR",101199,814651.95,1.16
2017-11-21,"HIIQ",33030,794371.5,1.13
2017-11-21,"RDN",35822,752620.22,1.07
2017-11-21,"KSS",16724,741207.68,1.05
2017-11-21,"URBN",26115,738271.05,1.05
2017-11-21,"LMT",2303,724638.95,1.03
2017-11-21,"MD",14603,708099.47,1.01
2017-11-21,"BGCP",43728,698336.16,0.99
2017-11-21,"BPOP",19432,667877.84,0.95
2017-11-21,"INVA",50009,658618.53,0.94
2017-11-21,"GME",38393,631180.92,0.9
2017-11-21,"ISBC",43761,620968.59,0.88
2017-11-21,"GM",13453,603770.64,0.86
2017-11-21,"DAL",11829,588965.91,0.84
2017-11-21,"HCA",7964,594194.04,0.84
2017-11-21,"PDLI",206094,577063.2,0.82
2017-11-21,"SRI",25425,564435,0.8
2017-11-21,"GBX",9755,457997.25,0.65
2017-11-21,"UNH",2184,459186,0.65
2017-11-21,"ACTG",108768,451387.2,0.64
2017-11-21,"NWL",15540,447862.8,0.64
2017-11-21,"BLK",938,445334.26,0.63
2017-11-21,"PAH",42790,436885.9,0.62
2017-11-21,"AEO",28336,431840.64,0.61
2017-11-21,"HLS",8927,425014.47,0.6
2017-11-21,"PVAC",11658,424118.04,0.6
2017-11-21,"CSBK",22492,384613.2,0.55
2017-11-21,"PLAB",41356,363932.8,0.52
2017-11-21,"PRTY",27805,344782,0.49
2017-11-21,"CWH",7731,337226.22,0.48
2017-11-21,"MOS",14781,340406.43,0.48
2017-11-21,"UHS",3366,326098.08,0.46
2017-11-21,"WLL",14716.75,320825.15,0.46
2017-11-21,"VSTO",20653,290587.71,0.41
2017-11-21,"LB",5400,270324,0.38
2017-11-21,"AGNC",11869,238210.83,0.34
2017-11-21,"AAN",5862,215369.88,0.31
2017-11-21,"ALGT",1526,209901.3,0.3
2017-11-21,"MCHP",2320,212024.8,0.3
2017-11-21,"LPNT",4772,206150.4,0.29
2017-11-21,"AGX",2486,150527.3,0.21
2017-11-21,"ILG",2950,84399.5,0.12
2017-11-22,"BYD",99251,3016237.89,4.26
2017-11-22,"FCE-A",100914,2550096.78,3.6
2017-11-22,"NDAQ",29655,2290552.2,3.23
2017-11-22,"ICE",32260,2202712.8,3.11
2017-11-22,"GLW",64317,2053641.81,2.9
2017-11-22,"SPGI",12300,2013510,2.84
2017-11-22,"COF",21585,1898400.75,2.68
2017-11-22,"RJF",22263,1895694.45,2.68
2017-11-22,"SC",107177,1831654.93,2.59
2017-11-22,"DAN",57233,1824015.71,2.58
2017-11-22,"CRR",175545,1760716.35,2.49
2017-11-22,"SEIC",24943,1710840.37,2.42
2017-11-22,"ALLY",62172,1640719.08,2.32
2017-11-22,"AMTD",33271,1636933.2,2.31
2017-11-22,"AMP",9285,1483371.6,2.09
2017-11-22,"HBHC",29483,1459408.5,2.06
2017-11-22,"PEN",13416,1442890.8,2.04
2017-11-22,"TGI",47625,1438275,2.03
2017-11-22,"OCLR",191327,1312503.22,1.85
2017-11-22,"BEN",30961,1287358.38,1.82
2017-11-22,"FITB",44907,1278951.36,1.81
2017-11-22,"CIT",25241,1201724.01,1.7
2017-11-22,"PENN",42827,1191875.41,1.68
2017-11-22,"ORN",147647,1160505.42,1.64
2017-11-22,"NEWS",96929,1155393.68,1.63
2017-11-22,"GNW",318881,1109705.88,1.57
2017-11-22,"APO",36299,1094777.84,1.55
2017-11-22,"TGNA",84507,1101126.21,1.55
2017-11-22,"SYX",32093,970492.32,1.37
2017-11-22,"ITGR",19845,962482.5,1.36
2017-11-22,"TROW",9760,953844.8,1.35
2017-11-22,"PINC",32556,917428.08,1.3
2017-11-22,"KRA",18239,891704.71,1.26
2017-11-22,"WAIR",101199,809592,1.14
2017-11-22,"HIIQ",33030,796023,1.12
2017-11-22,"RDN",35822,752978.44,1.06
2017-11-22,"NVDA",3446,744508.3,1.05
2017-11-22,"KSS",16724,739368.04,1.04
2017-11-22,"LMT",2303,729912.82,1.03
2017-11-22,"MD",14603,707077.26,1
2017-11-22,"BGCP",43728,700085.28,0.99
2017-11-22,"BPOP",19432,684783.68,0.97
2017-11-22,"INVA",50009,670620.69,0.95
2017-11-22,"GME",38393,642314.89,0.91
2017-11-22,"ISBC",43761,621843.81,0.88
2017-11-22,"DAL",11829,599375.43,0.85
2017-11-22,"GM",13453,604981.41,0.85
2017-11-22,"HCA",7964,604387.96,0.85
2017-11-22,"PDLI",206094,593550.72,0.84
2017-11-22,"SRI",25425,578927.25,0.82
2017-11-22,"UNH",2184,464318.4,0.66
2017-11-22,"ACTG",108768,451387.2,0.64
2017-11-22,"BLK",938,451515.68,0.64
2017-11-22,"GBX",9755,454095.25,0.64
2017-11-22,"HLS",8927,432602.42,0.61
2017-11-22,"NWL",15540,434653.8,0.61
2017-11-22,"PAH",42790,426616.3,0.6
2017-11-22,"AEO",28336,420789.6,0.59
2017-11-22,"PVAC",11658,416773.5,0.59
2017-11-22,"CSBK",22492,382139.08,0.54
2017-11-22,"PLAB",41356,376339.6,0.53
2017-11-22,"MOS",14781,348979.41,0.49
2017-11-22,"PRTY",27805,346172.25,0.49
2017-11-22,"CWH",7731,337226.22,0.48
2017-11-22,"UHS",3366,332459.82,0.47
2017-11-22,"WLL",14716.75,320972.32,0.45
2017-11-22,"VSTO",20653,297609.73,0.42
2017-11-22,"LB",5400,268326,0.38
2017-11-22,"AGNC",11869,239872.49,0.34
2017-11-22,"AAN",5862,212204.4,0.3
2017-11-22,"ALGT",1526,211198.4,0.3
2017-11-22,"LPNT",4772,209252.2,0.3
2017-11-22,"MCHP",2320,213138.4,0.3
2017-11-22,"AGX",2486,151521.7,0.21
2017-11-22,"ILG",2950,82924.5,0.12
2017-11-23,"BYD",98373,2973815.79,4.25
2017-11-23,"FCE-A",100021,2514527.94,3.59
2017-11-23,"NDAQ",29393,2268257.81,3.24
2017-11-23,"ICE",31975,2163428.5,3.09
2017-11-23,"GLW",63748,2027186.4,2.89
2017-11-23,"SPGI",12192,1989978.24,2.84
2017-11-23,"RJF",22066,1874948.02,2.68
2017-11-23,"COF",21394,1866840.44,2.67
2017-11-23,"DAN",56727,1805053.14,2.58
2017-11-23,"SC",106229,1800581.55,2.57
2017-11-23,"CRR",173992,1778198.24,2.54
2017-11-23,"SEIC",24723,1694761.65,2.42
2017-11-23,"ALLY",61622,1624972.14,2.32
2017-11-23,"AMTD",32977,1615543.23,2.31
2017-11-23,"AMP",9203,1468614.74,2.1
2017-11-23,"HBHC",29223,1431927,2.04
2017-11-23,"TGI",47204,1416120,2.02
2017-11-23,"PEN",13298,1398949.6,2
2017-11-23,"OCLR",189634,1355883.1,1.94
2017-11-23,"BEN",30688,1270483.2,1.81
2017-11-23,"FITB",44510,1264974.2,1.81
2017-11-23,"CIT",25018,1199362.92,1.71
2017-11-23,"PENN",42448,1162226.24,1.66
2017-11-23,"NEWS",96072,1135571.04,1.62
2017-11-23,"ORN",146341,1137069.57,1.62
2017-11-23,"APO",35978,1094810.54,1.56
2017-11-23,"GNW",316060,1090407,1.56
2017-11-23,"TGNA",83760,1087204.8,1.55
2017-11-23,"ITGR",19670,965797,1.38
2017-11-23,"TROW",9674,945343.28,1.35
2017-11-23,"PINC",32268,919638,1.31
2017-11-23,"SYX",31809,907192.68,1.3
2017-11-23,"KRA",18078,871721.16,1.24
2017-11-23,"WAIR",100304,802432,1.15
2017-11-23,"HIIQ",32738,790622.7,1.13
2017-11-23,"KSS",16576,739786.88,1.06
2017-11-23,"NVDA",3416,734200.88,1.05
2017-11-23,"RDN",35505,737793.9,1.05
2017-11-23,"LMT",2283,718848.21,1.03
2017-11-23,"MD",14474,716318.26,1.02
2017-11-23,"BGCP",43342,684370.18,0.98
2017-11-23,"BPOP",19261,678950.25,0.97
2017-11-23,"INVA",49567,665189.14,0.95
2017-11-23,"GME",38054,660997.98,0.94
2017-11-23,"ISBC",43374,616344.54,0.88
2017-11-23,"HCA",7894,608390.58,0.87
2017-11-23,"DAL",11725,591057.25,0.84
2017-11-23,"GM",13334,590562.86,0.84
2017-11-23,"PDLI",204271,586257.77,0.84
2017-11-23,"SRI",25200,562968,0.8
2017-11-23,"ACTG",107806,463565.8,0.66
2017-11-23,"UNH",2165,457291.3,0.65
2017-11-23,"BLK",930,445414.2,0.64
2017-11-23,"GBX",9669,450575.4,0.64
2017-11-23,"HLS",8848,437091.2,0.62
2017-11-23,"NWL",15403,434364.6,0.62
2017-11-23,"PAH",42412,416909.96,0.6
2017-11-23,"AEO",28086,411179.04,0.59
2017-11-23,"PVAC",11555,410780.25,0.59
2017-11-23,"CSBK",22293,378758.07,0.54
2017-11-23,"PLAB",40991,374042.88,0.53
2017-11-23,"MOS",14651,350012.39,0.5
2017-11-23,"PRTY",27559,345865.45,0.49
2017-11-23,"UHS",3337,335635.46,0.48
2017-11-23,"WLL",14586.75,337245.66,0.48
2017-11-23,"CWH",7663,328206.29,0.47
2017-11-23,"VSTO",20471,290483.49,0.41
2017-11-23,"LB",5353,261226.4,0.37
2017-11-23,"AGNC",11764,240220.88,0.34
2017-11-23,"LPNT",4730,214269,0.31
2017-11-23,"AAN",5811,206871.6,0.3
2017-11-23,"ALGT",1513,207356.65,0.3
2017-11-23,"MCHP",2300,207920,0.3
2017-11-23,"AGX",2464,147224,0.21
2017-11-23,"ILG",2924,81667.32,0.12
