"Date","AMZN","GOOGL","MRNA","TDOC","MSFT","COST","GILD","INTU","TMO","FB","WTRG","DXCM","JNJ","BOX","NVDA","NFLX","WM","UNH","HAE","CTXS","PFE","CHD","EVBG","PG","ATVI","HCA","ZM","VEEV","BMY","CRM","CAH","SYNH","AAPL","ROL","LDOS","CTLT","DPZ","ABBV","FTNT","FATE","TGT","ABT","ANTM","ABC","SSNC","WMT","AMD","KMB","MCHP","ROKU","GE","TTWO","SYY","MU","RGLD","CLX","IQV","KR","LVGO","ETSY","EXEL","HRC","VRSK","WCN","ARCC","GMED","RDFN","WRK","ECL","RMD","QCOM","CNC","COUP","SAIC","MA","BF-B","SYK","ACAD","ATO","LLY","RTX","NTAP","LW","MPW","V","CLDR","CPB","NOC","APH","AVGO","UNP","ZBRA","DTE","BAX","LBRDK","DUK","SR","ES","STZ","KLAC","LMT","PSTG","ZEN","CBOE","EL","NYT","SWKS","SRE","STT","EXC","LNT","SIVB","ANET","WDC","MCO","NEWR","ALB","ENR"
2020-01-02,1898.01001,1368.680054,19.23,83.260002,160.18248,290.876709,64.628151,265.070587,326.117462,209.779999,45.677826,219.380005,145.04509,17.24,239.766586,329.809998,113.702499,291.238464,115.269997,111.315102,38.744225,69.807915,79.989998,122.681229,58.266792,146.99205,68.720001,143.399994,62.820061,166.990005,49.592613,59.509998,299.638885,33.238277,98.229202,56.599998,292.712036,87.057884,109.68,19.469999,125.356583,86.219185,299.754395,84.706924,61.501221,118.416039,49.099998,134.84964,107.240417,137.100006,11.918165,122.080002,83.750114,55.389999,120.748672,151.598709,156.410004,28.500168,25.219999,45.189999,17.66,113.460228,150.850983,91.562584,18.136211,59.450001,21.625,42.968262,189.733475,155.760803,87.990051,61.880001,153.570007,86.76918,302.517975,66.871246,209.689987,41.110001,109.847679,131.528275,95.918594,62.016949,83.87989,20.532038,190.843597,11.6,47.779659,354.40744,108.886948,317.001648,181.203323,259.140015,127.270157,85.652931,126.470001,89.468155,81.852165,82.725037,187.595078,181.672882,396.877838,17.799999,79.989998,119.165077,205.736954,32.476921,121.20015,147.598206,79.948814,45.084633,53.285057,254.270004,204.720001,64.771545,241.222031,68.059998,72.211044,48.264973
2020-01-03,1874.969971,1361.52002,18.889999,82.959999,158.187927,291.116241,64.46962,263.297852,322.570221,208.669998,46.006371,218.699997,143.365799,16.940001,235.928894,325.899994,114.807472,288.291229,114.849998,111.46463,38.53635,70.04715,80.419998,121.856125,58.286655,147.440521,67.279999,142.509995,62.264656,166.169998,48.869865,59.040001,296.725769,33.128613,99.085793,55.98,293.979095,86.231537,111.209999,19.1,124.053993,85.168098,295.779205,83.641617,61.002346,117.370667,48.599998,134.809921,104.888298,137.509995,11.958125,122.209999,83.443443,54.529999,119.761703,151.896713,154.190002,28.539946,25.16,44.900002,17.01,112.841751,152.318375,91.432816,18.136211,58.32,21.610001,42.206799,188.825867,154.942627,86.333229,61.16,159.580002,87.413315,299.566467,67.150459,208.833099,40.349998,110.574158,131.09053,96.050133,60.959785,93.326225,20.6703,189.325806,11.31,47.720539,373.647278,107.750519,308.93869,179.920868,256.049988,127.576706,85.283867,127.769997,89.52758,82.080307,82.357285,188.820465,178.200027,411.158142,17.42,78.349998,120.969704,204.180908,32.6563,118.191818,146.25209,78.77076,45.223568,53.45396,250.330002,200.850006,63.774597,240.62326,67.690002,71.176758,48.304737
2020-01-06,1902.880005,1397.810059,18.129999,86.940002,158.596817,291.196045,65.044273,265.31955,324.888428,212.600006,45.847073,225.990005,143.186951,17.32,236.918289,335.829987,115.404755,290.292542,115.540001,112.650848,38.486855,70.316299,82.230003,122.025124,59.34967,147.998627,70.32,144.199997,62.463017,173.449997,49.275791,59.900002,299.090149,33.128613,99.962303,55.990002,293.260773,86.912056,112,19.809999,122.880669,85.614319,299.335968,84.866219,61.571064,117.131721,48.389999,135.107758,103.383354,143.369995,12.127956,124.690002,83.334625,53.57,118.445747,152.353668,155,28.639385,25.040001,44.834999,17.559999,113.240761,152.667755,92.690514,18.165369,58.57,21.41,41.564003,187.220062,155.680969,85.827255,63.029999,164.759995,87.601601,300.364197,67.29007,211.453598,42.810001,110.424881,131.578003,96.256821,60.811584,90.473373,20.769058,188.916397,11.5,47.799362,374.464264,107.192284,308.476563,178.379944,258.01001,127.547043,85.074394,128.179993,89.963326,82.02079,82.80455,189.68721,174.189835,410.532074,17.629999,80.93,119.833092,206.834167,32.706123,116.109879,147.479446,79.978508,45.293034,53.404282,249.240005,202.860001,62.550629,241.371719,68.099998,71.097198,48.791862
2020-01-07,1906.859985,1395.109985,17.780001,85.730003,157.150772,290.73703,64.519165,265.379303,326.72699,213.059998,46.115883,231.449997,144.061356,16.969999,239.786575,330.75,115.48439,288.540161,113.989998,112.052757,38.35817,69.638458,82.989998,121.269608,59.945747,147.799301,71.900002,139.199997,63.40522,176,49.295593,59.759998,297.683533,33.148552,99.593765,56.290001,291.16571,86.416252,111.889999,21.01,123.099426,85.138359,298.429352,84.258888,61.581043,116.046524,48.25,134.988632,110.320091,138.190002,12.038046,125.510002,82.661934,58.27,119.811546,150.51593,156.800003,28.430557,25.65,45.779999,18.68,112.831779,153.94548,92.411026,18.116772,58.110001,21.469999,41.099216,186.980682,154.802933,88.267845,63.029999,165.759995,87.611511,299.347107,66.781502,208.862991,42.18,111.161308,131.826706,95.949921,61.206787,90.982101,20.591291,188.417114,11.52,47.82914,373.607422,107.770462,307.414612,177.027908,256.470001,127.121826,85.273888,128.669998,89.398827,81.614105,82.178375,182.912674,175.572998,411.913422,17.709999,78.68,117.868942,205.527496,32.396725,117.215599,147.360672,81.087265,45.332729,53.45396,250.399994,204.850006,66.785164,240.50351,68.080002,72.032036,49.18951
2020-01-08,1891.969971,1405.040039,17.98,86.220001,159.653915,294.070007,65.192894,271.763062,327.246582,215.220001,46.305046,233.229996,144.041504,16.860001,240.236313,339.26001,115.554077,294.62381,114.410004,113.398468,38.665035,69.01046,82.949997,121.786537,59.488754,148.775986,72.550003,141.699997,63.335793,177.330002,49.562912,59.959999,302.472137,33.118645,99.474251,56.68,289.878723,87.028717,113.669998,21.99,122.701691,85.485405,306.339905,85.075294,61.920277,115.648285,47.830002,136.299103,108.924767,134.639999,11.928154,127.82,83.621506,57.52,111.257851,150.962952,157.600006,28.261505,26.08,45.005001,18.950001,113.4702,155.362946,93.099762,18.204247,58.52,21.459999,41.277222,187.050491,155.920441,88.009895,64.370003,167.460007,88.453835,304.628937,66.951027,209.929138,44.41,110.20594,133.020538,96.093979,62.382511,91.031975,20.660423,191.642441,11.98,46.99543,368.944427,108.029648,303.579773,178.966492,247.639999,127.052597,86.510757,128.509995,89.52758,80.602364,82.247948,189.577621,175.801865,408.465057,18.040001,79.800003,116.662537,207.193268,32.47657,119.078377,148.370255,80.671478,45.660221,53.573189,252.779999,206.979996,67.752487,245.113983,69.139999,70.788902,49.895344
2020-01-09,1901.050049,1419.790039,18.4,85.370003,161.648468,298.79007,65.232513,274.307556,329.35495,218.300003,46.524078,239.270004,144.468765,16.98,242.874741,335.660004,115.603844,292.95105,115.910004,113.687546,38.496754,69.528801,83.540001,123.118622,58.952282,146.922272,72.620003,145.720001,64.912735,179.600006,49.800529,59.950001,308.896912,33.647026,100.679451,56.970001,288.222595,87.699516,114.480003,21.950001,122.801125,85.713478,305.273865,86.279991,62.997845,116.843002,48.970001,138.453445,109.951324,133.789993,11.898185,128.020004,83.720428,57.310001,111.846046,151.787445,159.5,28.281395,26.299999,46.43,18.629999,114.148529,156.860275,93.578896,18.184807,54.549999,21.709999,42.098015,189.543976,157.227509,89.200424,64.160004,171.460007,92.090683,308.622772,67.190346,210.865738,45.580002,110.564209,135.219131,96.238037,62.698669,90.563148,20.818438,192.97052,11.93,47.263409,371.006897,108.408447,301.141235,178.05188,246.5,127.230606,86.321236,129.369995,89.745453,80.344467,82.894005,192.865265,174.62767,412.340729,18.469999,81.160004,115.665504,211.422516,31.458559,119.18795,147.301285,82.087112,45.79916,54.179264,256.109985,206.800003,67.73275,248.337341,69.449997,72.340332,49.209396
2020-01-10,1883.160034,1428.959961,19.139999,85.160004,160.900513,296.614624,64.429993,274.65683,328.475647,218.059998,46.613682,237.300003,144.140854,16.809999,244.173965,329.049988,115.673523,293.857117,116.230003,113.378525,39.090687,69.877693,83.669998,123.237915,58.564831,147.639847,73.089996,145.509995,64.69455,180.199997,50.127254,60.07,309.595215,34.624035,100.619682,57.689999,288.41217,86.581512,114.32,21.940001,124.024162,84.642555,306.598938,86.658325,62.04998,115.86731,48.169998,139.21788,110.459625,128.399994,11.658422,126.760002,84.007317,56.669998,113.441139,152.651672,159.300003,28.201841,27,46.130001,18.32,115.255798,157.039963,93.648766,18.136211,53.220001,21.85,41.692562,188.436874,156.539047,89.547661,64.480003,169.600006,92.199699,310.689575,67.09063,208.892883,45.240002,110.852806,137.288406,95.116875,62.372631,90.253929,21.015957,193.489777,11.81,47.372585,373.029541,107.979797,294.218903,176.898666,246.270004,127.507492,85.682854,128.619995,89.567192,80.394066,83.897881,187.674774,172.159851,411.247589,18.77,81.800003,115.505974,211.083359,31.189083,119.616295,148.231674,80.869469,45.908321,54.715794,251.729996,207.460007,67.061546,247.519028,67.300003,71.70385,48.195381
2020-01-13,1891.300049,1440.030029,20.26,95.970001,162.835236,299.239105,63.716633,275.445129,331.763062,221.910004,47.390244,235.839996,144.77681,16.6,251.829361,338.920013,117.126915,284.617157,116.620003,114.774078,39.011497,70.595413,84.959999,124.14254,58.852936,146.663162,74.029999,148.660004,65.606995,183.850006,49.939137,59.810001,316.209534,34.873272,100.749176,59.450001,283.334106,86.056549,116.690002,21.690001,123.169029,84.404572,295.639709,85.772232,62.469036,115.369514,48.75,139.883041,110.838348,133.929993,12.107976,128.449997,82.820213,57.450001,110.839142,155.164917,158.149994,28.261505,28.549999,47.959999,18.469999,114.567497,157.738708,94.886497,18.213964,52.869999,22.25,42.05846,190.9104,157.91597,90.25206,63.400002,173.639999,93.577133,314.723328,67.888382,206.142853,41.799999,111.997261,138.223572,95.235878,63.340874,91.002052,21.42087,195.047516,11.74,47.362663,375.460632,108.767319,296.146118,178.847183,248.580002,128.150269,89.144089,130.210007,90.359467,81.187584,84.633385,187.734543,174.239594,416.405212,18.84,83.790001,114.74823,212.92868,31.438597,124.029182,149.627289,81.255554,45.838852,55.222515,253.850006,211.149994,68.236153,250.971909,69.330002,75.443192,46.634602
2020-01-14,1869.439941,1430.589966,20,96.870003,161.68837,299.119354,63.607647,272.092346,332.54248,219.059998,47.758614,235.059998,145.591614,16.219999,247.132187,338.690002,117.535057,286.996826,116.760002,114.59465,39.664822,70.944298,85.669998,123.953667,59.657642,147.410629,73.160004,147.779999,65.894615,182.119995,51.92918,60.540001,311.939667,34.943058,100.390602,60.310001,284.451477,86.903908,116.720001,24.280001,124.551163,85.380455,295.779205,88.440475,61.920277,115.668198,48.209999,139.972412,109.751999,133.419998,12.018065,126.93,81.514404,57.52,112.025497,155.214584,158.929993,28.679163,30.82,49.150002,19.65,115.734612,156.600739,94.956367,18.340317,53.060001,22.360001,42.088127,189.464188,157.965866,89.845291,63.169998,171.100006,93.141113,310.1604,68.696098,207.209,44.049999,112.265961,139.924744,94.916451,63.014832,90.443451,21.233227,195.766479,11.58,47.18401,373.308502,109.156097,303.029144,179.741928,248.070007,128.81282,88.984489,129.699997,90.418892,81.584351,85.32914,190.115601,176.60788,413.543182,18.41,83.230003,115.147041,215.153015,32.885773,122.863701,149.676788,80.711075,45.461742,55.262253,253.490005,213.050003,68.315117,248.916138,70.669998,77.750443,46.823483
2020-01-15,1862.02002,1439.199951,20.24,94,162.735504,300.187103,63.508572,272.411682,334.940643,221.149994,48.674561,234.339996,146.078506,16.08,245.423218,339.070007,117.68438,295.131622,115.669998,114.943535,40.258755,71.612175,87.739998,125.216164,59.25032,146.752853,76.940002,144.429993,66.03347,181.059998,53.275677,62.5,310.602844,35.132481,101.735252,60.84,287.893402,87.948341,117.050003,24.48,116.337906,87.01358,300.431885,90.969337,62.149757,114.772163,48.549999,141.133957,107.220482,132.5,11.858224,126.610001,81.761719,56.169998,114.248657,155.631805,159.369995,28.132233,30.9,48.860001,20.4,115.395454,158.367584,96.044388,18.330597,52.860001,23.950001,42.177132,190.950302,158.36496,88.962318,64.519997,169.869995,94.469017,313.764832,69.503815,206.003357,45.400002,113.201431,140.38237,95.179512,63.419914,90.652924,21.598637,199.511047,11.52,47.422211,378.878204,108.368576,298.073395,179.741928,247.800003,130.523605,89.333603,130.639999,91.597404,82.69529,86.790222,190.135529,177.045731,418.323181,18.360001,83.989998,116.522949,217.935959,33.165222,119.954979,152.566986,80.394287,46.196117,55.898136,250.589996,213.389999,65.807961,252.508728,72.589996,79.679787,47.94685
2020-01-16,1877.939941,1450.160034,21.01,96.910004,165.717361,302.392456,62.616879,276.273315,336.479431,221.770004,49.510857,234.410004,147.260956,16.6,248.781189,338.619995,118.948624,299.442932,116.010002,116.508545,40.199364,71.452682,89,125.325516,60.03516,147.271103,76.110001,147.320007,66.231819,182.690002,53.879616,63.860001,314.493591,35.531258,101.884659,61.470001,286.686218,87.948341,119.089996,24.299999,115.661751,87.909805,303.918884,91.058945,63.107597,115.389435,49.77,142.394775,108.456337,131.070007,11.828254,127.639999,81.771614,57.68,114.617523,156.08876,160.970001,27.923403,29.715,50.900002,20.440001,116.053825,160.274185,97.501717,18.466667,53.290001,24.219999,42.95837,192.496246,160.370453,91.06559,65.129997,168.979996,92.568893,319.80545,70.610695,208.703583,44.560001,114.156799,140.700714,96.1754,64.595634,90.772629,21.954168,200.659378,11.63,47.729889,382.385406,109.445183,301.91803,182.823776,253.929993,131.443268,89.762512,130.139999,92.280746,83.528488,87.227554,190.145493,180.021042,423.043549,18.959999,84.699997,117.180984,217.387344,33.574425,122.614662,153.596359,80.324989,46.384674,56.414795,252.300003,219.25,67.782104,255.522491,72.440002,79.978134,48.891273
2020-01-17,1864.719971,1479.52002,20.620001,95.599998,166.644836,304.038971,62.398907,282.240448,338.927551,222.139999,50.347157,230.789993,148.224823,16.27,249.130981,339.670013,119.107903,297.182709,113.849998,116.847466,40.100372,71.771667,88.199997,125.663513,60.839867,147.898956,75.559998,148.070007,66.172318,182.229996,53.394485,63.990002,317.975372,35.750587,102.980293,60.880001,285.798309,86.706848,117.489998,25.65,116.258354,88.626793,304.25766,90.660698,63.327103,114.453568,50.93,143.457062,109.044373,130.380005,11.798285,130.009995,81.929886,57.66,112.424263,156.654968,161.509995,27.993011,29.450001,51.439999,19.82,115.465279,160.264206,97.990822,18.42779,53.299999,23.52,43.195709,195.069519,160.210831,95.153076,64.540001,169.429993,92.101318,323.160278,70.540886,211.403778,43.43,114.425499,138.86026,96.707794,61.671146,90.273872,22.013424,204.403961,11.56,47.660416,378.589233,109.106247,303.628967,184.235489,252.740005,132.34317,89.503174,129.470001,92.815536,83.449135,88.191673,189.238892,177.851746,423.003784,18.5,83.970001,116.183952,219.322433,33.793999,123.690498,155.595764,81.730728,47.029732,56.792351,258.399994,221.869995,67.377403,257.099243,70.470001,80.455498,49.020512
2020-01-21,1892,1482.25,20.940001,98.25,166.046463,312.600922,62.052139,284.395782,336.999054,221.440002,50.745396,231.619995,148.324188,16.27,247.791794,338.109985,119.864456,299.233826,115.43,117.475464,39.932091,72.270081,87.75,125.34539,61.018688,146.742889,76.730003,146.089996,66.876488,185.270004,53.473686,63.830002,315.820465,35.780495,102.860771,61.52,284.441467,86.696999,117.639999,24.4,113.394661,89.353729,304.855408,90.849861,63.406921,115.080795,51.049999,143.546417,108.874931,136.630005,11.648433,130.389999,82.335487,58.970001,113.740219,158.0457,160.850006,28.251562,28.9,50.700001,19.76,114.856781,161.012878,97.841095,18.505545,53.110001,24.049999,41.138771,195.029617,161.577759,93.793884,65.489998,169.570007,91.225868,321.432953,70.83007,213.874817,43.369999,115.360962,140.183411,96.75164,59.833466,90.972122,22.112183,206.990219,11.31,48.196373,376.75592,107.919991,302.92099,181.392227,252.419998,132.442047,90.839783,130.220001,93.875214,83.449135,89.25518,189.517838,177.931351,423.490723,18.219999,85.57,117.041405,217.177872,33.604366,123.32193,156.348007,80.493286,47.218288,56.991066,254.199997,221.240005,67.900551,255.811905,70.440002,80.873192,48.573151
2020-01-22,1887.459961,1483.869995,21.969999,101.419998,165.248642,311.233826,62.815033,289.654419,339.786865,221.320007,51.213322,235.649994,147.310654,16.18,249.960495,326,119.774864,299.293579,115.610001,118.781303,39.783607,71.990974,88.769997,125.564095,59.925877,146.643219,75.540001,145.690002,66.876488,182.75,54.770679,64.580002,316.947815,35.969917,102.063942,61.75,285.239624,85.928459,117.790001,24.549999,113.255447,91.4748,302.384644,91.626442,64.803764,115.588547,51.43,143.347855,108.984566,132.429993,11.35872,130.110001,82.246445,59.169998,112.474113,158.572189,160.5,28.211786,28.200001,50.240002,19.719999,113.340523,163.298798,97.481758,18.622175,53.27,24.49,41.198105,195.887375,164.012299,92.236275,66.760002,167.509995,91.275612,323.809296,71.567986,216.286102,42.16,115.530136,140.830048,96.325722,59.744545,90.962151,22.092432,207.599335,11.41,48.206295,373.956146,106.295105,307.739075,179.871155,253.75,131.146606,90.929558,131.119995,94.39019,82.754799,89.404259,191.221451,179.244873,421.771515,18.719999,85.18,118.367455,212.100784,33.734112,124.477448,155.942184,79.731018,47.29768,57.378555,256.299988,222.720001,67.782104,256.939575,70.669998,80.932854,48.304737
2020-01-23,1884.579956,1484.689941,21.469999,102.800003,166.265869,312.221741,63.350048,287.958069,335.120483,219.759995,51.870415,235.600006,147.588867,16.33,252.708847,349.600006,120.591148,298.168427,110.059998,128.071686,40.298351,70.754906,87.125,124.989998,59.737122,146.194748,74.470001,145.570007,66.321091,183.979996,54.32515,64.690002,318.474182,36.498299,102.223305,61.57,287.344666,84.016968,119.07,24.84,114.876221,90.349541,303.271301,90.760262,64.9235,115.299828,51.709999,143.605972,109.891533,134.070007,11.758324,129.070007,82.691612,59.200001,112.294662,158.0159,160.910004,28.281395,28,50.23,19.57,112.532509,164.806107,97.322044,18.5833,52.82,24.950001,41.583782,197.782425,161.028992,91.273926,68.019997,165.25,91.03685,324.478271,71.697632,215.439163,40.790001,116.31633,140.481857,96.331993,59.843342,90.662903,22.122059,206.221344,11.44,48.593376,380.113678,106.006012,314.307434,186.094543,254.360001,132.412384,90.869705,131.910004,95.152763,83.716949,90.68644,193.243851,181.652969,426.104309,19.25,85.970001,119.264786,208.340332,33.4846,127.694977,158.426575,79.651825,47.585476,58.083988,259.079987,230.059998,70.012878,256.560364,69.980003,81.450005,48.215263
2020-01-24,1861.640015,1466.170044,21.120001,98.099998,164.590439,309.85672,62.567341,287.459167,333.421783,217.940002,51.631474,233.940002,147.380219,16.209999,250.330261,353.160004,120.451782,291.547119,107.449997,127.852379,39.417351,71.083855,89.800003,125.139999,59.01189,142.965668,73,145.190002,63.633335,182.110001,53.285576,62.669998,317.556335,36.498299,101.217316,61.580002,284.431519,82.312393,117.989998,24.16,113.673073,90.02092,296.177704,88.530083,65.302643,113.866173,50.349998,142.384857,106.861687,130.089996,11.698383,125.279999,81.741928,57.759998,114.507858,157.231125,158.100006,28.032789,27.209999,50.52,18.02,109.370308,165.005753,98.240364,18.369474,52.66,25,40.486088,197.493164,162.026749,88.942474,66.610001,163.699997,89.216316,323.170288,71.587936,213.456345,39.34,116.813919,138.352905,95.949921,59.092461,90.463402,22.122059,204.703537,11.38,48.424648,380.253204,105.029099,318.584717,184.593369,252.699997,131.285049,90.550514,130.169998,95.35083,83.895493,91.252975,190.842865,178.518448,429.801086,19.17,86.190002,119.454216,204.81929,32.616299,121.837677,158.129623,77.553116,47.367146,58.550964,252.660004,238.050003,68.621109,255.093384,68.489998,80.733955,48.145676
2020-01-27,1828.339966,1431.72998,22.74,95.970001,161.837952,308.79895,63.241066,283.148499,330.703888,214.869995,51.482132,235.449997,147.80748,15.34,240.056412,342.880005,120.640923,282.864746,107.209999,126.496704,39.753914,72.150459,89.290001,125.690002,57.938946,141.121933,70.440002,141.779999,63.177109,180.710007,52.849945,62.689999,308.218506,36.129429,100.370674,62,282.226715,82.785332,114.43,24.33,115.124809,89.21431,282.737762,87.136215,62.888088,115.349609,49.259998,142.920975,102.635857,126.209999,11.428651,123.07,81.45504,55.41,113.829941,158.900009,157.160004,28.172009,25.719999,49.32,17.74,106.547272,163.658157,98.340179,18.27228,52.82,24.66,39.625732,196.236465,160.260696,86.362999,63.419998,161.309998,89.096931,315.282471,70.281624,213.825012,40.43,115.828697,137.596802,94.597015,57.462254,90.204048,22.161564,201.398315,11.03,48.404797,377.692535,102.307671,303.864929,177.425568,243.229996,130.820267,90.301147,129.820007,95.172569,83.459053,90.815651,190.185333,169.473114,429.681854,18.790001,84.900002,119.374458,196.490479,32.626274,116.428642,156.922073,74.692146,46.910645,58.451611,243.380005,234.970001,65.798096,254.594421,67.709999,78.506271,47.678436
2020-01-28,1853.25,1450.5,22.360001,99.419998,165.009308,310.196014,63.766174,287.539001,333.002136,217.789993,51.920197,234.940002,148.552734,15.22,247.821777,348.519989,120.501556,284.637054,107.709999,125.151001,37.754337,71.791603,90.5,126.029999,59.637772,145.008759,71.510002,145.490005,64.277992,182.850006,53.265774,62.849998,316.937805,36.617931,101.904572,62.950001,283.513672,82.539009,117.540001,25.58,114.786736,89.164528,289.24353,88.719246,63.835953,116.086342,50.529999,143.844254,103.851776,129.610001,11.718363,125.970001,81.781502,56.470001,111.377487,156.070007,158.669998,28.172009,25.870001,49.830002,17.879999,108.023636,164.516617,98.070679,18.388912,53.52,24.92,40.050968,197.66272,162.934723,88.446426,65.25,165.360001,90.250938,319.775513,70.271652,213.426453,41.549999,115.749077,138.541901,95.743225,56.237129,91.430977,22.220818,202.556641,11.2,48.513977,380.452454,103.085228,312.989838,178.588715,247.979996,130.988388,90.321106,129.75,95.281502,83.806221,91.233101,192.028412,175.065491,434.441956,19.139999,85.870003,120.840088,196.610168,32.736061,119.327415,158.189026,75.731598,47.367146,58.769554,251.279999,236.720001,67.525467,259.653992,67.699997,79.759338,47.817612
2020-01-29,1858,1456.699951,20.549999,103.480003,167.58226,308.92865,63.70673,285.303833,333.631653,223.229996,52.089443,238.539993,149.586136,15.29,245.393219,343.160004,120.919655,281.679871,109,122.619072,37.200001,72.469444,91.129997,125.059998,60.005356,144.749634,73.580002,145.419998,63.613495,181.770004,53.206371,62.549999,323.572052,37.684666,101.426483,62.799999,284.800659,81.977386,117.269997,26.030001,113.623352,88.766205,271.898071,89.465958,64.145256,115.379471,47.509998,142.166443,102.117592,128.880005,12.927162,125.910004,81.00988,55.299999,113.291595,155.210007,158.5,27.296917,24.91,50.150002,17.780001,108.701958,163.887741,96.713158,18.408352,53.119999,24.98,40.159748,197.293701,165.469025,87.533684,65.199997,165.259995,89.81321,319.825439,69.184715,209.919159,40.240002,115.749077,139.198502,95.718163,54.873688,91.820007,22.438087,204.563736,11.02,47.97802,381.259491,103.095192,312.203217,180.716187,250.169998,130.484055,90.271225,127.43,95.816292,83.657433,91.82946,191.859055,170.87619,431.132721,18.91,86,121.139198,198.226059,32.117271,117.434746,157.060654,75.464317,47.446541,58.700005,246.020004,235.050003,65.896797,260.132996,68.220001,80.286438,46.535187
2020-01-30,1870.680054,1454.25,20.99,104.75,172.309357,308.818909,63.439217,286.012299,319.612488,209.529999,52.109356,238.929993,149.407272,15.22,245.663055,347.73999,122.203812,279.768158,109.330002,122.150558,37.07,72.549194,91.610001,125.949997,60.492153,142.965668,74.540001,150.25,63.286205,185.669998,52.760841,62.380001,323.10318,38.10339,102.173508,61.990002,281.737854,80.578255,118.330002,25.860001,114.021088,88.786125,264.904114,88.490257,64.494469,116.066437,48.779999,143.586136,101.220596,130.639999,12.717371,127.43,81.949669,55.029999,113.560776,155.860001,157,27.396357,24.549999,50.290001,17.200001,108.452576,164.416809,97.761246,18.486107,53.25,24.35,39.57629,198.959335,165.069931,87.087234,63.52,165.789993,89.962433,323.959045,68.626297,213.057785,39.98,116.813919,141.934326,96.457253,54.191963,92.120003,22.201065,207.90889,10.73,48.662849,383.471436,101.550064,309.931824,181.998657,246.320007,131.670715,90.410873,127.839996,96.52935,84.133553,92.644485,190.075745,172.070297,433.179871,18.5,87,122.814209,198.166214,32.506512,115.781158,159.485657,76.830452,47.694637,59.419998,248.139999,231.740005,66.094215,263.26651,68.25,80.336159,47.24102
2020-01-31,2008.719971,1432.780029,20.51,101.709999,169.766296,304.877197,62.616879,279.775757,312.947662,201.910004,51.711117,240.75,147.926712,15.03,236.288666,345.089996,121.148605,271.274963,107.389999,120.834755,37.240002,73.984627,90.639999,124.620003,58.0979,138.331375,76.300003,146.610001,62.433262,182.309998,50.701492,61.360001,308.777191,37.834213,100.071869,61.099998,281.089386,79.829422,115.360001,25.360001,110.113327,86.77459,264.296356,85.184814,62.868134,113.985641,47,142.206161,97.154236,120.949997,12.437649,124.639999,81.257195,53.09,114.966446,157.309998,155.25,26.710207,24.16,48.810001,17.200001,106.228058,162.180786,96.134216,18.291719,52.279999,24.33,38.567596,195.598129,158.614395,84.636726,62.810001,161.149994,87.316185,315.452209,67.449615,209.939087,39.939999,116.465607,138.919952,94.077141,52.759361,91.309998,21.87516,198.682251,10.29,48.027641,373.208862,99.1576,300.059631,178.37001,239.020004,131.136719,88.994461,132.929993,96.687798,83.637596,91.879158,187.595078,164.925583,425.448425,17.799999,86.400002,122.854095,194.665115,31.947601,112.713051,159.000656,74.870338,47.22821,59.360001,240.330002,223.339996,64.653091,256.260986,66.010002,79.838905,45.988415
2020-02-03,2004.199951,1482.599976,20.379999,101.989998,173.904999,301.364624,65.747719,282.190521,318.093658,204.190002,53.493233,237.089996,149.218475,15.16,240.18634,358,122.134125,272.838165,111.389999,122.280144,37.509998,74.871803,91.709999,125.110001,57.829662,141.321259,87.660004,148.589996,63.058094,185.419998,50.750996,61.860001,307.929199,38.362595,102.053978,61.650002,270.115173,81.090614,116.489998,27.120001,111.873314,86.694923,265.442108,85.324196,63.686291,113.766609,48.02,142.742264,97.224007,127.5,12.247838,124.349998,75.855881,53.779999,112.045433,155.839996,155.25,26.829536,23.959999,49.360001,17.48,106.656998,164.925888,98.310242,18.320877,52.57,24.58,39.032387,201.003983,162.77507,85.797501,62.880001,161.729996,89.02729,324.018951,68.546516,210.875702,40.900002,118.097702,140.272934,93.920555,53.391685,91.75,22.131935,200.519592,10.54,48.504047,362.428192,99.636086,300.128448,179.234909,242.550003,132.293716,89.463272,136.479996,96.727417,84.788216,91.849342,188.412003,169.094986,421.214996,17.76,87.879997,123.492188,195.702469,32.067371,114.585793,159.416367,75.325714,47.833572,59.52,244.690002,225.270004,66.37059,260.47229,67.870003,80.3461,48.056206
2020-02-04,2049.669922,1445.410034,20.870001,107.150002,179.629364,304.258514,66.77813,290.29306,325.707764,209.830002,52.756493,243.699997,150.639435,15.55,246.982269,369.01001,122.303352,279.628754,121.82,123.097542,37.689999,74.502975,93.919998,125.660004,58.823128,143.882568,85.790001,154.279999,63.762264,188.339996,51.077721,63.32,318.095062,38.861069,104.892685,59.470001,272.758942,83.120338,120.080002,27.049999,112.609123,87.860023,272.356384,87.70372,65.133026,114.762199,49.450001,142.345154,101.370102,131.029999,12.56752,126.93,74.253288,55.5,110.799263,163.619995,157.039993,27.237249,24.57,50.720001,17.6,107.584709,167.830719,99.008965,18.408352,53.200001,25.84,39.259838,202.918976,166.476776,88.228157,61.970001,169.070007,90.340469,328.611847,69.61351,215.568695,41.669998,116.654694,142.700363,95.83091,55.20961,92.279999,22.349205,203.26561,10.61,48.29562,360.495239,103.51387,306.391998,182.167648,247.869995,131.621277,90.640297,136.259995,95.66774,84.113716,90.050316,192.167892,177.921402,428.091827,18.25,89.519997,122.106316,199.911774,33.684212,117.504478,157.347702,76.959145,47.724411,58.66,254.729996,231.320007,67.545204,266.310211,70.769997,89.933136,50.024582
2020-02-05,2039.869995,1446.050049,20.049999,107.059998,179.409958,308.300018,65.262245,289.185425,332.232727,210.110001,53.10495,238.539993,153.014282,15.55,250.610092,369.670013,123.049957,294.454559,119.400002,122.359894,38.169998,74.024506,91.839996,126.809998,58.465481,150.530045,86.989998,151.5,65.05159,185.490005,52.156895,63.279999,320.688934,38.861069,106.207458,59.259998,277.358154,85.356979,119.779999,26.58,114.876221,89.184441,286.264587,91.039032,63.93573,116.295418,49.84,144.022964,108.147377,125.940002,12.847241,120.760002,74.886406,56.77,111.746346,165.339996,159.759995,27.923403,25.465,49.57,18.43,108.711937,168.259949,99.518028,18.524982,53.82,25.4,41.277222,205.761536,167.364792,90.192535,66.07,158.639999,91.026901,327.81311,68.84568,216.943695,42.75,117.709579,146.590195,97.478203,57.106575,92.580002,22.477592,202.516693,10.59,48.633076,366.46347,104.301384,312.075378,184.006821,247.809998,132.956268,91.079178,133.960007,96.20253,85.899147,89.940987,196.401978,170.438354,432.474304,18.700001,87.220001,123.402451,200.809494,34.133335,119.177986,157.42688,79.236046,47.962585,58.560001,262.700012,229.910004,67.229347,263.795441,62.93,87.098793,50.700588
2020-02-06,2050.22998,1475.969971,19.879999,108.739998,183.129807,310.609985,67.58065,293.575958,331.743103,210.850006,52.965569,239,152.55719,15.76,254.098022,366.950012,123.179367,291.198639,120.82,121.841553,38.259998,73.725449,93.110001,127.139999,59.866268,148.756058,87.260002,151.110001,66.549194,186.729996,57.681484,62.68,324.440002,39.210003,109.524261,58.98,278.754852,85.898903,121.330002,26.469999,114.488434,89.094818,281.283142,92.074471,63.776085,115.797623,49.32,143.486847,108.117477,126.160004,12.937153,127.739998,75.796524,58.68,108.426559,165.070007,160.529999,27.893568,25.559999,49.48,18.629999,108.642113,168.649246,100.047066,18.5833,54.200001,25.790001,41.207993,206.569427,170.128586,89.894897,64.349998,158.550003,95.433998,328.791565,69.065056,217.451874,41.939999,117.092575,146.540451,97.83522,57.452377,93.169998,22.625731,202.746353,10.76,47.799366,362.428192,103.633492,314.346771,185.020859,252.089996,132.718948,93.064148,134.830002,95.99456,85.49247,90.318687,199.052017,170.896103,436.230713,18.870001,86.809998,127.550102,210.993591,38.474854,117.225563,158.862076,79.46373,47.893116,58.529999,262.089996,232.520004,67.811714,267.457886,64.349998,86.472252,51.446186
2020-02-07,2079.280029,1479.109985,23.24,105.839996,183.389099,313.630005,68.234566,294.07486,325.957581,212.330002,52.985481,240.220001,150.927582,15.45,251.439606,366.769989,123.348602,287.972626,120,120.695206,38.049999,74.253769,92.540001,126.080002,61.127972,145.437302,88.639999,151.630005,65.706177,185.720001,57.66169,61.450001,320.029999,38.59,109.673668,57.889999,274.864014,90.933815,117.110001,25.860001,114.955772,87.501534,275.454865,91.536842,62.329353,115.937004,49.73,143.774765,105.855064,124.25,12.817272,112.599998,76.528572,56.880001,105.336067,166.229996,157,27.80407,25.4,49.639999,19.02,107.953804,168.818939,99.448158,18.69021,53.34,25.1,40.762985,205.103256,171.076462,86.730072,63.16,157.880005,92.280388,326.495117,68.606354,214.034256,41.669998,117.022903,145.655045,98.22982,56.652092,94.449997,22.99114,202.446808,10.65,48.513977,360.106659,103.035378,309.961334,182.754196,247.259995,132.12561,91.019333,134.380005,95.340919,85.462708,90.030441,199.589996,164.288727,436.429474,18.389999,86.949997,122.176109,208.430115,37.347054,113.500008,156.971573,78.345078,47.823647,58.330002,257.149994,231.770004,66.163307,266.948914,62.060001,82.086487,52.619259
2020-02-10,2133.909912,1508.660034,23.65,109.699997,188.185989,313.790009,68.353455,297.098328,333.68161,213.059998,53.493233,246.919998,150.897781,15.66,262.812805,371.070007,124.47348,285.792053,119.860001,121.432846,37.810001,75.310417,92.809998,126.169998,61.227318,146.184769,89.669998,153.429993,66.360764,189.119995,58.602253,62.990002,321.549988,38.970001,110.161728,59.310001,274.205566,93.357658,118.730003,26.73,116.318024,87.929726,275.524567,93.18956,63.865887,114.742294,52.259998,145.154739,107.788582,132.210007,12.897192,111,76.132866,57.330002,106.522415,167.660004,159.929993,27.983067,24.719999,50.369999,19.209999,108.273018,169.637497,99.76757,18.661055,54.490002,24.67,40.495979,204.40509,172.802597,87.900764,63,161.240005,93.653252,329.770081,69.10495,216.445511,43.490002,117.739433,144.759674,98.054436,57.363457,94.580002,23.25779,205.692108,10.51,48.335323,361.969879,102.477142,308.948547,183.589279,248.550003,131.97728,91.049255,135.460007,95.301315,85.641243,90.815651,200.070007,168.089951,437.015808,18.860001,89.199997,123.322701,208.150818,38.015751,116.279999,156.367798,78.335182,47.942738,58.419998,256.309998,232.410004,67.140503,267.876984,61.07,82.792587,52.997028
2020-02-11,2150.800049,1510.060059,21.35,110.43,183.937607,310.679993,67.134804,296.280121,337.518616,207.190002,53.035259,247.919998,151.026962,15.63,267.729889,373.690002,124.41375,289.535858,118.230003,121.23349,38.09,74.542854,92.160004,124.160004,60.790192,149.055054,88.68,154.020004,66.440094,189.110001,58.820068,64.709999,319.609985,39.5,111.695625,59.450001,275.103455,94.589294,117.32,27.110001,116.029663,88.796074,278.872131,94.155304,64.414642,114.891632,53.799999,144.20166,108.496208,137,12.837253,112.389999,75.450279,57.25,106.313057,164.759995,161.699997,28.281395,26.24,50.560001,19.389999,108.961327,167.591141,99.518028,18.670771,55.18,25.110001,41.514557,204.085922,173.960007,89.289711,63.709999,160.029999,94.578445,330.409088,70.151985,217.352219,43.880001,118.78437,143.50618,97.240189,58.37122,95.129997,23.297293,203.645065,10.61,48.365097,366.702606,102.297707,314.808899,182.227295,247.809998,132.531052,91.617813,135.940002,96.053978,85.254402,90.626801,199.940002,172.189697,437.105225,18.889999,88.540001,122.943817,209.287949,38.584641,119.169998,156.941879,78.978653,48.964909,58.389999,263.640015,231.5,68.02887,270.431732,60.200001,84.24456,52.161961
2020-02-12,2160,1518.630005,19.01,110,184.206863,315.119995,66.332275,298.006378,334.311127,210.759995,52.935699,246,150.132645,15.59,272.377106,380.01001,125.040894,302.171112,118.300003,121.652153,37.740002,75.440002,91.139999,123.449997,62.389671,150.051666,88.279999,154.470001,66.45002,189.460007,59.532921,64.989998,327.200012,39.66,110.560143,59.330002,280.371063,96.352989,117.400002,28.389999,117.441628,88.417671,294.902466,95.360001,64.98336,115.339645,53.889999,143.248581,109.333397,138.289993,13.146944,114.019997,76.627495,59.27,105.017044,164.229996,166.110001,28.530001,27.200001,52.25,20.1,108.821663,168.978668,100.106956,18.456947,55.59,25.5,41.474998,206.280182,172.759995,90.99614,66.489998,165.360001,93.623405,333.644073,70.491035,215.299667,45.220001,117.371223,142.769989,97.196342,60.090343,94.510002,23.070148,207.139999,10.95,47.819218,366.393738,103.224785,319.273041,183.778168,251.990005,132.264053,91.198875,136.5,96.974998,85.194893,90.706322,198.720001,175.105301,433.875519,19.74,88.879997,123.16317,214.245331,38.913998,123.050003,157.268509,79.622124,48.885513,58.66,265.100006,234.460007,69.440376,272.846741,60.060001,86.352913,51.973072
2020-02-13,2149.870117,1513.390015,19.045,112.019997,183.209595,318.200012,66.183662,297.19812,335.330322,213.139999,53.18,252.210007,149.138992,15.61,270.618134,381.399994,123.667152,300.896637,119.709999,122.6091,36.93,75.720001,91.019997,124.959999,62.181046,150.37059,89.860001,153.949997,65.537575,188.639999,58.810169,65.889999,324.869995,39.810001,112.651817,59.599998,285.359344,93.948845,119.099998,28.120001,117.610664,88.308136,297.76181,94.519997,65.43235,116.922646,54.529999,143.695343,110.00116,139.050003,12.927162,112.209999,77.102341,59.330002,103.900482,164.770004,165.789993,28.629999,27.09,52.970001,20.25,108.362793,170.366196,102.612381,18.631895,56.5,30.110001,40.75,206.519547,174.880005,89.319473,65.889999,165.160004,93.812431,335.321472,71.009567,216.624863,46.869999,118.923698,141.800003,96.32473,54.518005,95.089996,23.317045,207.399994,10.91,47.997868,366.66275,104.042206,318.555237,183.559464,233.320007,132.066284,92.335991,136.809998,100.110001,85.998337,91.918915,201.190002,177.841797,431.987366,18.879999,89.529999,123.90097,214.345078,39.193451,122.589996,157.377396,78.057991,49.193157,59.380001,265.950012,237.619995,68.680336,272.208038,62.049999,87.446869,51.545597
2020-02-14,2134.870117,1518.72998,19,111.769997,184.845123,318.309998,66.936646,303.634247,338.927551,214.179993,53.720001,283.910004,149.178741,15.89,289.616791,380.399994,125.18026,297.491394,120.82,121.642181,36.509998,76.43,91.879997,126.139999,63.104969,149.065018,90.949997,158.869995,65.835106,189.949997,59.027981,65.620003,324.950012,39.82,112.362968,60.450001,290.91629,92.667953,119.190002,28.879999,115.969994,89.284027,296.715729,94.360001,66.110825,117.370667,55.310001,144.509415,108.994537,130.25,12.817272,113.43,77.369431,58.5,102.604462,164.830002,164.320007,28.23,27.17,53.16,20.77,109.200729,171.074936,103.620529,18.486107,56.540001,31.23,40.529999,206.768906,176.600006,88.892868,64.940002,167.470001,93.822372,340.423615,71.199036,220.739944,46.09,119.86911,141.119995,96.576462,53.589287,95.169998,23.781214,210.289993,10.93,48.275772,369.592072,103.743149,312.458832,182.923203,238.770004,132.531052,92.904549,137.070007,101.279999,86.871216,93.091759,203.830002,175.413788,435.117706,18.91,90.480003,125.256927,214.464767,39.20343,118.989998,159.317398,77.068039,49.381714,59.740002,265.420013,223.470001,68.354607,277.257629,60.970001,89.147476,51.167831
2020-02-18,2155.669922,1519.439941,18.91,117.239998,186.720001,322.049988,66.391724,302.915802,337.108948,217.800003,54.07,296,148.195007,16.24,296.392731,387.779999,125.648132,300.836914,120.379997,123.117477,36.32,76.150002,91.839996,124.870003,63.323532,147.729538,96.389999,162.020004,65.527649,191.089996,58.424038,66.510002,319,39.400002,122.73172,59.299999,295.086487,92.234413,119.449997,28.93,117.830002,88.507294,301.328552,94.309998,64.524399,119.102997,56.889999,142.801834,106.602554,127.150002,12.737351,113.43,76.004265,57.75,104.289284,164.820007,165.419998,29.709999,26.93,53.32,21.23,108.652084,171.254608,104.478958,18.476387,56.650002,30.9,40.919998,207.137924,174.800003,87.335258,66.709999,169.419998,94.598335,340.713135,70.600723,221.128525,45.439999,119.988541,141.009995,95.204529,52.789001,95.870003,23.830593,211.199997,10.77,47.839066,371.066681,101.071564,305.556183,181.034332,236.660004,133.154053,91.986877,138.009995,102.019997,86.891052,94.234779,203.820007,168.398422,432.832062,18.76,90.239998,123.173141,210.903824,39.512829,116.769997,159.248108,76.10778,49.997002,60.169998,261.109985,225.789993,67.426758,280.101746,60.720001,88.212639,50.730412
2020-02-19,2170.219971,1524.869995,18.92,117.360001,187.279999,323.019989,66.728584,304.951385,339.477112,217.490005,53.619999,291.679993,147.996277,16.209999,314.511902,386.190002,124.662621,303.993225,120.440002,121.861481,36.23,75.779999,104.209999,125.440002,63.949417,149.573288,103.93,163.889999,65.170609,192.869995,58.760662,66.699997,323.619995,39.720001,119.853172,60.650002,296.403381,92.756622,119.199997,29.610001,117.389999,88.985283,302.932587,95.129997,65.003319,117.161591,58.900002,142.732346,109.452995,126.559998,12.597489,113.540001,75.381035,59.990002,105.43576,164.839996,164.389999,29.540001,27.6,53.18,21.799999,108.342842,169.437851,102.562462,18.359755,56.560001,31.389999,40.470001,209.761063,176.619995,89.845291,67.370003,173.039993,95.06591,344.028015,71.189064,224.287094,45.84,119.023216,140.830002,94.826935,52.57164,94.349998,23.504686,213.309998,11.06,47.432137,364.819458,102.786163,310.413635,182.426132,240.5,132.580505,92.924507,139.240005,101.419998,86.335587,93.727875,206.639999,172.12999,431.768738,18.700001,90.019997,120.082352,212.579559,39.59267,119.139999,158.09993,77.968903,49.599998,59.470001,266.98999,225.020004,68.660591,284.722229,60.68,88.849121,50.799999
2020-02-20,2153.100098,1516.98999,18.540001,115.900002,184.419998,324.079987,66.381813,300.59079,335.799957,214.580002,53.5,302.51001,147.429886,16.200001,308.515472,386,123.487968,300.826935,119.459999,119.190002,35.849998,76.309998,101.040001,126.580002,63.581833,147.60994,105.290001,164.970001,64.63504,193.360001,59.820038,71.5,320.299988,39.970001,118.797363,58.799999,372.285034,92.845306,118,29.360001,118.260002,88.08905,292.850098,96.529999,64.743904,117.171547,57.27,141.143875,108.129997,124.080002,12.51757,115.129997,75.885551,59,106.941124,164.169998,164.139999,29.780001,28.35,54.389999,21.48,106.896416,169.08847,102.382797,18.495825,56.450001,32.209999,40.549999,205.771515,176,88.763901,65.730003,169.149994,95.503632,343.918213,71.348618,223.659363,44.830002,118.655006,142,94.33606,53.065639,94.919998,23.840467,211.449997,11.06,47.382511,361.929993,103.384277,304.071411,182.326706,242.720001,132.461823,92.824753,138.270004,101.43,86.474449,95.069687,208.339996,167.300003,423.311829,18.469999,88.300003,122.465248,210.784134,39.542767,117.5,158.258301,77.107635,49.849998,59.57,270.790009,228.279999,68.167061,278.295502,60.84,93.791817,51.369999
2020-02-21,2095.969971,1483.459961,18.23,113.540001,178.589996,321.950012,69.0569,296.928711,334.680817,210.179993,53.060001,291.25,148.979996,16.17,293.894226,380.070007,123.995651,300.129944,118.290001,115.71109,35.720001,76.610001,104.970001,126.699997,62.965885,147.50032,101.760002,159.820007,65.091263,189.5,59.126991,70.82,313.049988,40.43,116.755493,58.98,371.08786,93.564575,114.480003,30.940001,117.010002,87.08329,293.617249,97,63.855907,118.057625,53.279999,140.329803,105.080002,119.379997,12.237847,116.029999,76.212013,56.990002,108.755547,164.639999,163.429993,30.309999,27.82,53.700001,21.09,105.998627,168.389725,103.141411,18.466667,55.349998,32.43,40.849998,206.958405,173.880005,86.343155,65.489998,163.309998,94.339684,339.175537,69.942581,223.489975,45.130001,118.699997,142.039993,95.355568,51.376156,94.839996,23.850344,208.809998,10.85,47.600864,365.01001,101.430435,299.410645,180.65654,238.389999,133.460617,92.435738,137.020004,102.43,86.315742,95.3778,207.399994,161.119995,425.130402,17.879999,86.25,122.245903,208.739334,39.133568,114.629997,156.813202,76.35527,49.720001,59.139999,261.420013,223.460007,66.11396,271.269989,59.48,91.92215,51.380001
2020-02-24,2009.290039,1419.859985,18.59,114.260002,170.889999,313.619995,72.227379,285.812714,322.899933,200.720001,51.669998,294.049988,145.910004,15.88,273.116638,368.700012,123.42823,276.591919,114.809998,111.584251,34.669998,75.510002,101.790001,123.300003,61.902878,139.547256,105.010002,154.020004,63.444893,185.940002,57.562679,67.150002,298.179993,39.66,113.378929,55.919998,362.158844,91.771317,108.699997,30.67,113.779999,84.275116,276.471069,94.93,62.000095,115.807579,49.119999,139.108673,100.129997,116.989998,11.848234,113.019997,74.728134,55.009998,109.842209,167.190002,158.080002,30.27,27.129999,51.330002,20.18,103.035934,167.281693,101.78389,18.155649,53.369999,31.629999,37.57,201.991409,169.830002,82.66243,59.349998,160.289993,91.593956,324.168732,67.469566,214.771576,42.25,116.220001,138.149994,92.246696,49.498951,95.32,23.642952,198.789993,10.2,47.660416,359.390015,97.363251,286.726257,175.765335,227.399994,131.383942,89.303673,136.020004,102.300003,85.145294,94.632347,201.539993,153.729996,416.733154,17.35,84.230003,121.627739,198.275925,38.315166,111.190002,152.586792,73.266609,48.82,58.84,243.270004,213.75,62.738174,266.26001,58.580002,89.117638,50.189999
2020-02-25,1972.73999,1386.319946,23.76,118.400002,168.070007,304.869995,69.453209,284.186218,309.390411,196.770004,50.43,283.959991,144.649994,15.04,261.893341,360.089996,121.397476,262.254028,110.139999,108.304703,33.93,74.760002,104.400002,121.43,59.12117,132.550964,107.080002,149.960007,61.62991,181.270004,54.889488,64.639999,288.079987,38.66,108.717476,54.720001,367.795593,87.869514,105.050003,30.370001,111.720001,80.789787,266.408508,92.93,59.445862,113.886078,47.57,137.976898,97.18,118.669998,11.308769,110.970001,73.25415,52.099998,107.01091,167.850006,150.059998,29.67,25.27,49.889999,19.4,101.998489,162.530167,101.175003,17.32951,51.080002,29.75,34.950001,194.271606,165.809998,79.586899,55.950001,159.899994,86.858566,302.422363,66.043587,205.564941,40.669998,113.739998,135.410004,87.356827,48.214546,93.769997,22.951635,188.399994,9.79,47.521465,339.970001,95.170158,277.955322,169.889923,220,126.696594,86.770096,133.350006,99.269997,82.834152,92.813454,195.289993,147.410004,397.861633,16.620001,81.309998,121.737411,190.944565,37.257233,106.169998,148.043625,70.138351,47.630001,58.009998,232.160004,205.990005,58.760281,260.029999,56.84,85.358414,49.080002
2020-02-26,1979.589966,1390.469971,29.16,116.860001,170.169998,305.690002,74.010765,279.486389,308.920776,197.199997,50.310001,278.25,143.679993,14.98,267.48999,379.23999,120.382103,261.865692,108.57,106.460587,34.720001,74.43,106.669998,120.160004,58.982082,127.936584,106.879997,147.490005,61.530735,178.869995,54.463757,64.57,292.649994,38.869999,110.380852,55.02,365.810272,87.110832,106.260002,31.879999,110.660004,81.018829,267.155731,93.709999,58.637684,113.27877,47.490002,137.2621,94.769997,112.709999,10.939137,109.470001,72.08683,52.369999,106.871338,168.029999,149.389999,28.75,25.450001,50.689999,18.690001,101.389992,163.238907,99.870003,17.475298,49.349998,29.26,34.860001,193.922516,165.919998,79.031319,54.389999,160.160004,84.55056,297.579865,64.24865,200.931747,40.220001,112.089996,133.529999,87.08622,47.898384,92.540001,22.922009,187.210007,9.47,46.290749,334.320007,95.36953,281.101868,164.779999,217.809998,123.344269,86.809998,133.360001,98.940002,81.713295,92.892967,190.970001,147.270004,398.398285,15.86,83.040001,123.442337,188.809982,37.347054,103.809998,145.37117,69.435478,47.049999,57.830002,224.300003,203.139999,58.849117,261.01001,53.82,85.179398,46.860001
2020-02-27,1884.300049,1314.949951,26.16,135.149994,158.179993,293.130005,71.989601,268.190765,296.850098,189.75,46.34,281.480011,139.119995,15.28,252.600006,371.709991,113.105225,252.82486,109.370003,102.642754,34.099998,71.860001,105.540001,113.5,57.948883,126.93,113.550003,144.429993,59.090927,172.149994,51.731167,62.740002,273.519989,37.66,104.693481,52.450001,347.044342,84.164764,102.639999,28.790001,105.620003,78.857933,256.90387,86.589996,55.395,109.913658,44.009998,133.04277,89.879997,110.029999,10.379693,107.839996,68.931114,50.580002,101.418114,168.699997,142.740005,28.360001,25.459999,57.919998,18.42,98.975945,155.51268,95.5,16.901859,47.279999,27.690001,32.720001,183.001099,162.720001,75.340675,52.619999,153.690002,79.506775,285.378723,62.324085,194.146332,39.099998,107.199997,129.190002,83.184395,46.307701,89.449997,21.223351,180.009995,8.91,45.357788,331.570007,92.289238,269.371277,159.619995,213.929993,116.698921,84.269997,129.850006,94.989998,79.12442,88.976868,175.660004,147.990005,382.200012,15.06,79.910004,120.870003,182.279999,37.007721,97.559998,139.976791,68.683113,45.139999,54.950001,211.369995,193.179993,54.456654,244.070007,54.900002,80.356049,44.189999
2020-02-28,1883.75,1339.25,25.93,124.959999,162.009995,281.140015,68.720039,265.277069,290.574982,192.470001,43.009998,276,134.479996,16.75,270.070007,369.029999,110.307945,253.860382,108.330002,103.061417,33.419998,69.519997,105.660004,113.230003,57.750187,127.010002,105,141.970001,58.575195,170.399994,51.602455,63.349998,273.359985,37.439999,102.243233,51.529999,338.664063,84.4505,102.059998,29.200001,103,76.706985,256.136749,84.32,55.5,107.205643,45.48,130.243134,90.709999,113.669998,10.869206,107.480003,65.933678,52.560001,96.17424,159.419998,139.490005,28.129999,25.01,57.810001,18.59,95.813744,154.833893,96.489998,16.707474,45.23,27.059999,33.25,179.979004,158.960007,77.682053,53.02,149.75,79.715691,289.80188,61.237152,189.901718,42.740002,103.25,126.129997,82.183762,46.159504,86.889999,20.867817,181.759995,8.9,44.782127,328.839996,91.392059,268.063477,159.809998,210.970001,110.429359,83.470001,125.889999,91.699997,74.442627,85.93544,172.380005,153.710007,369.869995,15.26,79.309998,114,183.600006,37.386978,100.18,138.353531,67.425873,43.110001,52.119999,208.160004,193.119995,54.841614,240.029999,56.259998,81.400276,42.990002
2020-03-02,1953.949951,1386.319946,29.879999,124.489998,172.789993,309.140015,74.704315,280.574036,304.72403,196.440002,45.439999,285.730011,140.020004,16.889999,276.429993,381.049988,116.499771,271.932068,110.639999,108.434288,34.880001,74.959999,111.860001,119.559998,60.194115,135.050003,113.110001,144.050003,59.844688,176.759995,53.483589,67.620003,298.809998,39.110001,109.623863,53.34,346.705139,87.386711,110.099998,31.01,109.059998,81.267776,270.26416,87.160004,57.630001,115.369514,47.459999,140.081619,95.220001,114.669998,11.198879,112.059998,68.931114,54.59,99.743271,172.009995,147.080002,29.68,26.700001,58.84,19.290001,100.312645,162.839615,99.449997,17.251755,47.099998,28.620001,34.189999,190.720901,168.75,79.92421,55.439999,158.529999,82.212715,306.266388,64.138962,196.507782,43.759998,107.889999,132.839996,84.373817,46.999302,86.650002,22.00355,192.330002,9.1,47.620712,335.98999,94.631851,280.207062,160.339996,221.710007,115.344139,87.18,128.559998,96.669998,78.876442,93.052002,177.220001,158.740005,381.350006,15.76,78.470001,118.18,193.330002,37.19735,104.269997,140.778519,68.000046,45.43,55.360001,216.75,196.589996,59.263687,259.519989,54.919998,83.836823,46.189999
2020-03-03,1908.98999,1337.719971,27.91,123.580002,164.509995,302.730011,73.525291,267.661926,310.119843,185.889999,45.310001,272.880005,135.589996,15.89,265.890015,368.769989,112.199341,260.272583,108.709999,106.061859,34.299999,73.059998,108.309998,118.169998,58.366135,128.770004,117.470001,141.5,58.714046,169.369995,52.434116,68.290001,289.320007,38.139999,108.896759,52.470001,338.674042,86.283173,103.529999,28.25,105.839996,77.662956,255.429382,85.870003,55.23,112.412605,46.75,139.773834,89.410004,108.620003,10.869206,111.220001,67.763794,51.799999,102.793884,167.869995,141.360001,29.34,24.290001,58.209999,18.74,99.943558,160.114471,98.25,17.193439,45.560001,29.030001,32.580002,193.413849,165.240005,77.939995,54.029999,150.5,82.541008,291.549164,63.630398,188.148071,41.98,106.540001,130.309998,83.404655,45.359219,85.5,21.973921,185.729996,8.78,47.521465,329.380005,92.678009,269.666229,157.339996,209.309998,111.764359,85.910004,128.570007,95.610001,77.229881,92.400002,177.589996,153.809998,377.399994,15.2,71.059998,117.209999,188.389999,36.738247,99.629997,139.580887,65.188568,44.189999,54.77,198.630005,191.75,56.193901,252.869995,53.740002,82.335114,45.959999
2020-03-04,1975.829956,1381.599976,27.49,124.639999,170.550003,320.73999,75.308685,284.934601,326.387268,191.759995,48.450001,283.869995,143.479996,15.38,284.51001,383.790009,119.745003,288.171753,109.43,109.779999,36.400002,76.470001,109.300003,124.5,62.141308,135.229996,116.800003,144.119995,60.97533,175.690002,54.087536,73.629997,302.73999,40.080002,111.884872,54.889999,341.088379,90.401749,107.050003,30.75,107.82,81.745766,295.320923,90.379997,57.09,116.255592,50.110001,147.180008,93.260002,109.610001,10.939137,119.419998,69.890686,55.290001,103.800789,172.520004,147.889999,30.959999,27.639999,62.459999,19.889999,102.20797,168.87883,101.709999,17.523895,46.43,29.700001,33.59,203.806656,174.820007,81.800003,62.459999,153.380005,86.74913,301.893158,64.378281,197.683502,44.529999,112.900002,140.380005,87.501572,45.784061,88.089996,23.089899,194.289993,8.99,52.325222,346.970001,96.695351,280.679047,162.169998,216.039993,117.984474,91.059998,134.190002,101.650002,80.58252,98.540001,185.960007,160.710007,402.029999,15.58,73.230003,118.589996,193.399994,38.105576,103.360001,146.331268,66.327019,46.82,57.860001,202.380005,201.630005,58.375324,269.579987,55.290001,85.79599,47.5
2020-03-05,1924.030029,1314.76001,28.01,134.330002,166.270004,315.76001,75.427574,286.561096,312.647919,185.169998,47.57,286.970001,142.009995,15.01,273.290009,372.779999,117.709999,281.739594,103.239998,116.459999,35.459999,75.029999,106.830002,121.629997,61.118038,127.830002,125,146.539993,60.003376,169.600006,51.958881,71.209999,292.920013,40.720001,107.14373,51.68,332.249146,89.278496,104,30.57,105.970001,80.18235,286.095245,86.970001,54.439999,115.40934,48.110001,143.309998,88.68,106.440002,10.07,117.269997,66.922928,53.720001,106.263206,175.850006,138.210007,33.470001,28.42,62.130001,19.18,100.362526,164.676346,102.269997,17.251755,44.82,28.809999,31.26,198.390839,170.75,79.169998,59.720001,151.919998,83.854179,290.281128,61.645996,188.915298,44.389999,111.129997,140.149994,79.57206,43.402973,86.360001,23.149155,186.960007,8.59,52.702374,327.779999,93.126595,269.459747,154.960007,203.759995,114.968369,87.650002,127.419998,100.129997,79.213692,97.440002,182.770004,156.690002,384.700012,15.13,73,115.949997,189.619995,37.297153,98.589996,140.313324,61.773228,46.130001,57.389999,185.059998,196.559998,56.963814,252.610001,54.849998,84.30423,46.580002
2020-03-06,1901.089966,1295.73999,29.610001,135.899994,161.570007,311.339996,79.479843,275.584808,310.92923,181.089996,46.669998,286.559998,142.029999,14.68,266.040009,368.970001,117.129997,282.645691,103.809998,117.910004,35.02,74.68,109.279999,121.660004,59.578167,127.199997,114.32,146.25,59.814934,164.080002,50.760899,62.82,289.029999,39.75,105.261223,48.91,335.621216,87.514801,99.5,29.459999,105.949997,81.397232,281.143677,85.809998,52.470001,116.713577,48.59,146.460007,86.959999,102.019997,9.4,117.690002,66.230446,51.470001,104.319191,173.259995,136.050003,32.040001,27.84,60.650002,18.65,95.723961,163.079178,100.730003,16.901859,42.759998,26.4,30.08,193.902573,166.080002,77.470001,58.560001,141.330002,80.999016,286.566895,62.25,185.208725,41.91,111.25,141.460007,79.597229,43.472134,83.370003,22.734367,184.360001,8.09,51.372406,328.959991,92.269295,264.946472,156.089996,202.740005,114.829926,85.379997,123.650002,99.050003,80.691635,96.360001,179.070007,155.679993,382.470001,15.08,71.550003,116.769997,191.949997,37.40694,95.709999,140.422195,59.526028,45.169998,57.490002,174.440002,190.779999,54.022346,238.470001,53.740002,82.146156,46.43
2020-03-09,1800.609985,1215.790039,24.290001,133.539993,150.619995,301.980011,72.841652,259.479614,295.12146,169.5,44.049999,266.519989,136.440002,13.04,245.440002,346.48999,112.07,272.260681,97.129997,115.949997,33.759998,70.739998,108.360001,116.059998,56.975281,116.739998,113.75,139,57.186687,151.210007,47.454063,61.299999,266.170013,38.279999,97.143517,44.049999,335.880615,84.016968,87.139999,24.84,104.029999,76.697021,268.81955,83.269997,47.759998,116.643883,43.27,141.320007,77.959999,96.260002,8.21,113.879997,60.591713,45.970001,98.536972,174.899994,124,31.25,24.540001,58.5,17.709999,88.791061,147.656693,96.449997,15.910493,39.169998,23.01,26.610001,183.360153,154.5,72.639999,55.360001,124.32,71.57798,261.605469,58.549999,172.006577,39.32,105.129997,135.720001,72.599121,39.381802,73.379997,20.976452,171.130005,7.28,49.824089,313.279999,85.261375,243.579666,135.839996,185.259995,101.3909,78.400002,114.199997,94.580002,76.357002,92.559998,164.240005,144.919998,352.029999,13.62,68.019997,111.769997,177.899994,33.793999,88.32,126.4562,52.131058,41.91,54.16,148.149994,185.690002,46.787125,210.850006,49.73,72.55912,43.599998
2020-03-10,1891.819946,1275.170044,22.34,146.070007,160.919998,309.399994,71.672546,269.078857,307.461914,178.190002,44.41,279.179993,141.639999,12.93,261.079987,364.130005,113.459999,278.792389,103.959999,114.779999,34.59,72.769997,109.940002,120.550003,60.313328,120.870003,108.489998,146.309998,57.454472,161.339996,49.216389,59.939999,285.339996,40.349998,102.382675,47.490002,343.143555,86.243759,90.720001,25.99,108.330002,80.54084,284.989349,86.07,50.029999,119.262299,45.380001,141.020004,81.480003,97.300003,8.85,118.75,61.749138,47.860001,97.061508,175,130.820007,32.599998,27.24,57.970001,18.389999,90.087852,156.460999,97.68,15.959088,41.5,23.74,28.959999,190.351868,161.710007,78.889999,60.369999,128.800003,76.770996,280.13681,57.91,182.89711,41.009998,105.43,141.190002,75.122719,42.968254,72.730003,21.49,182.600006,7.85,50.876152,334.890015,90.205795,258.505951,146.820007,202.190002,106.81002,82.980003,118.220001,95.050003,77,91.139999,165.320007,154.570007,367.170013,14.47,72.209999,110.900002,187.380005,35.40086,95.790001,129.267227,56.160179,43.119999,54,161.970001,199.960007,49.30415,227.600006,48.959999,74.776871,45.27
2020-03-11,1820.859985,1210.900024,23.610001,137.399994,153.630005,297.429993,73.019997,260.557251,289.156097,170.240005,40.029999,252.419998,131.800003,12.23,246.470001,349.920013,109.970001,276.58194,103.720001,114.800003,32.169998,68.410004,111.040001,111.589996,58.942348,112.589996,110.300003,144.380005,56.046124,154.570007,48.166916,57.299999,275.429993,38.43,97.581779,46.049999,331.880005,83.603142,87.949997,23.790001,105.580002,77.762535,280.645538,84.959999,46.060001,113.925903,45.700001,134.160004,73.400002,90.629997,8.21,119.050003,54.557274,43.720001,87.750145,169.399994,125.419998,30.59,25.16,50.23,17.32,88.93071,151.409988,93.730003,15.453684,38.049999,21.719999,26.23,186.093018,153.610001,74.620003,57.950001,120.870003,70.881607,269.343506,55.73,174.985779,36.869999,102.849998,140.020004,67.658905,39.964722,71.43,19.6,172.949997,7.89,50.092068,317.850006,84.005333,241.858902,141.559998,191.300003,102.953354,77.970001,112.800003,90.940002,73.68,87.790001,155.070007,144.919998,356.929993,13.72,65.699997,106.349998,172.509995,33.774036,89.839996,121.695282,53.645691,39.810001,51.59,148.75,182.199997,44.556343,211.259995,45.049999,69.685005,43.77
2020-03-12,1676.609985,1111.550049,22.299999,118.800003,139.059998,279.850006,68.580002,237.427231,284.100006,154.470001,36.700001,247.639999,125.410004,10.6,216.309998,315.25,97.739998,249.330002,94.5,105.059998,30.02,63.41,103.050003,101.839996,54.203514,101.510002,109.470001,133.210007,52.31699,140.589996,41.969074,47.220001,248.229996,34.369999,85.460007,44.009998,317.109985,77.454834,75.809998,19.99,92.620003,74.426582,255.259995,80.489998,42.509998,103.591637,39.009998,122.309998,62.32,78.809998,7.23,108.360001,43.042374,38.810001,80.642006,158.699997,113.010002,29.120001,24.209999,44.040001,15.25,82.566399,139.490005,83.889999,13.85,38.470001,17.299999,22.08,164.629181,136.119995,67.019997,57.130001,115.720001,63.171677,241.127136,49.970001,153.692947,35.389999,94.68,126.019997,64.505981,35.479187,63.360001,16.73,160.080002,7.08,47.32296,290.5,74.884071,215.123352,132.050003,161.509995,90.167,75.470001,107.160004,80.480003,63.790001,82.620003,131.429993,125.360001,311.380005,11.61,60.169998,93.470001,157.350006,31.618246,80.550003,103.20591,47.636662,35.27,48.18,136.960007,162.889999,38.604313,193.339996,38.830002,64.790001,40.130001
2020-03-13,1785,1214.27002,21.299999,127.949997,158.830002,302.269989,70.75,260.686981,300.119995,170.279999,38.43,244.020004,134.289993,10.93,240.839996,336.299988,105.32,272.040009,93.199997,113.669998,32.709999,63.290001,107.900002,114.07,58.654243,104.279999,107.470001,138.399994,54.538605,147.779999,47.147141,51.869999,277.970001,37.82,90.309998,47.919998,316.630005,84.115501,82.639999,20.73,101.019997,81.30761,270.339996,90,44.98,113.597359,43.900002,134.179993,69.970001,80.949997,7.85,116.620003,46.564114,42.990002,71.549965,167.770004,118.709999,30.709999,25.27,49.009998,16.77,89.040443,145.610001,88.730003,14.65,37.209999,17.139999,25.870001,179.600006,149.729996,75.809998,63.57,120.839996,68.454216,269.59314,53.150002,163.706665,35.630001,100.669998,139.369995,66.331024,40.310524,63.849998,17.92,175.830002,7.47,48.910976,314.5,79.349998,230.305298,143.850006,184.020004,96.440002,80.989998,112.290001,85.769997,66.620003,88.529999,132.979996,145.369995,328.589996,11.89,64.43,94.800003,172.220001,33.09536,83,105.828873,58.268784,36.360001,50.900002,156.669998,176.759995,41.27927,213.070007,44.240002,68.010002,40.130001
2020-03-16,1689.150024,1073,26.49,116.739998,135.419998,283.179993,68.900002,222.948486,279.350006,146.009995,33.470001,202.300003,127.129997,9.12,196.399994,298.839996,99.889999,225.039993,85.57,110.739998,30.18,60.43,107.470001,108.5,52.415272,84.449997,107.860001,120.93,50.690453,124.300003,43.780903,43.189999,242.210007,35.75,78,38.939999,286.320007,73.178612,75.699997,17.280001,93.790001,73.35112,224.039993,80.5,38.310001,106.289696,38.709999,134.710007,55.77,63.84,6.66,108.010002,37.34428,34.470001,81.180351,174.690002,102.360001,31.1,20.17,41.650002,14.46,81.399284,130.059998,81.129997,12.37,35.060001,13.74,22.51,166.119995,137.929993,64.480003,54.029999,109.57,57.113163,235.286163,50.52,143.310577,31.65,93.68,129.380005,57.22467,39.569519,52.439999,13.72,152.009995,6.67,48.930828,282.589996,68.339996,184.444824,125.099998,166.080002,83.029999,71.57,94.5,76.580002,63.16,77.18,124.75,129.5,287.940002,9.07,54.740002,82.699997,148.979996,30.839766,67.900002,87.71563,47.240681,30.51,47.560001,130.979996,157.039993,32.839821,185.399994,37.73,58.959999,34.77
2020-03-17,1807.839966,1118.060059,28.18,118.239998,146.570007,306.98999,74.519997,238.654572,296.309998,149.419998,40.040001,198.740005,136.589996,9.23,217.270004,319.75,108.93,244.220001,83.370003,127.459999,32.16,68.690002,116.559998,118.239998,55.793056,77.459999,111.099998,132.940002,53.645992,135.419998,47.285748,42.400002,252.860001,38.110001,81.379997,42.91,298.73999,71.946976,78.019997,22.200001,103.629997,79.15667,238.320007,89.5,39.310001,118.734634,41.880001,144.070007,62.5,69.459999,7.08,116.470001,34.683193,37.380001,88.358276,197.880005,107.690002,33,22.48,42.119999,14.76,89.160141,144.710007,86.709999,11.76,40.02,13.69,26.1,169.5,161.429993,68.860001,57.990002,137.139999,62.047516,237.512726,57.959999,139.653839,34.380001,108.089996,143.199997,58.426685,41.594925,53.130001,14.97,157.889999,6.64,53.436832,319.329987,71.330002,196.17543,128.630005,180.660004,88.379997,80.510002,100.720001,86,77.57,87.209999,124.449997,149.630005,318.829987,9.16,60.860001,88.540001,153.740005,32.546432,77.779999,97.376022,49.428482,36,52.369999,149.369995,168.199997,33.609737,202.089996,36.09,67.059998,37.709999
2020-03-18,1830,1091.189941,31.58,136.929993,140.399994,307.5,79.419998,224.584961,302.980011,146.960007,40.59,191.160004,134.960007,9.64,202.820007,315.470001,102.459999,217.059998,74.339996,130.5,32.360001,69.379997,114.690002,117.449997,55.226784,68.129997,118.709999,140.529999,49.827599,132.240005,45.246208,32.639999,246.669998,37.02,77.760002,36.950001,290,69.986221,76.519997,22.969999,102.82,78.927635,206.960007,84.970001,34.32,122.040009,39.119999,134.350006,57.950001,67.5,6.6,106.620003,30.904245,34.689999,69.426498,190.949997,89.879997,33.91,23,39.25,14.68,93.549324,135.110001,84.339996,8.99,38.400002,10.33,23.450001,156.529999,151.75,61.189999,52.68,134.889999,53.800385,227.578079,54.59,138.498032,33.209999,105.839996,143.089996,49.968533,41.78265,45.009998,13.98,148.479996,5.3,50.101994,323,68.410004,165.064255,115.080002,185.470001,77,84.589996,94.050003,79.279999,76.080002,86.25,121.25,132.020004,333.410004,8.76,58.84,75.849998,156.240005,28.404522,72.099998,101.355003,44.765789,33.040001,48.970001,150.509995,177,28.812576,174.350006,36.82,68.639999,33.040001
2020-03-19,1880.930054,1111.670044,28.27,139.630005,142.710007,305.220001,78.550003,215.424744,280.839996,153.130005,39.52,206.240005,127.050003,11.65,212.970001,332.029999,99.849998,219.800003,88.010002,125.309998,30.42,66.699997,103.510002,110.830002,53.776321,83.5,123.769997,147.639999,48.3895,139.460007,43.355175,36.970001,244.779999,35.599998,75.910004,40.610001,323.140015,70.015778,86.160004,24.459999,100.5,74.187592,200.869995,86,38.049999,119.449997,39.82,126.410004,60.560001,74.120003,6.48,106.360001,36.711159,36.290001,74.181877,191.779999,90.620003,34.18,21.620001,34.66,15.17,89.220001,136.479996,82.900002,10.62,39.150002,12.04,25.16,159.580002,136.100006,65,53.599998,142.380005,55.73035,226.799286,56.509998,148.960114,34.759998,98.510002,133.089996,52.712399,38.097397,48.810001,14.97,152.25,6.78,47.14431,296.910004,68.760002,191.199997,121.650002,185.070007,85.410004,78.169998,96.089996,75.050003,73.879997,77.050003,123.059998,127.360001,314.200012,10.21,62.189999,82.910004,156.509995,29.272827,77.279999,100,46.161629,32.41,45.029999,168.169998,177.880005,30.934776,177.910004,40.419998,61.939999,35.009998
2020-03-20,1846.089966,1068.209961,28.200001,141.740005,137.350006,290.420013,73.260002,201.405014,278.369995,149.729996,34.919998,209.5,119.889999,12.48,205.75,332.829987,98.309998,206.589996,81.519997,119.330002,29.01,65.75,100.269997,102.43,51.709911,78.5,130.550003,133.449997,48.002701,139.350006,42.899742,35.889999,229.240005,35,72.510002,39.200001,299.950012,67.808701,84.910004,22.379999,97.400002,67.714851,191.589996,80.610001,35.68,113.970001,39.610001,118.279999,59.639999,76.129997,6.52,100.150002,34.950291,36.110001,71.400429,177.399994,91.669998,31.77,22.549999,31.690001,15.15,80.709999,124.25,78.190002,10.39,40.16,11.6,25.52,141.880005,114.339996,60.91,48.849998,141.419998,52.04948,211.093582,48.849998,138.876663,33.369999,86.199997,122.400002,51.938328,35.805229,47.630001,14.07,146.830002,6.95,44.960781,284.019989,70.040001,192.220001,117.839996,179.380005,83,75.75,90.669998,68.400002,63.5,68.339996,119.699997,114.019997,291.220001,9.73,56.880001,79.690002,151,29.133101,73.669998,99.639999,46.201225,31,40.700001,150.639999,164.479996,30.648525,175.800003,38.220001,53.450001,32.610001
2020-03-23,1902.829956,1054.130005,26.57,167.440002,135.979996,285.529999,72.610001,194.300369,255.300003,148.100006,32.650002,210.300003,111.139999,12.03,212.690002,360.269989,87.870003,194.860001,86.5,121.599998,28.49,60.869999,115.970001,97.699997,56.101032,78.760002,159.559998,132,46.019119,140.520004,40.592876,33.82,224.369995,31.57,70.830002,40.689999,323.869995,63.552181,85.900002,22.280001,96.690002,62.556572,174.679993,73.93,35.82,114.279999,41.639999,112.339996,65.510002,89.459999,6.11,109.82,35.880188,38.25,76.734024,170.139999,84,31.08,21.16,33.029999,15.34,74.879997,121.18,72.650002,8.08,38.290001,11.96,24.809999,125.220001,121.360001,62.529999,45.549999,136.389999,51.651546,202.986115,46.48,126.043167,35,80.5,119.050003,47.16803,34.925903,47.709999,13.01,135.740005,6.81,42.608528,269.859985,69,193.470001,114.040001,170.720001,76.809998,71.809998,91.879997,64.150002,60.259998,62.23,105.639999,116.360001,276.799988,10.81,55.740002,76.540001,144.380005,29.16304,74.949997,93.419998,42.775978,29.98,39.990002,143.210007,161.880005,33.925598,165.089996,40.639999,50.900002,28.370001
2020-03-24,1940.099976,1130.01001,25.82,162.020004,148.339996,284.940002,73.959999,233.316116,282.029999,160.979996,36.59,236.210007,119.18,12.29,249.179993,357.320007,92.07,219.800003,95.540001,122,29.700001,62.75,122.589996,103.269997,54.074364,86.75,135.179993,144.929993,48.835804,153.639999,43.107655,39.459999,246.880005,33.810001,78.459999,46,343.559998,66.498238,99.779999,23.9,100.559998,69.397766,196.839996,79.849998,38.720001,115.029999,46.220001,117.379997,75.720001,97.199997,7.01,112.220001,38.561062,43.27,95.057671,168.320007,96.910004,30.15,22.9,38.130001,15.85,86.279999,137.279999,75.339996,9.87,40.950001,16.200001,26.24,152.970001,135.059998,65.459999,48.73,139.759995,61.331242,236.703979,48.970001,142.921997,38.060001,88.589996,122.889999,54.600376,37.820755,55.040001,14.23,154.529999,7.43,43.174263,281.279999,74.150002,212.759995,128.869995,180.550003,86.519997,73.910004,101.669998,71.5,67.260002,71.440002,123.82,136.360001,288.910004,12.36,64.489998,78.150002,157.830002,31.728033,87.290001,104.029999,48.082142,34.509998,43.860001,158.369995,186.559998,39.946728,195.75,46.73,56.029999,33.330002
2020-03-25,1885.839966,1101.619995,27.129999,142.110001,146.919998,280.859985,69.660004,232.078781,271.679993,156.210007,38.52,239.330002,119.400002,12.77,245.619995,342.390015,90.940002,234.490005,98.07,126.660004,29.75,60.299999,110.669998,100.919998,52.524555,92.599998,138.110001,134.309998,48.944901,147.059998,41.830463,42.93,245.520004,32.59,86.120003,48.330002,321.450012,66.912071,96.940002,23.4,91.040001,70.453316,216.369995,75.349998,42.130001,109.400002,44.630001,116.360001,74.93,94.849998,7.56,109.720001,45.159374,42.5,92.834511,165.660004,104.879997,27.940001,23.09,41.290001,15.77,95.580002,134.300003,71.470001,11.2,40.439999,18.16,26.35,151.779999,135.710007,63.080002,52.290001,131.119995,66.971924,256.084015,52.09,152.497284,38.060001,90.300003,121.940002,60.534927,37.237831,56.330002,15.93,161.779999,7.96,41.099911,288.359985,74.919998,217.550003,132.910004,186.229996,92.480003,73.57,101.309998,74.709999,68,71.900002,126.610001,137.470001,319.670013,12.55,64.580002,80,167.759995,32.436646,85.339996,114.019997,48.884007,34.549999,44.18,165,188.330002,41.091728,207.130005,46.950001,60.02,35.389999
2020-03-26,1955.48999,1162.920044,27.940001,159.5,156.110001,292.299988,73.860001,247.854706,283.149994,163.339996,42.25,250.210007,126.57,13.85,257.23999,362.98999,97.68,255.389999,104.839996,137.809998,31.75,62.900002,112.699997,107.379997,57.342865,94.440002,141.149994,147.089996,51.821095,154.729996,44.949188,43.919998,258.440002,33.689999,92.559998,50.43,338.51001,72.745079,99.440002,23.309999,96.07,75.492096,235.669998,84.160004,44.509998,109.82,47.5,124.010002,74.519997,89.75,8.12,115.25,52.90522,44.790001,92.196472,173.110001,110.550003,29,23.52,41.880001,17.280001,102.199997,142.100006,78.32,11.92,43.099998,18.790001,28.389999,161.690002,146.520004,68.980003,58.299999,142.720001,71.180054,262.773651,55.279999,162.740158,39.52,96.269997,134.350006,65.852737,41.940727,58.84,17.559999,168.880005,8.16,43.263588,321.190002,79.169998,243.169998,142.490005,197.509995,97.980003,80.169998,113.220001,81.190002,72.93,78.739998,140.690002,149.759995,350.329987,14,67.010002,90.82,172.979996,32.805923,92.959999,123.599998,48.923603,36.59,47.900002,171.529999,200.570007,43.717335,224.330002,49.720001,60.459999,34.73
2020-03-27,1900.099976,1110.26001,30.049999,164.160004,149.699997,284.329987,72.849998,229.195007,274.339996,156.789993,40.419998,262.959991,123.160004,13.42,252.729996,357.119995,95.300003,242.449997,100.949997,140.039993,30.9,61.970001,108.949997,110.169998,56.58783,87.330002,151.699997,145.550003,52.356663,146,43.939316,41.599998,247.740005,34.259998,93.440002,48.919998,338.73999,71.602119,97.279999,22.18,94.739998,74.247337,222.960007,81.779999,42.389999,109.580002,46.580002,124.889999,68.199997,87.449997,7.62,111.699997,49.907787,43.48,90.282356,173.190002,107.139999,29.129999,24.23,38.669998,17.23,99.529999,137.770004,74.940002,11.29,41.580002,16.09,27.889999,157.479996,141.949997,66.589996,55.099998,146.470001,71.418816,247.267639,54.5,158.645004,38.830002,97.410004,134.110001,61.13908,39.74736,57.25,17.68,161.559998,7.81,43.859093,312.149994,74.269997,230.690002,139.050003,184.570007,97.529999,79.790001,111.349998,80.190002,72.970001,80.959999,144.880005,142.240005,348.380005,12.69,64.849998,90.889999,160.679993,32.047409,87.089996,121.129997,48.171238,35.5,47.75,159.339996,191.289993,41.703712,220.190002,49.369999,55.02,31.129999
2020-03-30,1963.949951,1146.310059,30.48,163.559998,160.229996,291.119995,75.93,237.536987,284.959991,165.949997,43.049999,278,133.009995,14,265.589996,370.959991,94.599998,251.279999,101.93,145.910004,32.669998,64.809998,112.690002,115,58.087967,90.959999,150.880005,157.940002,53.943527,149.850006,47.958996,40.5,254.809998,35.84,93.43,50.450001,346.75,74.134354,100.949997,23.16,96.010002,79.007294,230.580002,88.099998,43.73,115.190002,47.860001,132.429993,68.989998,89.610001,7.89,118.510002,45.851849,44.52,91.398926,174.479996,112.980003,29.65,27.1,38.669998,17.77,101.580002,146.869995,77.389999,10.64,42.689999,15.96,29,161.399994,154.210007,69.029999,57.709999,150.520004,73.129921,252.858994,56.630001,162.960007,41.32,102.82,138.440002,61.98238,40.231483,57.639999,17.59,165.570007,8.06,46.181572,313.720001,75.830002,240.110001,140.199997,188.350006,99.43,82.190002,114.040001,83.459999,76.290001,83.650002,146.440002,149.520004,348.850006,12.4,65.360001,93.029999,165.229996,31.86776,90.110001,119.989998,51.25,37.23,50.57,155.779999,205.729996,42.947418,222.220001,47.34,55.599998,31.620001
2020-03-31,1949.719971,1161.949951,29.950001,155.009995,157.710007,285.130005,74.760002,229.504333,283.600006,166.800003,40.700001,269.269989,131.130005,14.04,263.600006,375.5,92.559998,249.380005,99.660004,141.550003,32.639999,64.18,106.360001,110,59.091366,89.849998,146.119995,156.369995,55.282448,143.979996,47.939999,39.419998,254.289993,36.139999,91.650002,51.950001,324.070007,75.070404,101.169998,22.209999,92.970001,78.579102,227.039993,88.5,43.82,113.620003,45.48,127.870003,67.800003,87.480003,7.94,118.610001,45.139591,42.060001,87.441093,173.25,107.860001,30.120001,28.530001,38.439999,17.219999,100.599998,139.380005,77.5,10.78,42.529999,15.42,28.26,155.830002,147.289993,67.650002,59.41,139.729996,74.244125,241.187042,55.509998,166.490005,42.25,99.230003,138.720001,59.36438,41.189846,57.099998,17.290001,161.119995,7.87,45.814342,302.549988,72.879997,237.100006,141.039993,183.600006,94.970001,81.190002,110.720001,80.879997,74.480003,78.209999,143.360001,143.740005,338.950012,12.3,64.010002,89.25,159.339996,30.650135,89.379997,112.989998,53.27,36.810001,48.290001,151.080002,202.550003,41.081856,211.5,46.240002,56.369999,30.25
2020-04-01,1907.699951,1102.099976,29.67,162.529999,152.110001,286.779999,72.510002,217.649933,275.200012,159.600006,38.619999,254.809998,128.809998,14.17,243.070007,364.079987,88.43,237.320007,91.620003,139.139999,31.75,63.799999,103.010002,109.330002,57.124302,83.730003,137,153.509995,54.369999,134.059998,47.709999,36.18,240.910004,35.16,87.150002,48.02,333.769989,72.341103,100.470001,20.209999,95.269997,76.248917,214.300003,86.230003,41.369999,114.139999,43.66,125.660004,62.790001,82.419998,7.04,116.330002,41.419998,39.889999,91.050003,174.660004,100.040001,30.5,27.799999,35.450001,16.459999,104.120003,140.779999,74.809998,9.91,39.93,13.5,26.709999,146.699997,142.289993,65.900002,56.119999,131.589996,70.533417,228.257034,53.470001,144.669998,39.259998,94.639999,136.419998,57.501572,39.529999,51,15.21,153.110001,7.52,45.635689,306.98999,69.519997,223.630005,136.490005,176.460007,88.080002,78.660004,106.879997,77.57,68.620003,75.989998,136.880005,131.610001,338.519989,11.25,62.490002,88.18,153.380005,28.384562,82.449997,103.709999,50.400002,33.48,44.970001,140.009995,192.770004,38.169998,197.550003,44.919998,54.84,28.49
2020-04-02,1918.829956,1117.030029,33.200001,159.320007,155.259995,291.480011,76.980003,224.734634,287.549988,158.190002,40.099998,266.380005,133.149994,14.71,255.470001,370.079987,91.139999,240.440002,99.800003,142.520004,32.869999,66.269997,103.279999,114.400002,60.38287,83.900002,121.93,156.160004,55.209999,134.320007,46.419998,35,244.929993,35.68,88.629997,49.939999,333.450012,74.02597,100.919998,21.07,94.360001,79.10688,211.389999,83.889999,40.959999,118.650002,44.490002,129.279999,64.980003,82.529999,6.9,119.510002,41.290001,41.09,92.779999,179.699997,104.779999,31.6,26.129999,34.799999,16.65,107.830002,142.990005,76.379997,9.65,40.470001,13.52,26.790001,152.160004,150.130005,68.019997,56.360001,132.699997,73.388573,238.511185,54.639999,149.580002,41.68,97.370003,142.179993,54.128384,39.529999,49.880001,15.03,157.389999,7.67,47.094685,314.290009,68.760002,237.059998,141.800003,174.240005,89.169998,82.220001,110.540001,79.389999,70.129997,79.290001,131.220001,132.440002,353.959991,11.59,58.939999,92.370003,149.210007,28.883587,83.370003,106.260002,52.419998,34.68,46.919998,142.949997,194.100006,38.400002,206.720001,45.389999,53.66,28.610001
2020-04-03,1906.589966,1092.699951,34.84,156.210007,153.830002,288.649994,78.209999,217.919357,282.209991,154.179993,38.5,260.75,134.169998,14.43,243.910004,361.76001,89.019997,229.490005,98.400002,141.330002,33.639999,67.650002,104.480003,115.080002,59.5881,81.830002,128.199997,150.110001,55.529999,134.309998,46.610001,34.32,241.410004,36.049999,87.940002,48.93,328.230011,72.29184,101.440002,22.940001,92.57,79.116837,203.300003,81.339996,41.560001,119.480003,42.59,129.919998,64.040001,81.459999,6.73,118.489998,39.5,41.220001,93.5,177.539993,102.720001,32.290001,29.049999,38.150002,16.52,105,141.649994,75.279999,9.13,39.810001,13.36,25.68,147.259995,152.970001,65.230003,54.599998,126.220001,70.931351,236.664032,55.439999,148.070007,40.759998,94.160004,139.660004,49.93,37.34,50.200001,14.4,151.850006,7.35,49.159107,313.609985,68.419998,234.259995,138.570007,178.080002,87.129997,81.419998,108.400002,76.019997,69.639999,75.059998,132.169998,127.940002,350.5,10.62,57.84,89.620003,154.080002,28.57419,80.300003,104.279999,52.16,32.75,45.150002,139.339996,194.639999,38.209999,208.789993,44.490002,52.700001,27.24
2020-04-06,1997.589966,1183.189941,34.639999,150.130005,165.270004,305.119995,77.730003,239.602524,304,165.550003,42.259998,269.309998,139.759995,15.34,268.399994,379.959991,91.290001,248.339996,102.239998,147.139999,34.57,68.860001,106.339996,117.809998,61.197514,93.580002,122.940002,156.809998,57.869999,147.550003,49.349998,41.02,262.470001,37.200001,94.889999,52.389999,338.519989,74.617165,107.879997,24.799999,97.510002,82.383087,225.720001,86.290001,46.169998,126.07,47.52,133.149994,73.980003,89.489998,7.23,121.290001,45.009998,46.369999,94.800003,181.380005,117.139999,32.630001,30.09,46.459999,17.67,109,147.740005,78.910004,9.71,42.16,16.299999,28.969999,157.389999,158.300003,70.949997,60.119999,140.630005,73.955627,265.529419,57.389999,165.660004,43.290001,103.629997,141.610001,57.560001,39.599998,51.82,16,169.440002,7.92,47.253487,332.329987,75.339996,252.440002,147.850006,191.850006,96.040001,84.93,114.169998,81.25,76.839996,82.089996,142.259995,148.5,367.950012,11.94,61.080002,94.889999,160.5,30.720001,89.800003,114.040001,55.549999,36.32,47.830002,159.320007,207.600006,43.310001,229.160004,47.189999,56.93,30.59
2020-04-07,2011.599976,1182.560059,32.02,141.25,163.490005,303.630005,74.669998,239.243301,296.579987,168.830002,40.779999,250.710007,137.479996,14.71,259.029999,372.279999,91.43,248.039993,95.57,145.800003,33.610001,67.010002,97.849998,112.769997,59.478817,98.610001,113.75,154.259995,56.900002,145.070007,47.880001,41.009998,259.429993,35.939999,92.599998,52.720001,333.959991,74.28215,106.690002,24.18,98.260002,81.586441,224.050003,87.199997,45.27,121.989998,47.560001,131.389999,73.339996,87.800003,7.03,120.059998,46.07,46.540001,93.910004,181.5,119.68,31.860001,33.16,47.689999,17.610001,108.379997,147.169998,82.089996,11.01,42.619999,16.549999,28.940001,159.110001,153.679993,72.730003,60.150002,130.759995,71.190002,258.679993,58.650002,165.789993,41.709999,98.419998,141.880005,57.759998,39.73,55.099998,17.370001,168.589996,7.86,46.389999,325.519989,75.709999,253.270004,145.759995,192.360001,97.449997,82.510002,112.269997,80.110001,74.699997,79.779999,149.589996,147.270004,355.279999,12,63.380001,93.5,163.169998,31.17,89.93,116.669998,56.130001,35.790001,48.029999,160.100006,209.139999,42.860001,228.710007,45.639999,57,31.700001
2020-04-08,2043,1207,32.419998,139.100006,165.130005,305.970001,74.989998,245.399994,307.149994,174.279999,42.669998,258.01001,143.259995,15.13,266.950012,371.119995,95.620003,267.829987,100.68,146.820007,34.599998,68.610001,100.690002,115.099998,60.670979,108.059998,117.809998,160.490005,58.25,151.119995,49.400002,46.560001,266.070007,35.91,95.440002,55.099998,343.829987,77.405571,109.18,25.629999,104.629997,84.593773,247.020004,88.330002,47.490002,121.839996,48.790001,132.639999,79.519997,87.809998,7.3,119.099998,47.25,48.290001,94.889999,181.039993,127.870003,31.02,32.040001,51,18.629999,112.529999,148.699997,84.470001,11.74,44.490002,17.25,30.690001,170.809998,155.160004,73.330002,65.150002,136.380005,74.699997,270.950012,61.220001,176.429993,42.799999,102.650002,146.220001,62.619999,40.98,57.75,18.120001,174.940002,8.38,46.16,329.670013,79.620003,261.100006,149.619995,196.649994,103.839996,84.480003,115.230003,85.5,75.809998,83.349998,157.770004,152.369995,361.410004,12.58,66.959999,95.699997,165.729996,31.940001,93,122.050003,58.560001,37.59,51.23,168.580002,214.589996,45.34,226.520004,50.41,61.82,33.73
2020-04-09,2042.76001,1206.569946,31.860001,146.660004,165.139999,300.01001,73.510002,252.100006,317.380005,175.190002,44.610001,275.269989,141.229996,15.43,262.950012,370.720001,99.849998,264.130005,100.459999,139.399994,35.389999,68.389999,98.059998,114.660004,60.06496,108.059998,124.510002,162.110001,58.91,154.550003,50.43,49.610001,267.98999,36.02,95.459999,56.459999,343.640015,78.578087,101.93,27.23,104.199997,85.679207,242.460007,87.809998,49.509998,121.800003,48.380001,131.490005,78.449997,92.449997,7.14,119.400002,49.59,46.130001,105.040001,184.210007,128.529999,31.059999,33.34,53.68,18.02,111.129997,148.259995,87.459999,13.1,48.32,18.52,32.16,179.860001,159.820007,71.580002,66.419998,135.550003,78.300003,269.399994,62.889999,182.720001,43.799999,105.199997,145.729996,64.709999,42.73,58.400002,18.290001,173.690002,8.34,47.75,336.649994,81.910004,254.300003,148.729996,201.220001,111.25,86.889999,115.480003,90.309998,79.339996,90.099998,166.240005,150.119995,371,12.79,68.709999,93.419998,164.830002,30.73,89.949997,130.529999,60.950001,39.150002,53.139999,185.690002,209.910004,45.049999,241.679993,51.52,67.019997,35.849998
2020-04-13,2168.870117,1210.410034,32.900002,154.130005,165.509995,299.619995,75.279999,250.089996,315.320007,174.789993,42.799999,273.26001,139.770004,15.4,269.850006,396.720001,96.75,263.51001,98.040001,139.990005,35.139999,68.099998,103.360001,115.949997,62.34,103.610001,135.919998,162.850006,58.919998,152.5,49.029999,47.57,273.25,35.869999,92.080002,54.669998,355.140015,79.120003,104.639999,27.32,104.68,85.489998,240.529999,85.449997,48.169998,125.300003,50.939999,132.710007,79.559998,96.559998,7.02,120,47.049999,46.169998,105.019997,185.470001,124.790001,31.33,35.27,55.439999,17.780001,110.739998,144.160004,83.440002,12.93,47.18,17.9,32.439999,174.660004,157.190002,73.300003,65.150002,137.5,77.010002,263.339996,59.509998,172.080002,42.849998,103.269997,144.419998,61.830002,41.630001,58.259998,17.469999,168.990005,7.99,48.5,338.850006,80.660004,259.920013,146.899994,197.910004,108.639999,86,115.989998,87.360001,76.389999,86.720001,157.630005,152.089996,369.940002,12.75,67.980003,93.309998,162.220001,32.43,90.470001,126.980003,59.439999,37.75,51.279999,170.410004,202.080002,43.759998,231.089996,50.68,63.310001,34.16
2020-04-14,2283.320068,1265.22998,34.66,157.330002,173.699997,314.140015,77.75,261.320007,326.369995,178.169998,44.299999,280.670013,146.029999,15.37,283.950012,413.549988,99.629997,270.5,104.010002,143.759995,36.439999,72.139999,106.839996,120.959999,63.279999,112.540001,141.889999,173.589996,60.040001,157.710007,50.689999,49.669998,287.049988,37.580002,95.57,56.66,358.26001,82.129997,109.349998,29.34,108.379997,89.139999,252.009995,89.419998,49.98,129,54.93,140.089996,81.940002,106.529999,6.93,122.779999,48.32,47.619999,105.209999,194.369995,126.489998,32.09,37.450001,57.66,18.65,113.260002,150.300003,85.050003,13.18,47.720001,19.34,31.91,180.800003,163.669998,77.550003,66.400002,157,79.800003,270.720001,62.830002,175.389999,44.93,108.110001,151.110001,65.07,43.139999,60.700001,17.719999,174.619995,7.81,50.07,348.790009,82.470001,267.630005,148.970001,206.880005,108.339996,88.25,120.709999,90.419998,77.639999,91.400002,167.830002,161.729996,380.029999,12.98,69.720001,100.510002,165,32.220001,95.690002,127.93,60.610001,39.07,53.619999,172.059998,207.309998,44.77,237.759995,51.810001,63.68,35.959999
2020-04-15,2307.679932,1257.300049,37.25,171.770004,171.880005,310.269989,74.629997,251.960007,325.829987,176.970001,42,291.690002,147.660004,15.35,280.839996,426.75,96.629997,281.679993,103.120003,145.089996,35.970001,72,111.459999,121.220001,65.709999,109.480003,151.559998,174.679993,59.459999,155.630005,50.07,47.470001,284.429993,36.849998,92.709999,55.220001,354.619995,81.82,109.849998,28.68,106.239998,90.940002,250.470001,88.330002,49.41,128.759995,54.990002,137.669998,78.57,113,6.5,123.5,46.099998,46.43,104.809998,195.639999,124.019997,32.029999,38.5,56.720001,18.219999,111.410004,147.130005,84.099998,12.16,44.639999,18.459999,30.309999,174.660004,160.169998,75.989998,69.019997,158.800003,75.889999,257.140015,60.799999,172.539993,45.189999,106.349998,151.179993,62.330002,40.43,55.91,16.950001,165.960007,7.6,50.5,344.290009,80.370003,257.440002,146.660004,196.809998,104.800003,86.889999,122.25,87.540001,74.349998,88.919998,162.360001,153.220001,374.380005,12.21,68.849998,98.089996,157.789993,31.110001,92.870003,121.510002,57.07,37.029999,51.5,161.889999,204.190002,42.650002,229.830002,50.02,58.25,34.209999
2020-04-16,2408.189941,1257.430054,40.599998,174.25,177.039993,321.559998,76.540001,257.440002,328.839996,176.25,42.830002,306.269989,149.669998,15.4,294.700012,439.170013,97.550003,298.429993,102.75,150.559998,35.880001,72.650002,118.199997,121.5,68.050003,108.32,150.259995,174.229996,59.560001,157.059998,50.060001,48.490002,286.690002,38.34,92.849998,55.759998,360.470001,81.860001,110.25,28.84,109.300003,96,271.839996,86.279999,48.119999,132.330002,56.950001,139.729996,77.559998,128,6.24,126.82,45.740002,45.529999,111.730003,196.490005,124.459999,31.950001,37.360001,59.720001,18.530001,112.900002,149.110001,85.769997,11.88,44.310001,16.940001,28.82,172.490005,161.320007,76.849998,72.849998,163.699997,76.589996,246.759995,62.509998,174.809998,46.549999,105.089996,154.729996,62.450001,41.209999,57.549999,16.74,162.419998,7.45,51.110001,346.23999,80.860001,258.290009,143.990005,201.600006,101.57,90.529999,122.989998,87.589996,74.669998,89.790001,162.149994,156.649994,377.880005,12.32,68.889999,97.940002,161.869995,31.09,95.010002,117.459999,58.5,37.099998,51.610001,161.360001,205.210007,41.080002,234.710007,48.5,58.57,34.610001
2020-04-17,2375,1279,46.849998,173.270004,178.600006,317.920013,83.989998,265.359985,331.579987,179.240005,43.360001,323.399994,152.020004,15.49,292.320007,422.959991,100.269997,290.559998,107.57,150.410004,36.91,73.550003,119.889999,124.690002,66.879997,115.660004,150.059998,181.119995,60.599998,162.619995,51.23,51.509998,282.799988,38.959999,99.279999,57.759998,362.970001,83.449997,112.959999,31.34,113.419998,96.010002,267.820007,89.190002,52,132.119995,56.599998,141.940002,80.339996,126.800003,6.84,124.440002,50.310001,45.700001,107.809998,193.5,131.570007,31.93,37.299999,61.060001,19.440001,112.970001,153.789993,88.040001,12.16,47.16,18.360001,30.690001,178.75,165.160004,76.169998,71.290001,166.059998,81.970001,259.970001,63.970001,189.509995,48.900002,110.699997,157.289993,66.07,42.150002,59.919998,17.17,169.539993,7.71,50.34,356.299988,84.220001,265.880005,149.889999,202.979996,105.849998,92.949997,124.870003,90.099998,77.230003,91.559998,162.699997,161.210007,401.51001,12.86,73.18,102,174.259995,31.67,95.400002,124.440002,58.490002,38.439999,52.869999,173.690002,210.020004,42.32,239.360001,51.48,61.470001,34.689999
2020-04-20,2419.310059,1269.790039,54.759998,180.990005,178.119995,315.924988,82.9701,266.820007,331.51001,179.369995,43.099998,325.445007,152.339996,16.32,293.369995,438.98349,99.944099,287.420013,107.709999,152.274994,36.895,73.889999,125.574997,122.269997,66.709999,111.860001,151,187.100006,62.5,163.320007,52,53.029999,280.082397,38.255001,100.581497,59.090099,371.925415,84.974998,114.230003,31.34,111.279999,99.569702,270.450012,89.779999,51.509998,132.080002,58.355,140.824493,79.769997,134,6.615,124.879997,50.389999,45.060001,111.959999,196.813507,130.664993,32.41,38.290901,65.330002,24.059999,113.120003,150.610001,87.589996,11.895,48.34,18.110001,30.440001,175.925003,165.520004,75.760002,70.209999,168.380005,81.699997,254.239502,62.82,190.070007,50.919998,105.730003,159.289993,66.839996,41.869999,60.139999,16.92,165.949997,7.83,52.040001,351.410004,82.114998,264.149994,148.298599,205.789993,102.699997,94.870003,126.084999,88.269997,74.620003,90.379997,160.710007,159.919998,394.540009,12.95,73.669998,103.550003,171.089996,31.1975,94.589996,124.290001,58.619999,37.695,51.195,177.949997,213.401398,40.98,239.800003,51.34,60.959999,34.939999
